run,step,source_filter,n_occurrences,n_trajectories,n_local_groups,mean_local_group_size,p50_local_group_size,p90_local_group_size,local_group_size_ge2_ratio,local_coverage,mean_abs_macro,mean_abs_local,median_abs_macro,median_abs_local,macro_abs_mass,local_abs_mass,local_magnitude_share,token_macro_abs_mass,token_local_abs_mass,token_local_magnitude_share,macro_local_sign_agreement,macro_local_sign_conflict,macro_local_pearson,macro_local_spearman,distinct_action_count_mean,distinct_action_singleton_group_ratio,distinct_action_ge3_group_ratio,source_occurrence_ratio
bace,1,all,6016,128.0,650.0,9.255384615384616,3.0,17.0,0.6707692307692308,0.8673537234042553,0.743297683087455,0.6230994376340645,0.46650591492652893,0.425846666097641,4471.678861454129,3748.566216806532,0.4560163573127552,409575.9771731645,345504.12712160475,0.45757281268097927,0.9591797623610578,0.040820237638942124,0.906789140233562,0.8765843906672489,4.3246153846153845,0.35384615384615387,0.46307692307692305,1.0
bace,1,root,6016,128.0,650.0,9.255384615384616,3.0,17.0,0.6707692307692308,0.8673537234042553,0.743297683087455,0.6230994376340645,0.46650591492652893,0.425846666097641,4471.678861454129,3748.566216806532,0.4560163573127552,409575.9771731645,345504.12712160475,0.45757281268097927,0.9591797623610578,0.040820237638942124,0.906789140233562,0.8765843906672489,4.3246153846153845,0.35384615384615387,0.46307692307692305,1.0
bace,1,branch_origin,0,,,,,,,,,,,,,,,,,,,,,,,,,
bace,1,branch_suffix,0,,,,,,,,,,,,,,,,,,,,,,,,,
bace,2,all,5824,128.0,715.0,8.145454545454545,3.0,14.0,0.6559440559440559,0.5885989010989011,0.4094971902323068,0.2763657014838153,0.15151655673980713,0.12598153948783875,2384.911635912955,1609.5538454417401,0.4029459893832581,242167.7784834355,160524.05589732737,0.3986275414403978,0.9795799299883314,0.020420070011668612,0.8474814817862357,0.8265784698361235,4.163636363636364,0.38181818181818183,0.4405594405594406,1.0
bace,2,root,5662,120.0,710.0,7.974647887323943,3.0,14.0,0.6535211267605634,0.5906040268456376,0.4068745745142645,0.2742308723336676,0.15151655673980713,0.12598153948783875,2303.7238408997655,1552.695199153226,0.40262616251679173,234160.55366535485,155226.20478908927,0.3986427412303744,0.979066985645933,0.020933014354066987,0.8460019850917493,0.8259754768849591,4.118309859154929,0.3845070422535211,0.43661971830985913,1.0
bace,2,branch_origin,8,8.0,8.0,1.0,1.0,1.0,0.0,0.375,0.9816683791577816,0.3936062902212143,0.16121040284633636,0.0,7.853347033262253,3.1488503217697144,0.28620194858886705,869.7792825102806,342.11154079437256,0.28229567731314525,1.0,0.0,0.7589921635790874,0.5,1.0,1.0,0.0,1.0
bace,2,branch_suffix,154,8.0,60.0,2.566666666666667,1.0,5.0,0.38333333333333336,0.525974025974026,0.47619771415537054,0.3487649088749638,0.1386679857969284,0.08005407452583313,73.33444797992706,53.70979596674442,0.42276449761304735,7137.445535570383,4955.739567443728,0.4097960566409057,1.0,0.0,0.8946163973164877,0.8584379003460906,2.066666666666667,0.6166666666666667,0.25,1.0
bace,3,all,6080,128.0,721.0,8.432732316227462,3.0,14.0,0.6588072122052705,0.4287828947368421,0.2768901594461089,0.1635391363126569,0.08849421888589859,0.0,1683.492169432342,994.3179487809539,0.3713175710324032,189064.4130980894,115986.7709392421,0.380220687571722,0.9873417721518988,0.012658227848101266,0.8222369262618276,0.5005036137024069,4.033287101248266,0.37586685159500693,0.4368932038834951,1.0
bace,3,root,5958,123.0,711.0,8.379746835443038,3.0,14.0,0.6582278481012658,0.43303121852970794,0.2791498417197938,0.16584730302129028,0.08849421888589859,0.0,1663.1747569665313,988.1182314008474,0.37269295990154355,186665.92356933653,115222.67111561075,0.38167281952422816,0.9872093023255814,0.012790697674418604,0.8220930670572882,0.505333898169862,4.032348804500703,0.37412095639943743,0.43319268635724334,1.0
bace,3,branch_origin,5,5.0,5.0,1.0,1.0,1.0,0.0,0.0,0.09338363111019135,0.0,0.088494211435318,0.0,0.4669181555509567,0.0,0.0,50.439128160476685,0.0,0.0,0.0,0.0,0.0,0.0,1.0,1.0,0.0,1.0
bace,3,branch_suffix,117,5.0,45.0,2.6,2.0,6.200000000000003,0.5333333333333333,0.23076923076923078,0.16966234453213522,0.05298903743680726,0.08849421888589859,0.0,19.85049431025982,6.199717380106449,0.2379910556503828,2348.0504005923867,764.0998236313462,0.2455215103962201,1.0,0.0,0.9992373236670545,-0.18685326728081583,1.8888888888888888,0.5777777777777777,0.15555555555555556,1.0
bace,4,all,5888,128.0,601.0,9.797004991680533,2.0,17.0,0.6422628951747088,0.5224184782608695,0.36354133736218186,0.24676123119997614,0.08659303188323975,0.0739121362566948,2140.5313943885267,1452.9301293054596,0.4043260571249652,194740.98746299744,129766.20847248752,0.39988699818627826,0.9886215864759428,0.011378413524057216,0.7920377727778894,0.918445982156912,4.207986688851913,0.40266222961730447,0.4292845257903494,1.0
bace,4,root,5871,126.0,600.0,9.785,2.0,17.0,0.6433333333333333,0.5215465849088742,0.3643636707456986,0.24721874426123946,0.08659303188323975,0.0739121362566948,2139.1791109479964,1451.421247557737,0.4042280127665784,194629.7820364535,129636.07373891491,0.39978329950569597,0.988569562377531,0.011430437622468974,0.7920415179809792,0.9191383925144425,4.205,0.40166666666666667,0.43,1.0
bace,4,branch_origin,2,2.0,2.0,1.0,1.0,1.0,0.0,0.5,0.07954608276486397,0.09622005373239517,0.07954608276486397,0.09622005373239517,0.15909216552972794,0.19244010746479034,0.5474322622641359,16.943315610289574,20.975971713662148,0.5531742074807434,1.0,0.0,0.0,0.0,1.0,1.0,0.0,1.0
bace,4,branch_suffix,15,2.0,4.0,3.75,2.0,7.900000000000001,0.5,0.8666666666666667,0.07954608500003815,0.08776277601718903,0.07954608649015427,0.0739121362566948,1.1931912750005722,1.3164416402578354,0.5245554567974582,94.26211093366146,109.15876185894012,0.5366153451235693,1.0,0.0,-0.3427530813818402,-0.3413145579785453,3.0,0.5,0.5,1.0
bace,5,all,5888,128.0,589.0,9.99660441426146,3.0,19.0,0.6960950764006791,0.49490489130434784,0.343374284022265,0.24034780065670455,0.07052475959062576,0.0,2021.7877843230963,1415.1678502666764,0.4117503979464627,201430.76309563965,141422.600084275,0.41248713086143046,0.9450926561427591,0.05490734385724091,0.8562123125244141,0.7796540709007316,4.361629881154499,0.3531409168081494,0.45161290322580644,1.0
bace,5,root,5795,125.0,587.0,9.872231686541738,3.0,19.0,0.6916524701873935,0.4954270923209664,0.34776042809804725,0.2434426120422922,0.07052475959062576,0.0,2015.271680828184,1410.7499367850833,0.41177496648952255,200817.08348980919,140971.80256712437,0.4124528570646442,0.9442702890978754,0.055729710902124696,0.8562122474441928,0.7808804602461613,4.330494037478705,0.35604770017035775,0.44804088586030666,1.0
bace,5,branch_origin,3,3.0,3.0,1.0,1.0,1.0,0.0,0.3333333333333333,0.06332265213131905,0.023334667086601257,0.051977526396512985,0.0,0.18996795639395714,0.07000400125980377,0.2692752014152546,18.293913651257753,11.340648204088211,0.3826831744449098,1.0,0.0,0.0,0.0,1.0,1.0,0.0,1.0
bace,5,branch_suffix,90,3.0,29.0,3.103448275862069,1.0,6.199999999999999,0.4482758620689655,0.4666666666666667,0.07029039487242698,0.04831010533703698,0.08670148253440857,0.0,6.326135538518429,4.347909480333328,0.40733475197583907,595.385692179203,439.4568689465523,0.4246606058302124,1.0,0.0,0.989434354444807,0.3123367662768435,2.0689655172413794,0.6206896551724138,0.13793103448275862,1.0
bace,6,all,6208,128.0,652.0,9.521472392638037,3.0,16.0,0.7177914110429447,0.2506443298969072,0.16729032493150822,0.10389702413981608,0.049927618354558945,0.0,1038.538337174803,644.9927258599782,0.38311899318168535,106275.36173566058,65690.92641446716,0.3819988622253597,0.9897172236503856,0.010282776349614395,0.8095521633534072,0.8806784896382728,4.447852760736196,0.3159509202453988,0.4815950920245399,1.0
bace,6,root,6208,128.0,652.0,9.521472392638037,3.0,16.0,0.7177914110429447,0.2506443298969072,0.16729032493150822,0.10389702413981608,0.049927618354558945,0.0,1038.538337174803,644.9927258599782,0.38311899318168535,106275.36173566058,65690.92641446716,0.3819988622253597,0.9897172236503856,0.010282776349614395,0.8095521633534072,0.8806784896382728,4.447852760736196,0.3159509202453988,0.4815950920245399,1.0
bace,6,branch_origin,0,,,,,,,,,,,,,,,,,,,,,,,,,
bace,6,branch_suffix,0,,,,,,,,,,,,,,,,,,,,,,,,,
bace,7,all,5760,128.0,704.0,8.181818181818182,3.0,16.0,0.6477272727272727,0.4401041666666667,0.4237843790576638,0.2748472096367752,0.29721856117248535,0.0,2440.9980233721435,1583.1199275078252,0.3934079335725331,209235.84847615287,134322.06806367263,0.3909735785351985,0.9790927021696253,0.020907297830374753,0.7613081542253725,0.8479620255158294,4.048295454545454,0.3849431818181818,0.44176136363636365,1.0
bace,7,root,5760,128.0,704.0,8.181818181818182,3.0,16.0,0.6477272727272727,0.4401041666666667,0.4237843790576638,0.2748472096367752,0.29721856117248535,0.0,2440.9980233721435,1583.1199275078252,0.3934079335725331,209235.84847615287,134322.06806367263,0.3909735785351985,0.9790927021696253,0.020907297830374753,0.7613081542253725,0.8479620255158294,4.048295454545454,0.3849431818181818,0.44176136363636365,1.0
bace,7,branch_origin,0,,,,,,,,,,,,,,,,,,,,,,,,,
bace,7,branch_suffix,0,,,,,,,,,,,,,,,,,,,,,,,,,
bace,8,all,5888,128.0,679.0,8.671575846833578,3.0,15.0,0.6450662739322534,0.40726902173913043,0.3068372255599926,0.2081137527527418,0.07061265408992767,0.0,1806.6575840972364,1225.3737762081437,0.4041428437220142,155471.12622207403,104744.07861908618,0.4025286634692379,0.9712260216847373,0.028773978315262717,0.7941756956249478,0.8658474883064071,4.220913107511046,0.38880706921944036,0.45508100147275404,1.0
bace,8,root,5888,128.0,679.0,8.671575846833578,3.0,15.0,0.6450662739322534,0.40726902173913043,0.3068372255599926,0.2081137527527418,0.07061265408992767,0.0,1806.6575840972364,1225.3737762081437,0.4041428437220142,155471.12622207403,104744.07861908618,0.4025286634692379,0.9712260216847373,0.028773978315262717,0.7941756956249478,0.8658474883064071,4.220913107511046,0.38880706921944036,0.45508100147275404,1.0
bace,8,branch_origin,0,,,,,,,,,,,,,,,,,,,,,,,,,
bace,8,branch_suffix,0,,,,,,,,,,,,,,,,,,,,,,,,,
bace,9,all,5696,128.0,684.0,8.32748538011696,3.0,14.0,0.652046783625731,0.4454002808988764,0.33239232595444895,0.22413982844566976,0.07061265408992767,0.0,1893.3066886365414,1276.700462826535,0.4027437169147362,178330.979791753,118898.03103630026,0.40002162206529257,0.8967284193929839,0.10327158060701616,0.766214926466859,0.7495124844805949,4.090643274853801,0.38742690058479534,0.43567251461988304,1.0
bace,9,root,5599,122.0,683.0,8.197657393850658,3.0,14.0,0.6456808199121523,0.4398999821396678,0.3221135551788899,0.21591741358304228,0.07061265408992767,0.0,1803.5137954466045,1208.9215986514537,0.4013103819653573,170034.25771835446,112538.37246395429,0.3982635274737945,0.8948436865611044,0.10515631343889566,0.7677941767586648,0.7434077873263336,4.049780380673499,0.3923865300146413,0.43191800878477304,1.0
bace,9,branch_origin,6,6.0,6.0,1.0,1.0,1.0,0.0,0.6666666666666666,1.921409726763765,0.5394922743240992,0.8474599719047546,0.41872353851795197,11.52845836058259,3.2369536459445953,0.2192254198198771,1126.119096700102,343.56328454613686,0.23376702948211645,0.75,0.25,0.7539186065760769,0.7999999999999999,1.0,1.0,0.0,1.0
bace,9,branch_suffix,91,5.0,29.0,3.1379310344827585,2.0,6.199999999999999,0.5517241379310345,0.7692307692307693,0.8600487343885086,0.7092517640564467,0.4299832582473755,0.3816901743412018,78.26443482935429,64.54191052913666,0.4519540806615754,7170.602976698428,6016.095287799835,0.45622453529528295,0.9714285714285714,0.02857142857142857,0.8144835047360741,0.8339124124620652,2.2413793103448274,0.5862068965517241,0.3103448275862069,1.0
bace,10,all,6016,128.0,737.0,8.162822252374491,3.0,14.0,0.6770691994572592,0.3259640957446808,0.2839128193798465,0.19174013436769355,0.0498654767870903,0.0,1708.0195213891566,1153.5086483560444,0.4031093108053365,161773.13153553382,108654.48013827222,0.4017876705183971,0.9607343192248853,0.03926568077511474,0.7629617855615054,0.8721525123241127,4.006784260515603,0.36092265943012214,0.4314789687924016,1.0
bace,10,root,5966,125.0,737.0,8.094979647218453,3.0,14.0,0.6770691994572592,0.32349983238350655,0.28273293098289315,0.19067536865267587,0.0498654767870903,0.0,1686.7846662439406,1137.5692493818642,0.4027714951331825,159939.58811721578,107238.62561333197,0.4013748880044663,0.9601036269430052,0.03989637305699482,0.7624341596861028,0.8730436849325055,3.985074626865672,0.3622795115332429,0.4314789687924016,1.0
bace,10,branch_origin,3,3.0,3.0,1.0,1.0,1.0,0.0,1.0,0.971151222785314,1.2731552322705586,1.0848208665847778,1.1499470472335815,2.9134536683559418,3.819465696811676,0.5672822574663379,285.67791336774826,414.7058575153351,0.592112317212105,1.0,0.0,0.7938060325182337,0.5,1.0,1.0,0.0,1.0
bace,10,branch_suffix,47,2.0,13.0,3.6153846153846154,1.0,10.200000000000006,0.46153846153846156,0.5957446808510638,0.3898170526991499,0.25787092079507545,0.31306105852127075,0.2565559148788452,18.321401476860046,12.119933277368546,0.3981406654872311,1547.865504950285,1001.1486674249172,0.39275916088455265,1.0,0.0,0.9577443609230886,0.3521271533516143,2.3076923076923075,0.6153846153846154,0.15384615384615385,1.0
bace,11,all,5568,128.0,615.0,9.053658536585365,2.0,18.0,0.6487804878048781,0.44701867816091956,0.268368116369867,0.24566857560007363,0.049990005791187286,0.0,1494.2736719474196,1367.88262894121,0.4779203108217799,131809.10461460054,118525.34786236333,0.4734679812930272,0.963319578175149,0.036680421824850984,0.8319196055063648,0.7455815303992895,4.136585365853659,0.4,0.41788617886178864,1.0
bace,11,root,5509,125.0,613.0,8.986949429037521,2.0,18.0,0.6492659053833605,0.4416409511708114,0.26583180389114985,0.24134109105025095,0.049990005791187286,0.0,1464.4674076363444,1329.5480705958325,0.47585565683303255,129382.31338392198,115319.81491933437,0.47126608877067033,0.9639513108614233,0.03604868913857678,0.8344020323513939,0.7510084809026463,4.123980424143556,0.399673735725938,0.41435562805872755,1.0
bace,11,branch_origin,3,3.0,3.0,1.0,1.0,1.0,0.0,1.0,0.4738165537516276,0.9549184143543243,0.31096911430358887,1.0078787803649902,1.4214496612548828,2.864755243062973,0.6683663770195388,88.88521313667297,180.43852519989014,0.6699688869400834,1.0,0.0,1.0,0.9999999999999999,1.0,1.0,0.0,1.0
bace,11,branch_suffix,56,3.0,16.0,3.5,1.5,6.0,0.5,0.9464285714285714,0.506871690175363,0.6333893411127585,0.3109690845012665,0.2367057502269745,28.384814649820328,35.46980310231447,0.5554774948304828,2337.9060175418854,3025.0944178290665,0.564067531652144,0.9302325581395349,0.06976744186046512,0.7105059338004919,0.5488530954588275,2.0,0.5,0.25,1.0
bace,12,all,5824,128.0,757.0,7.693527080581242,2.0,13.399999999999977,0.6340819022457067,0.25154532967032966,0.21332478588945897,0.13054914012836588,0.049927618354558945,0.0,1242.403553020209,760.318192107603,0.3796424510580624,124472.29792230204,70218.19332714193,0.36066575658888256,0.9890784982935154,0.010921501706484642,0.8000610656458446,0.8282901286492175,3.9484808454425364,0.39233817701453105,0.41215323645970936,1.0
bace,12,root,5646,120.0,741.0,7.619433198380567,2.0,14.0,0.6302294197031039,0.2453064116188452,0.21267918499369404,0.12862225823015966,0.049927618354558945,0.0,1200.7866784743965,726.2012699674815,0.3768582312902747,121056.10003807023,67435.48781065457,0.35776391180266026,0.9884476534296028,0.011552346570397111,0.7987083096518348,0.83860964682732,3.932523616734143,0.3940620782726046,0.41025641025641024,1.0
bace,12,branch_origin,8,8.0,8.0,1.0,1.0,1.0,0.0,0.5,0.5586356818675995,0.4659791849553585,0.3518240302801132,0.1479574292898178,4.469085454940796,3.727833479642868,0.4547847196480487,421.2456975877285,336.5398926138878,0.44410964917444207,1.0,0.0,0.9968756330605456,1.0,1.0,1.0,0.0,1.0
bace,12,branch_suffix,170,7.0,51.0,3.3333333333333335,1.0,4.0,0.4117647058823529,0.4470588235294118,0.21851640641689302,0.17875934506163876,0.3518240451812744,0.0,37.14778909087181,30.389088660478592,0.4499628894951472,2994.9521866440773,2446.165623873472,0.44957042083247906,1.0,0.0,0.616144334783738,0.10346784446953727,2.4313725490196076,0.5882352941176471,0.23529411764705882,1.0
bace,13,all,5760,128.0,664.0,8.674698795180722,2.0,15.700000000000045,0.6506024096385542,0.3637152777777778,0.2899127977466883,0.19721383317741534,0.07061264663934708,0.0,1669.8977150209248,1135.9516791019123,0.4048512658880725,155668.3458428681,99507.57092773216,0.3899567490030344,0.958472553699284,0.04152744630071599,0.8064500836388345,0.8573125037775549,4.0602409638554215,0.39156626506024095,0.42771084337349397,1.0
bace,13,root,5601,122.0,662.0,8.460725075528702,2.0,15.0,0.6465256797583081,0.3595786466702375,0.2919996528959587,0.1976348351228848,0.07061264663934708,0.0,1635.4900558702648,1106.9527115232777,0.40363748869601435,152751.96029821038,97039.20181297557,0.3884813257315401,0.958291956305859,0.041708043694141016,0.8074432678781596,0.8572291648265339,4.007552870090635,0.3957703927492447,0.4244712990936556,1.0
bace,13,branch_origin,6,6.0,6.0,1.0,1.0,1.0,0.0,0.5,0.6715276204049587,0.29754579067230225,0.2859170660376549,0.1821436583995819,4.029165722429752,1.7852747440338135,0.3070415381033798,331.55588671565056,144.9387373328209,0.3041770673116276,1.0,0.0,0.9177290096342832,1.0,1.0,1.0,0.0,1.0
bace,13,branch_suffix,153,6.0,49.0,3.122448979591837,2.0,8.400000000000006,0.5102040816326531,0.5098039215686274,0.19855224462895613,0.17786727342876343,0.1727803349494934,0.12081754952669144,30.378493428230286,27.213692834600806,0.4725240453697368,2584.8296579420567,2323.4303774237633,0.47337149227681335,0.9615384615384616,0.038461538461538464,0.7422557702723207,0.6952974321872206,2.3877551020408165,0.5306122448979592,0.24489795918367346,1.0
bace,14,all,5824,128.0,770.0,7.5636363636363635,2.0,13.0,0.6064935064935065,0.2688873626373626,0.24965364312059707,0.17507406715066992,0.0,0.0,1453.9828175343573,1019.6313670855016,0.4122030725022692,139999.3710380271,96909.53000382893,0.40905820582362745,0.9578544061302682,0.0421455938697318,0.7992699466024633,0.8578636998958087,3.8337662337662337,0.42207792207792205,0.3948051948051948,1.0
bace,14,root,5750,124.0,767.0,7.496740547588005,2.0,13.0,0.6049543676662321,0.2674782608695652,0.2462686971069678,0.17215329977837593,0.0,0.0,1416.0450083650649,989.8814737256616,0.41143463073130315,136664.70296049863,94299.678804731,0.4082866721007424,0.9609882964889467,0.03901170351105332,0.8047591078420685,0.8628834974701655,3.821382007822686,0.423728813559322,0.3898305084745763,1.0
bace,14,branch_origin,4,4.0,4.0,1.0,1.0,1.0,0.0,0.75,0.9991086572408676,0.3716865759342909,1.0614466965198517,0.06129574403166771,3.9964346289634705,1.4867463037371635,0.2711466796344844,318.79102939367294,103.55794227868319,0.2451952040243622,0.3333333333333333,0.6666666666666666,-0.6185396761092072,-0.5,1.0,1.0,0.0,1.0
bace,14,branch_suffix,70,3.0,27.0,2.5925925925925926,1.0,4.0,0.3333333333333333,0.35714285714285715,0.48487677914755684,0.40375924365861077,0.0,0.0,33.94137454032898,28.263147056102753,0.4543584024239738,3015.8770481348038,2506.293256819248,0.4538601887324628,0.84,0.16,0.34795821889605183,0.15147481487279463,1.8148148148148149,0.7037037037037037,0.14814814814814814,1.0
bace,15,all,5760,128.0,827.0,6.964933494558646,2.0,13.0,0.6360338573155986,0.46927083333333336,0.3971821602983659,0.28155838737911837,0.22810116410255432,0.0,2287.7692433185875,1621.7763113037217,0.4148247638107895,203091.20501386002,145645.0991274293,0.41763675705074194,0.9777950915465524,0.022204908453447605,0.8021080043467239,0.8104741470209024,3.688029020556227,0.3966142684401451,0.3893591293833132,1.0
bace,15,root,5636,124.0,824.0,6.839805825242719,2.0,12.700000000000045,0.633495145631068,0.46202980837473384,0.39620226161650957,0.2799756190585646,0.22810116410255432,0.0,2232.995946470648,1577.94258901407,0.41405616341523316,197899.0311969705,141625.0941033985,0.41712822020557777,0.9770161290322581,0.022983870967741935,0.8007618180267143,0.8039577508245245,3.645631067961165,0.39927184466019416,0.38349514563106796,1.0
bace,15,branch_origin,4,4.0,4.0,1.0,1.0,1.0,0.0,1.0,0.3931455537676811,0.7099800333380699,0.40139536559581757,0.6834315359592438,1.5725822150707245,2.8399201333522797,0.6436076196914893,135.5014760196209,295.8309300839901,0.6858537079472935,1.0,0.0,0.41636407250973334,0.5,1.0,1.0,0.0,1.0
bace,15,branch_suffix,120,4.0,34.0,3.5294117647058822,2.0,5.699999999999999,0.5294117647058824,0.7916666666666666,0.4433392886072397,0.34161501796916127,0.5746895670890808,0.34957027435302734,53.20071463286877,40.99380215629935,0.4352036992562288,5056.672340869904,3724.1740939468145,0.42412472665279544,1.0,0.0,0.7526372369226129,0.7558625150890118,2.3823529411764706,0.5,0.23529411764705882,1.0
bace,16,all,5888,128.0,816.0,7.215686274509804,2.0,12.0,0.633578431372549,0.3529211956521739,0.2922827074906546,0.19141194922343382,0.049927618354558945,0.0,1720.9605817049742,1127.0335570275784,0.39572888922065813,166825.27362916246,108104.23161012866,0.3932070932730108,0.9850818094321463,0.014918190567853706,0.7953064504288809,0.9012234567681094,3.8026960784313726,0.41911764705882354,0.39215686274509803,1.0
bace,16,root,5608,118.0,796.0,7.045226130653266,2.0,12.0,0.6293969849246231,0.3363052781740371,0.27337299945289945,0.17677377420245072,0.049927618354558945,0.0,1533.0757809318602,991.3473257273436,0.39270252403896044,149033.12804068252,95113.50022108294,0.3895753174977521,0.9840933191940615,0.015906680805938492,0.7892656516064045,0.8924620447690372,3.757537688442211,0.4221105527638191,0.3907035175879397,1.0
bace,16,branch_origin,10,10.0,10.0,1.0,1.0,1.0,0.0,0.5,0.6323909003287553,0.3038036435842514,0.45421600341796875,0.190363809466362,6.323909003287554,3.038036435842514,0.324509094353843,689.6718859262764,252.27036499977112,0.2678193538422949,1.0,0.0,0.7831372623953458,0.6,1.0,1.0,0.0,1.0
bace,16,branch_suffix,270,10.0,69.0,3.9130434782608696,2.0,8.200000000000003,0.5362318840579711,0.6925925925925925,0.6724477472956534,0.4912896106088603,0.4919286072254181,0.3807275891304016,181.5608917698264,132.64819486439228,0.42216536856176934,17102.47370255366,12738.461024045944,0.42687875365683964,0.9946524064171123,0.0053475935828877,0.9282566452929589,0.8672234930337828,2.5942028985507246,0.5072463768115942,0.2898550724637681,1.0
bace,17,all,5696,128.0,844.0,6.748815165876778,2.0,12.0,0.6220379146919431,0.2989817415730337,0.280159230888141,0.18197210707238698,0.0498654805123806,0.0,1595.7869791388512,1036.5131218843162,0.39376707902014146,146449.39758211747,95622.36115342379,0.3950165919928288,0.9763092269326683,0.02369077306733167,0.721772052347207,0.8201571010059239,3.631516587677725,0.41232227488151657,0.3767772511848341,1.0
bace,17,root,5668,125.0,844.0,6.7156398104265405,2.0,12.0,0.6220379146919431,0.2964008468595625,0.2796598525288013,0.18109402847827932,0.0498654805123806,0.0,1585.112044133246,1026.4409534148872,0.393038530858292,145411.9515256174,94677.19062513113,0.3943418256111086,0.9759949463044851,0.024005053695514846,0.7212065352445661,0.8208645155335557,3.6208530805687205,0.41232227488151657,0.3755924170616114,1.0
bace,17,branch_origin,3,3.0,3.0,1.0,1.0,1.0,0.0,0.6666666666666666,0.18288230150938034,0.32288899024327594,0.05291561037302017,0.39131689071655273,0.548646904528141,0.9686669707298279,0.6384090902513494,42.11493283510208,58.58833718299866,0.5817918045011569,1.0,0.0,0.0,0.0,1.0,1.0,0.0,1.0
bace,17,branch_suffix,25,3.0,11.0,2.272727272727273,1.0,2.0,0.45454545454545453,0.84,0.4050515240430832,0.36414005994796755,0.49573129415512085,0.310001403093338,10.12628810107708,9.103501498699188,0.47340619362806924,995.3311236649752,886.5821911096573,0.47110681674295346,1.0,0.0,0.0526437680757942,-0.08938534383326366,1.8181818181818181,0.5454545454545454,0.09090909090909091,1.0
bace,18,all,5568,128.0,781.0,7.12932138284251,2.0,14.0,0.615877080665813,0.43516522988505746,0.36144166251767595,0.26964964119542856,0.07070086896419525,0.0,2012.5071768984199,1501.4092021761462,0.42727516542996413,193432.06094926223,139897.61613173923,0.41969745195457986,0.9386422976501305,0.06135770234986945,0.7601004589662547,0.8264694565925781,3.7567221510883484,0.41613316261203587,0.4084507042253521,1.0
bace,18,root,5478,124.0,778.0,7.041131105398458,2.0,14.0,0.6169665809768637,0.43227455275648047,0.36133080912810384,0.2666810765152157,0.07070086896419525,0.0,1979.3701724037528,1460.8789371503517,0.424643358846679,190143.55970227346,135742.25663086912,0.4165331837949774,0.937555358724535,0.062444641275465014,0.7579972501178691,0.8210274627279325,3.7352185089974292,0.41516709511568123,0.4074550128534704,1.0
bace,18,branch_origin,4,4.0,4.0,1.0,1.0,1.0,0.0,0.5,0.39830397069454193,0.5056730359792709,0.3876435458660126,0.4554087221622467,1.5932158827781677,2.0226921439170837,0.559387055473631,102.91167038679123,134.502967774868,0.566531907284008,1.0,0.0,0.0,0.0,1.0,1.0,0.0,1.0
bace,18,branch_suffix,86,4.0,21.0,4.095238095238095,2.0,10.0,0.5714285714285714,0.6162790697674418,0.36678823967312657,0.4477624753706677,0.0,0.6602707505226135,31.543788611888885,38.50757288187742,0.5497048459979406,3185.589576601982,4020.8565330952406,0.557952765050813,1.0,0.0,0.13627464295153915,0.3532016490120788,2.5714285714285716,0.47619047619047616,0.38095238095238093,1.0
bace,19,all,5824,128.0,894.0,6.514541387024608,2.0,12.0,0.5917225950782998,0.3174793956043956,0.2919559993232334,0.18541568500162672,0.049927618354558945,0.0,1700.3517400585115,1079.860949449474,0.3884094743990888,151133.4691438675,95535.29161443026,0.3873019482513313,0.9718766901027582,0.028123309897241752,0.7356576987126573,0.83971890211656,3.634228187919463,0.45302013422818793,0.3825503355704698,1.0
bace,19,root,5698,120.0,888.0,6.416666666666667,2.0,12.0,0.5923423423423423,0.3232713232713233,0.2958754241687503,0.18863285580675634,0.049927618354558945,0.0,1685.8981669135392,1074.8300123868976,0.3893284461852587,150162.19786804914,95222.84716524766,0.38805481056242314,0.9723127035830619,0.02768729641693811,0.7366101895752265,0.8384359069560602,3.606981981981982,0.4527027027027027,0.38175675675675674,1.0
bace,19,branch_origin,8,8.0,8.0,1.0,1.0,1.0,0.0,0.375,0.8785841926001012,0.4013806751463562,0.02830192632973194,0.0,7.02867354080081,3.21104540117085,0.31358725951048894,329.4937008135021,153.33616755530238,0.3175780489167622,0.6666666666666666,0.3333333333333333,0.4654151614508838,0.0,1.0,1.0,0.0,1.0
bace,19,branch_suffix,118,8.0,33.0,3.5757575757575757,1.0,6.400000000000002,0.48484848484848486,0.03389830508474576,0.06292287800145352,0.015422810689877655,0.0,0.0,7.4248996041715145,1.8198916614055634,0.19685589529551864,641.7775750048459,159.1082816272974,0.19866536574434426,1.0,0.0,0.9999999999999993,1.0,2.4545454545454546,0.6060606060606061,0.21212121212121213,1.0
bace,20,all,5056,128.0,583.0,8.672384219554031,3.0,16.0,0.692967409948542,0.3492879746835443,0.2629657809466383,0.2182162286060449,0.04992762207984924,0.0,1329.5549884662032,1103.301251832163,0.45350038919556274,120447.58560897037,97476.51262790617,0.44729570257049917,0.92578125,0.07421875,0.7124053469157657,0.8003317277656132,4.125214408233276,0.34991423670668953,0.4631217838765009,1.0
bace,20,root,4766,113.0,562.0,8.480427046263346,3.0,15.900000000000034,0.6921708185053381,0.33214435585396557,0.24830407233603152,0.20478221103723895,0.04992762207984924,0.0,1183.4172087535262,975.9920178034808,0.451971773483443,106906.62755943462,85222.27749841753,0.44356822557624087,0.9216524216524217,0.07834757834757834,0.7077364274230453,0.7979982527121574,4.097864768683274,0.3469750889679715,0.45907473309608543,1.0
bace,20,branch_origin,15,15.0,15.0,1.0,1.0,1.0,0.0,0.8,0.8367805540561676,0.40109341541926063,0.15746605396270752,0.40823835134506226,12.551708310842514,6.01640123128891,0.324017973808117,1111.0058849453926,483.75901529192924,0.30334190025121527,0.75,0.25,0.6973959340512729,0.4761904761904762,1.0,1.0,0.0,1.0
bace,20,branch_suffix,275,15.0,94.0,2.925531914893617,1.0,7.0,0.425531914893617,0.6218181818181818,0.48576753237030723,0.4410648465359753,0.1574660688638687,0.23580974340438843,133.5860714018345,121.2928327973932,0.4758841583161525,12429.952164590359,11770.476114196703,0.4863747029020201,0.9838709677419355,0.016129032258064516,0.7642107708592382,0.7516449791199852,2.1382978723404253,0.5957446808510638,0.1702127659574468,1.0
bace,21,all,5696,128.0,798.0,7.137844611528822,2.0,12.0,0.6265664160401002,0.34515449438202245,0.2892500236211868,0.19552278496039538,0.04980355128645897,0.0,1647.56813454628,1113.697783134412,0.40332869645160985,153517.81266075745,103732.33834936889,0.4032352865180071,0.9582909460834181,0.04170905391658189,0.8456485834468673,0.8613791023165072,3.7832080200501252,0.4298245614035088,0.39097744360902253,1.0
bace,21,root,5415,117.0,786.0,6.8893129770992365,2.0,12.0,0.6310432569974554,0.34035087719298246,0.2910890471351884,0.19472374502330372,0.04980355128645897,0.0,1576.2471902370453,1054.4290793011896,0.4008205386238095,146867.9822687842,98463.30281030806,0.4013483350831693,0.9555073250135648,0.04449267498643516,0.8454859367684482,0.8716016298783298,3.717557251908397,0.42366412213740456,0.3880407124681934,1.0
bace,21,branch_origin,11,11.0,11.0,1.0,1.0,1.0,0.0,0.6363636363636364,0.8349247954108499,0.8756355182691054,0.41672283411026,0.5773494839668274,9.184172749519348,9.63199070096016,0.5118998209336978,1019.15902364254,807.3077328503132,0.44200516104683435,1.0,0.0,0.8801525034440091,0.8468812149338255,1.0,1.0,0.0,1.0
bace,21,branch_suffix,270,9.0,59.0,4.576271186440678,2.0,14.0,0.559322033898305,0.42962962962962964,0.2301361909619084,0.1838396782676379,0.28068846464157104,0.0,62.13677155971527,49.63671313226223,0.4440830781025515,5630.671368330717,4461.727806210518,0.44208792468945635,1.0,0.0,0.8399473095419624,0.08241238072617883,2.9491525423728815,0.5254237288135594,0.4067796610169492,1.0
bace,22,all,5184,128.0,777.0,6.671814671814672,2.0,13.0,0.6486486486486487,0.5098379629629629,0.486522969888253,0.3305774728485534,0.35351717472076416,0.09128697216510773,2522.1350759007037,1713.7136192469006,0.4045738510938912,217873.07429031655,148105.60510578618,0.4046836972857915,0.9678395762391222,0.03216042376087779,0.783977997729427,0.8460421516910658,3.516087516087516,0.40283140283140284,0.38738738738738737,1.0
bace,22,root,5095,121.0,776.0,6.565721649484536,2.0,12.0,0.6378865979381443,0.5061825318940137,0.4801067383332915,0.32530785065663587,0.35351717472076416,0.09128697216510773,2446.14383180812,1657.4434990955597,0.4039011151568601,210912.307725247,143237.2534466298,0.40445413223910087,0.9678169833268708,0.03218301667312912,0.783702238080519,0.8448316614369338,3.4858247422680413,0.41237113402061853,0.38273195876288657,1.0
bace,22,branch_origin,7,7.0,7.0,1.0,1.0,1.0,0.0,0.42857142857142855,1.1873387481485094,0.5178834540503365,1.0229825973510742,0.0,8.311371237039566,3.625184178352356,0.3037043813894131,815.166764318943,406.5436915755272,0.33276599182240574,0.6666666666666666,0.3333333333333333,0.476377000039868,0.5,1.0,1.0,0.0,1.0
bace,22,branch_suffix,82,7.0,38.0,2.1578947368421053,1.0,4.300000000000004,0.3157894736842105,0.7439024390243902,0.8253643031163913,0.6420114143047391,0.9603086113929749,0.3535531163215637,67.67987285554409,52.644935972988605,0.4375235372117578,6145.599800750613,4461.807967580855,0.4206313234135894,0.9836065573770492,0.01639344262295082,0.837118062790846,0.8622282837815587,1.6578947368421053,0.7105263157894737,0.15789473684210525,1.0
bace,23,all,5888,128.0,837.0,7.034647550776583,2.0,13.399999999999977,0.5902031063321386,0.31233016304347827,0.26244025942477217,0.16881272428164937,0.05156106501817703,0.0,1545.2482474930584,993.9693205703516,0.39144708711527376,143383.72194714844,91299.67271331395,0.3890333734323445,0.9733550842849374,0.026644915715062535,0.7923798201591329,0.7067878951487209,3.5746714456391877,0.44086021505376344,0.3811230585424134,1.0
bace,23,root,5799,124.0,831.0,6.978339350180505,2.0,13.0,0.5908543922984356,0.31453698913605793,0.2640262536523383,0.1698662282512055,0.05156106501817703,0.0,1531.0882449299097,985.0542576287407,0.39149382700981544,141931.11916546896,90283.14702863689,0.38879242222426597,0.9731359649122807,0.0268640350877193,0.791706686020074,0.7010301522171982,3.5547533092659447,0.4416365824308063,0.37906137184115524,1.0
bace,23,branch_origin,4,4.0,4.0,1.0,1.0,1.0,0.0,0.25,0.8447051299735904,1.142604947090149,0.0525488406419754,0.0,3.3788205198943615,4.570419788360596,0.574950512392213,422.79062597453594,575.8728933334351,0.5766435663260119,1.0,0.0,0.0,0.0,1.0,1.0,0.0,1.0
bace,23,branch_suffix,85,4.0,24.0,3.5416666666666665,2.0,6.399999999999999,0.625,0.16470588235294117,0.12683743580299264,0.05111344886176726,0.052548836916685104,0.0,10.781182043254375,4.344643153250217,0.28723346308761577,1029.8121557049453,440.65279134362936,0.29966902116781485,1.0,0.0,0.9861685857892826,0.4158872864290722,2.6666666666666665,0.375,0.375,1.0
bace,24,all,5184,128.0,748.0,6.93048128342246,2.0,14.0,0.5868983957219251,0.4664351851851852,0.3751660697363363,0.3008472149666027,0.08681036531925201,0.0,1944.8609055131674,1559.5919623868685,0.4450315130993382,169716.69789759815,137824.03099544707,0.4481488728063031,0.9170528266913809,0.08294717330861909,0.8028588077897094,0.8532510377682487,3.6844919786096257,0.44786096256684493,0.37433155080213903,1.0
bace,24,root,5096,121.0,741.0,6.87719298245614,2.0,14.0,0.5843454790823212,0.46330455259026687,0.3653552650767883,0.2918199734803277,0.08681036531925201,0.0,1861.8504308313131,1487.1145848557499,0.4440519915525776,162161.21815244853,130988.12918479824,0.4468307037849415,0.917098445595855,0.08290155440414508,0.8056782096583308,0.8548541174377241,3.668016194331984,0.4507422402159244,0.3738191632928475,1.0
bace,24,branch_origin,7,7.0,7.0,1.0,1.0,1.0,0.0,0.7142857142857143,1.3677367993763514,1.010742689882006,1.130773663520813,0.9354611039161682,9.57415759563446,7.075198829174042,0.42495329240661595,879.8742685317993,826.1891434788704,0.48426637466257494,1.0,0.0,-0.5697536293235299,-0.5,1.0,1.0,0.0,1.0
bace,24,branch_suffix,81,6.0,44.0,1.8409090909090908,1.0,3.0,0.36363636363636365,0.6419753086419753,0.906621198595306,0.8074343049622796,0.0,0.7792673707008362,73.43631708621979,65.40217870194465,0.4710666039030907,6675.605476617813,6009.712667169981,0.4737534052398231,0.90625,0.09375,0.7107876781646483,0.5187001927682462,1.6818181818181819,0.6590909090909091,0.13636363636363635,1.0
bace,25,all,5824,128.0,777.0,7.495495495495495,2.0,14.0,0.6241956241956242,0.535885989010989,0.44236568986453567,0.3034153682583365,0.31482091546058655,0.08837833628058434,2576.3377777710557,1767.0911047365516,0.4068424170252214,242705.33364792913,165725.84917542338,0.4057619891552213,0.9778917013777635,0.022108298622236462,0.8334499906766031,0.8588593233954092,3.891891891891892,0.4118404118404118,0.416988416988417,1.0
bace,25,root,5750,124.0,774.0,7.428940568475452,2.0,14.0,0.624031007751938,0.5304347826086957,0.4356538005872913,0.29836907148847114,0.31482091546058655,0.08837832883000374,2505.009353376925,1715.622161058709,0.4064847061845708,235758.5423263237,160834.41876089573,0.4055402756518534,0.9783606557377049,0.021639344262295083,0.834263961633796,0.860900161700787,3.8863049095607236,0.4108527131782946,0.417312661498708,1.0
bace,25,branch_origin,4,4.0,4.0,1.0,1.0,1.0,0.0,1.0,1.6575756669044495,1.1137629002332687,2.0142555832862854,0.8071288913488388,6.630302667617798,4.455051600933075,0.40188626299221175,505.3336719274521,338.6097488105297,0.40122328166790355,1.0,0.0,0.7892602629543889,0.7999999999999999,1.0,1.0,0.0,1.0
bace,25,branch_suffix,70,4.0,19.0,3.6842105263157894,1.0,9.399999999999999,0.3684210526315789,0.9571428571428572,0.9242588818073273,0.6716270296701363,0.37039074301719666,0.3001517355442047,64.69812172651291,47.01389207690954,0.42084902488320186,6441.457649677992,4552.820665717125,0.4141081874689201,0.9552238805970149,0.04477611940298507,0.7908602568240851,0.4589960839662896,2.3684210526315788,0.631578947368421,0.2631578947368421,1.0
bace,26,all,5760,128.0,766.0,7.51958224543081,2.0,16.0,0.6201044386422977,0.2842013888888889,0.26605819983071544,0.18296033521069655,0.04980355128645897,0.0,1532.495231024921,1053.851530813612,0.4074672222469,141044.60468864068,96932.86794825271,0.4073195116924076,0.9560171044593769,0.04398289554062309,0.8107612522726454,0.8674486251305027,3.839425587467363,0.4151436031331593,0.42428198433420367,1.0
bace,26,root,5552,120.0,750.0,7.402666666666667,2.0,15.100000000000023,0.624,0.2663904899135447,0.2540036375172737,0.17451413502257118,0.0,0.0,1410.2281954959035,968.9024776453152,0.40725063510952575,130260.99669168517,89414.05721035227,0.4070287254838952,0.9587559161595672,0.041244083840432724,0.8105979731114178,0.8657208214768082,3.8226666666666667,0.4106666666666667,0.424,1.0
bace,26,branch_origin,8,8.0,8.0,1.0,1.0,1.0,0.0,0.5,0.5889672935009003,0.21266675926744938,0.5876485109329224,0.09393640607595444,4.711738348007202,1.701334074139595,0.2652915735465533,406.0634224116802,145.0604839026928,0.2632084767884246,0.75,0.25,0.9080249987084079,0.9486832980505139,1.0,1.0,0.0,1.0
bace,26,branch_suffix,200,8.0,60.0,3.3333333333333335,2.0,6.0,0.5333333333333333,0.77,0.5877764859050513,0.4162385954707861,0.632941484451294,0.42045919597148895,117.55529718101025,83.24771909415722,0.4145740469360257,10377.544574543834,7373.750253997743,0.41539224745125597,0.935064935064935,0.06493506493506493,0.8095250618914117,0.7900016384878903,2.3833333333333333,0.5,0.35,1.0
bace,27,all,5568,128.0,728.0,7.648351648351649,2.0,16.0,0.6593406593406593,0.34087643678160917,0.2976922371054079,0.20346923784051074,0.049990005791187286,0.0,1657.5503762029111,1132.9167162959639,0.4059953687830204,151257.64241682738,103953.17500976246,0.4073227618561431,0.9367755532139094,0.06322444678609063,0.7729239829878042,0.8211250163660984,3.8008241758241756,0.39285714285714285,0.44505494505494503,1.0
bace,27,root,5367,118.0,722.0,7.433518005540166,2.0,15.899999999999977,0.6592797783933518,0.3370598099496926,0.2947214189031858,0.2003150336368926,0.0498654805123806,0.0,1581.7698552533984,1075.0907855292025,0.4046470368173037,143717.8048032932,98167.05294839811,0.40584207651878823,0.9336650082918739,0.06633499170812604,0.7454813552759902,0.8122573428987806,3.757617728531856,0.39058171745152354,0.4376731301939058,1.0
bace,27,branch_origin,10,10.0,10.0,1.0,1.0,1.0,0.0,0.3,0.5719177946448326,0.3813502848148346,0.6331731677055359,0.0,5.719177946448326,3.813502848148346,0.40004516361331655,466.0892528295517,336.32244926691055,0.4191395120337851,1.0,0.0,0.995567251074863,0.8660254037844387,1.0,1.0,0.0,1.0
bace,27,branch_suffix,191,9.0,54.0,3.537037037037037,1.0,6.700000000000003,0.4444444444444444,0.450261780104712,0.3668133141521696,0.2827875807257223,0.05095472186803818,0.0,70.0613430030644,54.01242791861296,0.43532510954880493,7073.748360704631,5449.799612097442,0.4351641902065617,1.0,0.0,0.9731453970813421,0.9041088682965509,2.2962962962962963,0.5740740740740741,0.2222222222222222,1.0
bace,28,all,5120,128.0,739.0,6.928281461434371,2.0,14.200000000000045,0.6414073071718539,0.4640625,0.3620927911855688,0.28312504626296686,0.15955093502998352,0.0,1853.9150908701122,1449.6002368663903,0.43880536127544617,163383.3679492809,127985.62270245794,0.4392561556265052,0.9255939040788884,0.07440609592111161,0.7161561903039164,0.7110311873842521,3.6292286874154263,0.4140730717185386,0.39918809201623817,1.0
bace,28,root,4922,116.0,720.0,6.836111111111111,2.0,14.100000000000023,0.6444444444444445,0.45083299471759447,0.3612201791302078,0.2730698755248145,0.15955092012882233,0.0,1777.9257216788828,1344.049927333137,0.4305126235556881,156437.3132088296,118361.16062680539,0.43071986163067505,0.9294507575757576,0.07054924242424243,0.7206916288205807,0.7131720283700179,3.6083333333333334,0.4111111111111111,0.3972222222222222,1.0
bace,28,branch_origin,12,12.0,12.0,1.0,1.0,1.0,0.0,0.75,0.645769190043211,0.7638460639864206,0.20646564662456512,0.5002654641866684,7.749230280518532,9.166152767837048,0.5418826603945921,748.6025838032365,870.0954584181309,0.5375279611903918,0.8571428571428571,0.14285714285714285,0.8634530000953845,0.5273599014036483,1.0,1.0,0.0,1.0
bace,28,branch_suffix,186,11.0,78.0,2.3846153846153846,1.0,5.299999999999997,0.44871794871794873,0.7956989247311828,0.36688246726188606,0.5181943912119154,0.2533803880214691,0.4032551944255829,68.24013891071081,96.38415676541626,0.5854795391503855,6197.45215664804,8754.366617234424,0.5855051314911851,0.8571428571428571,0.14285714285714285,0.5907255380912462,0.5678393901177263,1.9487179487179487,0.5897435897435898,0.20512820512820512,1.0
bace,29,all,5312,128.0,762.0,6.971128608923885,2.0,14.0,0.6535433070866141,0.3179593373493976,0.33801144640331704,0.24503361516475575,0.0,0.0,1795.5168032944202,1301.6185637551825,0.42026531278002605,155910.16399684548,113666.43112284713,0.4216479960820745,0.9237976264834479,0.07620237351655215,0.7942927870651949,0.8126396160295345,3.6876640419947506,0.39763779527559057,0.39763779527559057,1.0
bace,29,root,5095,117.0,745.0,6.8389261744966445,2.0,14.0,0.6456375838926175,0.298135426889107,0.33013914229240454,0.22825382655839252,0.0,0.0,1682.0589299798012,1162.95324631501,0.408769163100587,146194.90951931477,101184.12421762804,0.40902465616882033,0.9193766937669376,0.08062330623306233,0.7950323010833672,0.82437095941428,3.646979865771812,0.40134228187919463,0.39731543624161075,1.0
bace,29,branch_origin,11,11.0,10.0,1.1,1.0,1.0999999999999996,0.1,0.7272727272727273,0.7542669800194827,0.8585819981314919,0.5061670541763306,0.9535559415817261,8.29693678021431,9.444401979446411,0.5323387432813155,843.8005493283272,892.2795970439911,0.5139622147678389,0.8,0.2,0.7836610294310191,0.8720815992723809,1.0,1.0,0.0,1.0
bace,29,branch_suffix,206,10.0,64.0,3.21875,2.0,8.0,0.515625,0.7864077669902912,0.5104899831767221,0.6272859973821663,0.4740219712257385,0.5088248550891876,105.16093653440475,129.22091546072625,0.5513264545047204,8871.45392820239,11590.027308175107,0.566431490188,0.9833333333333333,0.016666666666666666,0.7935716698945096,0.6529543071836281,2.5,0.546875,0.28125,1.0
bace,30,all,5760,128.0,753.0,7.649402390438247,2.0,14.0,0.5936254980079682,0.27413194444444444,0.23694459222088982,0.15496256950573298,0.049865465611219406,0.0,1364.8008511923254,892.5844003530219,0.3954063223111702,116300.0563098155,75600.65257959813,0.39395713031557594,0.9951690821256038,0.004830917874396135,0.7449703287423054,0.5048733350097697,3.7835325365205845,0.4316069057104914,0.37317397078353254,1.0
bace,30,root,5359,112.0,727.0,7.371389270976616,2.0,14.399999999999977,0.5845942228335625,0.2653480126889345,0.22393670477310898,0.14815682291037074,0.049803558737039566,0.0,1200.076800879091,793.9724139766768,0.3981709217914692,101782.79702460393,67057.49142105132,0.39716522660783754,0.9954407294832827,0.004559270516717325,0.7401675157388004,0.45467961060790135,3.7042640990371387,0.4484181568088033,0.36176066024759285,1.0
bace,30,branch_origin,16,16.0,16.0,1.0,1.0,1.0,0.0,0.3125,0.33425280824303627,0.2063787654042244,0.14304275810718536,0.0,5.34804493188858,3.3020602464675903,0.3817364272898608,423.55639749765396,312.4389917254448,0.424512159043888,1.0,0.0,0.0,0.0,1.0,1.0,0.0,1.0
bace,30,branch_suffix,385,16.0,80.0,4.8125,2.0,10.100000000000009,0.5875,0.3948051948051948,0.4139636503411578,0.24755824968799367,0.2860855162143707,0.0,159.37600538134575,95.30992612987757,0.3742253275017554,14093.70288771391,8230.72216682136,0.36868685964878933,0.9924242424242424,0.007575757575757576,0.7914266777465202,0.7350113797662123,2.7625,0.475,0.275,1.0
bace,31,all,4928,128.0,617.0,7.987034035656402,3.0,16.0,0.6726094003241491,0.4596185064935065,0.4669678304949171,0.35658326070117324,0.4068930745124817,0.0,2301.2174686789513,1757.2423087353818,0.4329825611466156,203439.85019108653,155161.31009761663,0.4326849081377738,0.8657836644591611,0.13421633554083887,0.7616817254519967,0.8115820740441755,3.8573743922204216,0.37925445705024313,0.44408427876823336,1.0
bace,31,root,4483,110.0,591.0,7.585448392554992,3.0,16.0,0.6683587140439933,0.44992192728083874,0.4559122538449587,0.34909209851667905,0.4068930447101593,0.0,2043.85463398695,1564.979877650272,0.4336524361545984,179492.73881736398,137282.41842666315,0.433374951561962,0.850272682201289,0.14972731779871096,0.7479112262239456,0.7903102253900561,3.763113367174281,0.3824027072758037,0.4433164128595601,1.0
bace,31,branch_origin,18,18.0,18.0,1.0,1.0,1.0,0.0,0.5,0.6300350493854947,0.4303897139098909,0.792029857635498,0.18171484768390656,11.340630888938904,7.7470148503780365,0.4058653935734068,1175.239934027195,771.659375667572,0.3963529966984023,1.0,0.0,0.9400811858833806,0.9030259356496027,1.0,1.0,0.0,1.0
bace,31,branch_suffix,427,18.0,97.0,4.402061855670103,2.0,10.800000000000011,0.5257731958762887,0.5597189695550351,0.5761644117167739,0.43212041272770885,0.6808251738548279,0.44850268959999084,246.02220380306244,184.51541623473167,0.4285697872779011,22771.87143969536,17107.23229528591,0.42897735137110765,0.9916317991631799,0.008368200836820083,0.8746646468457769,0.7286963834432016,2.752577319587629,0.5257731958762887,0.31958762886597936,1.0
bace,32,all,4992,128.0,681.0,7.330396475770925,2.0,15.0,0.631424375917768,0.40705128205128205,0.3636916054932114,0.2649313870652128,0.18490798771381378,0.0,1815.5484946221113,1322.5374842295423,0.42144717931326703,158840.0179412365,116420.87487833109,0.4229473852453298,0.9596367305751766,0.04036326942482341,0.8197355850926873,0.8022115750603893,3.5844346549192365,0.42290748898678415,0.3891336270190896,1.0
bace,32,root,4586,109.0,656.0,6.990853658536586,2.0,13.0,0.625,0.38617531617967726,0.3466452479563943,0.25146213363319136,0.0,0.0,1589.715107128024,1153.2053448418155,0.42042974451323806,139016.85303927958,101486.1723026475,0.42197461823344196,0.9552238805970149,0.04477611940298507,0.8180112414213502,0.7950670652364161,3.481707317073171,0.42835365853658536,0.38109756097560976,1.0
bace,32,branch_origin,19,19.0,19.0,1.0,1.0,1.0,0.0,0.6842105263157895,0.7781507200316379,0.6221382680692171,0.562967836856842,0.6005939245223999,14.78486368060112,11.820627093315125,0.4442927662474659,1343.0858525037766,1163.4375948011875,0.46416385853167474,0.9,0.1,0.6283955554391426,0.6242424242424242,1.0,1.0,0.0,1.0
bace,32,branch_suffix,387,18.0,124.0,3.120967741935484,1.5,6.0,0.5,0.6408268733850129,0.5453450227738659,0.407006491716826,0.5629677772521973,0.42800524830818176,211.0485238134861,157.51151229441166,0.42737002621819514,18480.07904945314,13771.264980882406,0.42699817309719507,0.9956521739130435,0.004347826086956522,0.8511281267978945,0.7126419515518843,2.2903225806451615,0.5564516129032258,0.29838709677419356,1.0
bace,33,all,5120,128.0,652.0,7.852760736196319,2.0,16.0,0.6242331288343558,0.35390625,0.3099158843069745,0.2242310278737932,0.049927614629268646,0.0,1586.7693276517093,1148.0628627138212,0.4197927999963953,139487.9402200356,99621.99031054368,0.41663677493228674,0.9722550177095631,0.027744982290436836,0.7977603610875292,0.802924472106728,3.696319018404908,0.4263803680981595,0.40950920245398775,1.0
bace,33,root,4957,114.0,642.0,7.721183800623053,2.0,15.899999999999977,0.6308411214953271,0.3364938470849304,0.29614550609570706,0.21252309417756773,0.0,0.0,1467.99327371642,1053.4769778382033,0.41780265985239257,129930.21316180378,92057.08809505543,0.4146952892072737,0.9707006369426752,0.02929936305732484,0.7945573852960252,0.7946977389287043,3.6682242990654204,0.4190031152647975,0.40654205607476634,1.0
bace,33,branch_origin,14,14.0,12.0,1.1666666666666667,1.0,1.9000000000000004,0.16666666666666666,0.9285714285714286,0.3441985994577408,0.6338363710258689,0.0,0.5678857862949371,4.818780392408371,8.873709194362164,0.648071275725866,341.73635390400887,640.220026537776,0.6519841810587743,1.0,0.0,0.9799667187584746,0.09999999999999999,1.0,1.0,0.0,1.0
bace,33,branch_suffix,149,10.0,41.0,3.6341463414634148,1.0,8.0,0.4634146341463415,0.8791946308724832,0.7648139163951746,0.5752495012164816,0.6554284691810608,0.4082482159137726,113.95727354288101,85.71217568125576,0.42927035665351115,9215.990704327822,6924.682188950479,0.4290206631864912,0.9915966386554622,0.008403361344537815,0.871755138291496,0.876459231029848,2.5121951219512195,0.5609756097560976,0.24390243902439024,1.0
bace,34,all,5248,128.0,633.0,8.290679304897314,2.0,16.0,0.636650868878357,0.4803734756097561,0.3304602653384436,0.27949643522098505,0.21946419775485992,0.0,1734.255472496152,1466.7972920397297,0.45822340334099404,150795.67414401472,128800.40364931617,0.4606659888287904,0.9871111111111112,0.012888888888888889,0.8753904316494913,0.6100442826297958,3.688783570300158,0.41232227488151657,0.4060031595576619,1.0
bace,34,root,5229,123.0,633.0,8.260663507109005,2.0,16.0,0.6350710900473934,0.4784853700516351,0.33166101979272367,0.27747120908437467,0.21946421265602112,0.0,1734.255472496152,1450.8969523021951,0.4555188445633183,150795.67414401472,127239.72636602912,0.4576385817511489,0.9871111111111112,0.012888888888888889,0.8753904316494913,0.6100442826297958,3.677725118483412,0.41390205371248023,0.4028436018957346,1.0
bace,34,branch_origin,5,5.0,5.0,1.0,1.0,1.0,0.0,1.0,0.0,0.7297829538583755,0.0,0.866024911403656,0.0,3.6489147692918777,0.9999999999997259,0.0,308.9861432015896,0.9999999999999967,0.0,0.0,0.0,0.0,1.0,1.0,0.0,1.0
bace,34,branch_suffix,14,4.0,6.0,2.3333333333333335,2.5,3.5,0.6666666666666666,1.0,0.0,0.8751017834459033,0.0,0.662921279668808,0.0,12.251424968242645,0.9999999999999184,0.0,1251.6911400854588,0.9999999999999992,0.0,0.0,0.0,0.0,1.6666666666666667,0.3333333333333333,0.0,1.0
bace,35,all,4864,128.0,659.0,7.380880121396054,2.0,16.200000000000045,0.6509863429438544,0.6515213815789473,0.6070506523338783,0.43644198930187966,0.44557976722717285,0.32492122054100037,2952.6943729519844,2122.8538359643426,0.4182511422579098,247887.46196871996,180094.45169644128,0.42079921124270026,0.9603992273019961,0.03960077269800386,0.7973280524972524,0.7528335263311959,3.7192716236722307,0.40364188163884673,0.3990895295902883,1.0
bace,35,root,4712,118.0,645.0,7.305426356589147,2.0,15.0,0.6496124031007752,0.6449490662139219,0.5947544308844163,0.42497093913872513,0.44557973742485046,0.3168916404247284,2802.4828783273697,2002.4630652216729,0.4167503836146401,235597.73842310905,170378.30225344072,0.41967575714445904,0.9598796389167502,0.04012036108324975,0.7944168478656787,0.7380322380673299,3.697674418604651,0.40310077519379844,0.3984496124031008,1.0
bace,35,branch_origin,10,10.0,10.0,1.0,1.0,1.0,0.0,0.8,0.8991361796855927,0.716391072049737,0.7458825409412384,0.7742059528827667,8.991361796855927,7.16391072049737,0.4434410321956354,822.6704366207123,666.6202553100884,0.4476092269440319,0.8333333333333334,0.16666666666666666,0.5159757756481851,0.5428571428571429,1.0,1.0,0.0,1.0
bace,35,branch_suffix,142,9.0,43.0,3.302325581395349,2.0,7.800000000000004,0.5116279069767442,0.8591549295774648,0.9945079776602732,0.7973722536772699,1.3328064680099487,0.8246994614601135,141.2201328277588,113.22686002217233,0.44499193625350225,11467.053108990192,9049.529187690467,0.441083658907194,0.981651376146789,0.01834862385321101,0.8847645749382989,0.8157622529581042,2.302325581395349,0.5581395348837209,0.3023255813953488,1.0
bace,36,all,4352,128.0,703.0,6.190611664295875,2.0,12.0,0.6273115220483642,0.5107996323529411,0.4340468774453792,0.3668268124167786,0.2585964500904083,0.13350366055965424,1888.9720106422901,1596.4302876378206,0.45803329171659374,163059.81675869226,138209.26681605773,0.45875688662147657,0.9785061794734013,0.021493820526598602,0.852254703754614,0.8895829231856225,3.3726884779516357,0.4310099573257468,0.35704125177809387,1.0
bace,36,root,3975,104.0,668.0,5.950598802395209,2.0,12.0,0.6137724550898204,0.4948427672955975,0.4512086490865024,0.3614928149975911,0.2585964500904083,0.0,1793.554380118847,1436.9339396154246,0.4448039421277404,154821.22081384063,124915.01132196555,0.4465456990259377,0.9768384481760278,0.023161551823972205,0.850463644171821,0.8997188402117183,3.3293413173652695,0.4341317365269461,0.3532934131736527,1.0
bace,36,branch_origin,24,24.0,19.0,1.263157894736842,1.0,2.0,0.2631578947368421,0.8333333333333334,0.10344780112306277,0.6034477182353536,0.0,0.5546528995037079,2.4827472269535065,14.482745237648487,0.8536589944480222,245.5466915667057,1205.8084608241916,0.8308155718039076,1.0,0.0,-0.2900166634052682,0.21081851067789195,1.0,1.0,0.0,1.0
bace,36,branch_suffix,353,24.0,101.0,3.495049504950495,2.0,7.0,0.504950495049505,0.6685552407932012,0.263271624069376,0.41080340732223086,0.2585964500904083,0.3843259811401367,92.93488329648972,145.0136027847475,0.6094327607330868,7993.049253284931,12088.447033267992,0.6019694379727432,1.0,0.0,0.4315862722107126,0.38684564233737845,2.4356435643564356,0.5841584158415841,0.2871287128712871,1.0
bace,37,all,4992,128.0,653.0,7.644716692189893,2.0,16.0,0.6263399693721287,0.45292467948717946,0.44541699811144586,0.33556856651246647,0.3311639726161957,0.0,2223.521654572338,1675.1582840302326,0.4296731997524963,197379.45897173136,146609.88135119053,0.4262047225462269,0.9491375497567448,0.0508624502432552,0.7781488265414159,0.8289371591758434,3.6125574272588055,0.43797856049004597,0.3675344563552833,1.0
bace,37,root,4571,107.0,616.0,7.420454545454546,2.0,13.5,0.625,0.4141325749288996,0.4023806259950476,0.30223711054584124,0.04999001324176788,0.0,1839.2818414233625,1381.5258323050402,0.42893769894238587,163878.92472364753,120895.92079049992,0.4245315999460138,0.9598520866349709,0.040147913365029056,0.7670776006682254,0.8135364062003666,3.564935064935065,0.44805194805194803,0.3652597402597403,1.0
bace,37,branch_origin,22,21.0,18.0,1.2222222222222223,1.0,2.0,0.2222222222222222,1.0,0.9225382615219463,0.8810983124104413,0.8427265286445618,0.7948134541511536,20.29584175348282,19.38416287302971,0.4885121122208118,1763.7843898832798,1643.767231285572,0.4823895318485974,0.8636363636363636,0.13636363636363635,0.8056752685542737,0.7493642592756259,1.0,1.0,0.0,1.0
bace,37,branch_suffix,399,18.0,84.0,4.75,2.0,15.0,0.5833333333333334,0.8671679197994987,0.9121402791866982,0.687339069804919,0.790489673614502,0.6448425054550171,363.94397139549255,274.24828885216266,0.4297267546706664,31736.74985820055,24070.19332940504,0.4313118037748195,0.8959537572254336,0.10404624277456648,0.808704990004909,0.8374925057195117,2.7976190476190474,0.47619047619047616,0.30952380952380953,1.0
bace,38,all,5248,128.0,680.0,7.7176470588235295,2.0,14.100000000000023,0.6352941176470588,0.3898628048780488,0.3554973195792494,0.2343158756329292,0.1906796395778656,0.0,1865.6499331519008,1229.6897153216123,0.3972713352888564,166115.90062765405,105784.59950582843,0.38905628880379484,0.9926686217008798,0.007331378299120235,0.7333183213010399,0.833592022032533,3.638235294117647,0.4176470588235294,0.3764705882352941,1.0
bace,38,root,4565,101.0,630.0,7.246031746031746,2.0,14.0,0.6126984126984127,0.37393209200438116,0.3400174299709964,0.22750387585467274,0.1474473476409912,0.0,1552.1795678175986,1038.5551932765811,0.4008728368773474,139003.18043139204,89241.70033678945,0.39099102699012295,0.9929701230228472,0.007029876977152899,0.7169942698532207,0.8255218598762859,3.5587301587301585,0.43174603174603177,0.36666666666666664,1.0
bace,38,branch_origin,27,27.0,27.0,1.0,1.0,1.0,0.0,0.3333333333333333,0.6563457147114806,0.3026556736893124,0.357242614030838,0.0,17.721334297209978,8.171703189611435,0.31559461472105044,2041.2044034712017,1039.1120326817036,0.3373393786709393,1.0,0.0,0.9307493104650212,0.9790880682441959,1.0,1.0,0.0,1.0
bace,38,branch_suffix,656,27.0,157.0,4.178343949044586,2.0,7.400000000000006,0.5286624203821656,0.5030487804878049,0.450836937556543,0.2789067360600911,0.1906796544790268,0.13706932961940765,295.7490310370922,182.96281885541975,0.3821982240391607,25071.5157927908,15503.787136357278,0.3820991099790366,0.990909090909091,0.00909090909090909,0.8239448635323435,0.8528791453009024,2.4522292993630574,0.5286624203821656,0.2484076433121019,1.0
bace,39,all,4992,128.0,702.0,7.111111111111111,2.0,13.899999999999977,0.6025641025641025,0.4823717948717949,0.42273880771916506,0.30569777657924885,0.21277092397212982,0.0,2110.312128134072,1526.0433006836101,0.41966285489858857,184292.23874733597,134199.24496959941,0.4213589745114542,0.9498947368421052,0.050105263157894736,0.8105133088904828,0.8298642140248781,3.6253561253561255,0.45014245014245013,0.38603988603988604,1.0
bace,39,root,4611,111.0,665.0,6.9338345864661655,2.0,12.0,0.6180451127819548,0.48102363912383433,0.4216005469988882,0.30551430747067265,0.21277092397212982,0.0,1944.0001222118735,1408.7264717472717,0.42017338195290893,170610.1002554968,124249.24098841147,0.42138478796109174,0.9456372772955688,0.054362722704431245,0.8071792803695451,0.8165009474179408,3.598496240601504,0.43609022556390975,0.3969924812030075,1.0
bace,39,branch_origin,17,17.0,16.0,1.0625,1.0,1.0,0.0625,0.5882352941176471,0.4221620143336408,0.49829256534576416,0.1411357969045639,0.5179235339164734,7.176754243671894,8.47097361087799,0.5413548656787476,608.9376227036119,730.840707719326,0.5454937515585997,1.0,0.0,0.941285086661654,0.7319250547113999,1.0,1.0,0.0,1.0
bace,39,branch_suffix,364,17.0,94.0,3.872340425531915,1.0,9.700000000000003,0.4574468085106383,0.4945054945054945,0.437184757358589,0.29902707506994625,0.37853071093559265,0.0,159.1352516785264,108.84585532546043,0.4061698846696707,13073.200869135559,9219.163273468614,0.41355700160349346,1.0,0.0,0.9114608834598801,0.9058898724479884,2.5106382978723403,0.5957446808510638,0.22340425531914893,1.0
bace,40,all,5120,128.0,622.0,8.231511254019292,2.0,16.899999999999977,0.6061093247588425,0.4708984375,0.39042003349095467,0.28026333902917033,0.22614824771881104,0.0,1998.950571473688,1434.948295829352,0.4178772734085643,176533.45695859566,129036.851651181,0.4222820346592159,0.9618415595188718,0.03815844048112816,0.7810175060018011,0.7950647826028415,3.7186495176848875,0.44855305466237944,0.3745980707395498,1.0
bace,40,root,4562,102.0,578.0,7.892733564013841,2.0,14.300000000000068,0.6003460207612457,0.43971942130644454,0.35456356504447806,0.24693557371998656,0.10417760908603668,0.0,1617.518983732909,1126.5200873105787,0.4105335449477371,141837.37871539965,100570.50005975412,0.41488131725717803,0.9626121635094715,0.03738783649052842,0.7763965292201627,0.7630386292923264,3.6089965397923875,0.4515570934256055,0.370242214532872,1.0
bace,40,branch_origin,27,26.0,22.0,1.2272727272727273,1.0,2.0,0.22727272727272727,0.8518518518518519,0.8399058254780593,1.0219422924435801,0.7125250101089478,0.7469089031219482,22.6774572879076,27.592441895976663,0.5488859604640268,1662.8210329711437,2071.974962517619,0.5547759409135986,0.782608695652174,0.21739130434782608,0.7531564548699196,0.6554381911735419,1.0,1.0,0.0,1.0
bace,40,branch_suffix,531,26.0,136.0,3.9044117647058822,1.0,8.0,0.4485294117647059,0.71939736346516,0.6756198313613396,0.5288809164271123,0.7125250101089478,0.4082481265068054,358.7541304528713,280.83576662279665,0.43908724622892437,33033.25721022487,26394.37662890926,0.44414315233140084,0.9685863874345549,0.031413612565445025,0.8542339875086554,0.8512372362393408,2.610294117647059,0.5735294117647058,0.2647058823529412,1.0
bace,41,all,4864,128.0,677.0,7.1846381093057605,2.0,13.0,0.621861152141802,0.549547697368421,0.5316638381367451,0.38385672856862874,0.35833075642585754,0.2520550936460495,2586.0129086971283,1867.07912775781,0.4192770130222084,225951.75209468603,162088.87097319774,0.4177110883177866,0.9562289562289562,0.04377104377104377,0.8120110751769973,0.7868668054349878,3.499261447562777,0.4401772525849335,0.36927621861152143,1.0
bace,41,root,4101,95.0,615.0,6.668292682926829,2.0,11.0,0.608130081300813,0.5159717142160448,0.49223709293936146,0.34817824678500525,0.3314952552318573,0.19244998693466187,2018.6643181443214,1427.8789900653064,0.41429306478294187,177102.5432074666,123920.72939524986,0.4116649464468402,0.9546313799621928,0.045368620037807186,0.8099147233201511,0.7441405569790509,3.359349593495935,0.4504065040650406,0.35121951219512193,1.0
bace,41,branch_origin,33,33.0,30.0,1.1,1.0,1.1000000000000014,0.1,0.8787878787878788,0.925610265045455,0.8054525836399107,0.8951269388198853,0.6882509589195251,30.545138746500015,26.579935260117054,0.46529366871433214,2685.7632627785206,2289.476184003055,0.46017406970916547,0.9655172413793104,0.034482758620689655,0.7847558615673476,0.7916158915529475,1.0,1.0,0.0,1.0
bace,41,branch_suffix,730,32.0,165.0,4.424242424242424,2.0,9.599999999999994,0.5272727272727272,0.7232876712328767,0.7353471942552149,0.5652331540169679,0.8274897336959839,0.5389976501464844,536.8034518063068,412.6202024323866,0.4346007186467779,46163.44562444091,35878.66539394483,0.437320114616558,0.9621212121212122,0.03787878787878788,0.8172602360809716,0.8305383004891033,2.757575757575758,0.5151515151515151,0.2909090909090909,1.0
bace,42,all,5120,128.0,710.0,7.211267605633803,2.0,15.0,0.6169014084507042,0.3208984375,0.290539175257436,0.20767842574859968,0.0,0.0,1487.5605773180723,1063.3135398328304,0.41684281191439415,137978.11317892373,98967.05220586061,0.4176791370490477,0.9543517954960439,0.04564820450395618,0.7904164556027807,0.8352716795908842,3.722535211267606,0.43661971830985913,0.39436619718309857,1.0
bace,42,root,4691,107.0,671.0,6.991058122205663,2.0,15.0,0.6065573770491803,0.3118738008953315,0.2681011789689006,0.19476271291431957,0.0,0.0,1257.6626305431128,913.6318862810731,0.42077750355920573,116936.70034258068,85431.47671273723,0.4221586514038929,0.961038961038961,0.03896103896103896,0.7907503789404915,0.8272012032068349,3.6408345752608047,0.44709388971684055,0.3770491803278688,1.0
bace,42,branch_origin,21,21.0,20.0,1.05,1.0,1.0,0.05,0.42857142857142855,0.5635780167011988,0.29835133041654316,0.6040511727333069,0.0,11.835138350725174,6.265377938747406,0.3461436037816811,1186.3158051669598,609.346187800169,0.3393434789992369,0.8888888888888888,0.1111111111111111,0.8250364748747627,0.8786687791935092,1.05,0.95,0.0,1.0
bace,42,branch_suffix,408,20.0,123.0,3.317073170731707,2.0,6.799999999999997,0.5040650406504065,0.41911764705882354,0.5344676677064568,0.35151047944365177,0.0,0.0,218.0628084242344,143.41627561300993,0.3967484757658424,19855.09703117609,12926.229305323213,0.394316848947351,0.9005847953216374,0.09941520467836257,0.7959793507098235,0.8055640869154317,2.4634146341463414,0.5203252032520326,0.2601626016260163,1.0
bace,43,all,4928,128.0,636.0,7.748427672955975,2.0,16.0,0.6037735849056604,0.39042207792207795,0.366522398979143,0.25752389895838956,0.17464333772659302,0.0,1806.2223821692169,1269.0777740669437,0.41266793795509027,170038.21398313344,120790.47133575054,0.41533204059052087,0.9710628825820813,0.028937117417918753,0.7638659424420534,0.8629499836081295,3.7154088050314464,0.4371069182389937,0.40408805031446543,1.0
bace,43,root,4090,94.0,586.0,6.979522184300341,2.0,15.0,0.5750853242320819,0.3535452322738386,0.333427081197901,0.23784599514965032,0.0498654805123806,0.0,1363.716762099415,972.7901201620698,0.416343785480535,128010.77396786958,92469.9122155942,0.4194014170413513,0.9643669446550417,0.0356330553449583,0.7403856350723695,0.8578697979989902,3.522184300341297,0.46757679180887374,0.3839590443686007,1.0
bace,43,branch_origin,34,34.0,32.0,1.0625,1.0,1.0,0.0625,0.5,0.7488820390666232,0.6457694459925679,0.407268762588501,0.034689802676439285,25.46198932826519,21.95616116374731,0.46303284577590853,2354.924461852759,1876.3239496722817,0.4434445268118896,1.0,0.0,0.8035417146127221,0.813771513276434,1.0625,0.9375,0.0,1.0
bace,43,branch_suffix,804,33.0,166.0,4.843373493975903,2.0,11.0,0.536144578313253,0.5733830845771144,0.518710983509374,0.3412083243048838,0.3848041892051697,0.18091516196727753,417.0436307415366,274.33149274112657,0.3967910956345036,39672.515553411096,26444.235170484055,0.3999627156651376,0.9891540130151844,0.010845986984815618,0.8735555320888302,0.8690579291411311,2.9036144578313254,0.4819277108433735,0.29518072289156627,1.0
bace,44,all,4992,128.0,750.0,6.656,2.0,13.0,0.5853333333333334,0.2588141025641026,0.26523184864662397,0.19844862466225793,0.0,0.0,1324.0373884439468,990.6555343139917,0.42798572742583624,119054.44201591611,88399.77726555616,0.4261170371551519,0.9696180555555556,0.030381944444444444,0.842878750045589,0.8480265899004339,3.522666666666667,0.448,0.368,1.0
bace,44,root,4723,107.0,730.0,6.46986301369863,2.0,12.0,0.5835616438356165,0.23565530383230998,0.24427730036241233,0.17538479306813382,0.0,0.0,1153.7216896116734,828.342377660796,0.4179190730200173,102444.90154632926,73776.91821920872,0.4186593823475915,0.968299711815562,0.03170028818443804,0.8426211616918866,0.8437210861452787,3.4876712328767123,0.4506849315068493,0.363013698630137,1.0
bace,44,branch_origin,22,21.0,18.0,1.2222222222222223,1.0,2.0,0.16666666666666666,0.6818181818181818,0.6783371865749359,0.6957421858202327,0.3526982367038727,0.5636402070522308,14.92341810464859,15.30632808804512,0.5063333310996846,1570.6555297374725,1405.7401973307133,0.4722961347331987,0.8333333333333334,0.16666666666666666,0.3602324386305041,0.028571428571428574,1.0,1.0,0.0,1.0
bace,44,branch_suffix,247,19.0,79.0,3.1265822784810124,2.0,6.400000000000006,0.5063291139240507,0.6639676113360324,0.6291185454559712,0.5951693464176133,0.35269826650619507,0.525948703289032,155.3922807276249,147.0068285651505,0.4861351242368297,15038.884939849377,13217.118849016726,0.4677632034514645,0.9904761904761905,0.009523809523809525,0.8646512527424958,0.8447326146188353,2.278481012658228,0.569620253164557,0.2911392405063291,1.0
bace,45,all,5440,128.0,712.0,7.640449438202247,2.0,16.0,0.6025280898876404,0.40294117647058825,0.31925548883702826,0.24111960647809183,0.04974186420440674,0.0,1736.7498592734337,1311.6906592408195,0.43028251700318887,153183.48279477656,115084.68574103247,0.4289912081972212,0.9654333008763388,0.03456669912366115,0.8106490663834681,0.8597230554120313,3.8103932584269664,0.43679775280898875,0.3848314606741573,1.0
bace,45,root,5113,112.0,695.0,7.3568345323741005,2.0,15.600000000000023,0.5956834532374101,0.3819675337375318,0.3039883150062098,0.2266279874501013,0.04974186047911644,0.0,1554.292254626751,1158.748899832368,0.4271033257007042,136919.6310889572,101566.19571915362,0.42587937857152103,0.9637959407569939,0.036204059243006036,0.809936079379922,0.8538407722562505,3.729496402877698,0.4446043165467626,0.3697841726618705,1.0
bace,45,branch_origin,17,16.0,16.0,1.0625,1.0,1.0,0.0625,0.5294117647058824,0.790393087793799,0.42594820485614676,0.7148927450180054,0.011983850039541721,13.436682492494583,7.241119482554495,0.35018806598939584,1620.707183778286,850.9076288659126,0.34427194096461533,1.0,0.0,0.873464175907754,0.7857142857142858,1.0,1.0,0.0,1.0
bace,45,branch_suffix,310,14.0,84.0,3.6904761904761907,1.0,8.400000000000006,0.4642857142857143,0.7419354838709677,0.5452287811425425,0.47000206427708746,0.45512712001800537,0.4134324789047241,169.02092215418816,145.70063992589712,0.4629509302220008,14643.144522041082,12667.58239301294,0.46383175491496736,0.9775784753363229,0.02242152466367713,0.8380196427092915,0.8144194436578065,2.488095238095238,0.5833333333333334,0.2857142857142857,1.0
bace,46,all,5248,128.0,751.0,6.988015978695073,2.0,14.0,0.59254327563249,0.4895198170731707,0.4298389395216207,0.3112022923512374,0.20614920556545258,0.0,2255.7947546094656,1633.189630259294,0.41995273537577044,194015.27483408153,140657.52217676328,0.4202837022699678,0.9483642096964919,0.05163579030350808,0.8100699360817257,0.8345550637824333,3.4953395472703064,0.4647137150466045,0.35419440745672437,1.0
bace,46,root,5084,116.0,741.0,6.860998650472335,2.0,14.0,0.5856950067476383,0.4950826121164437,0.43307604031369124,0.3106874032591797,0.20614922046661377,0.0,2201.7585889548063,1579.5347581696697,0.4177234118508269,189076.60307227075,135685.51329197572,0.4177996953924073,0.9475160256410257,0.05248397435897436,0.8087338354616048,0.8306302419527637,3.44804318488529,0.46963562753036436,0.3522267206477733,1.0
bace,46,branch_origin,12,12.0,10.0,1.2,1.0,2.0,0.2,0.6666666666666666,0.2892118841409683,0.3423505052924156,0.0,0.42773061990737915,3.47054260969162,4.108206063508987,0.5420691779944584,325.13409638404846,388.95379143953323,0.5446861626864973,1.0,0.0,0.977807822816667,0.316227766016838,1.1,0.9,0.0,1.0
bace,46,branch_suffix,152,12.0,43.0,3.5348837209302326,1.0,5.800000000000004,0.46511627906976744,0.2894736842105263,0.33266857266426086,0.3259649080665488,0.0,0.0,50.56562304496765,49.54666602611542,0.4949109293758645,4613.537665426731,4583.055093348026,0.49834272469825186,1.0,0.0,0.8823732986632691,0.7729419116901914,2.5348837209302326,0.5813953488372093,0.18604651162790697,1.0
bace,47,all,5440,128.0,777.0,7.001287001287001,2.0,14.0,0.6164736164736164,0.4744485294117647,0.43751866880270157,0.305399576016712,0.2914486229419708,0.0,2380.1015582866967,1661.3736935309134,0.41108100137041,195755.47303439304,136237.97015238786,0.41036343623129873,0.9759576202118989,0.02404237978810106,0.8190532740002882,0.8368463198715926,3.6126126126126126,0.44015444015444016,0.3564993564993565,1.0
bace,47,root,5297,119.0,762.0,6.951443569553806,2.0,14.0,0.6076115485564304,0.4721540494619596,0.44377253957870594,0.30251411466196615,0.2914486229419708,0.0,2350.6631421484053,1602.4172653644346,0.4053591377294112,192751.26400035247,130992.30455792183,0.4046174728389794,0.9757998359310911,0.02420016406890894,0.8177421279578981,0.8406745713351053,3.5984251968503935,0.4461942257217848,0.3543307086614173,1.0
bace,47,branch_origin,9,9.0,7.0,1.2857142857142858,1.0,2.0,0.2857142857142857,0.6666666666666666,0.8724154217375649,0.8767660583058993,0.21130676567554474,0.30715927481651306,7.851738795638084,7.890894524753094,0.5012436206928382,951.236123919487,797.7689413577318,0.45612729042113115,1.0,0.0,1.0,0.9999999999999999,1.0,1.0,0.0,1.0
bace,47,branch_suffix,134,9.0,39.0,3.4358974358974357,2.0,5.800000000000011,0.6153846153846154,0.5522388059701493,0.16109460703472592,0.38108607195317745,0.21130673587322235,0.18048317730426788,21.586677342653275,51.06553364172578,0.7028765257082772,2052.9729101210833,4447.896653108299,0.6842002611876363,1.0,0.0,0.9855422799877578,0.0545716686106652,2.4871794871794872,0.48717948717948717,0.23076923076923078,1.0
bace,48,all,4736,128.0,684.0,6.923976608187134,2.0,14.0,0.652046783625731,0.43728885135135137,0.39749118901877284,0.28487213849532694,0.049927618354558945,0.0,1882.5182711929083,1349.1544479138684,0.41747867596158367,163016.1569833681,117612.73025200912,0.41910414644291966,0.9477911646586346,0.05220883534136546,0.8151338011940944,0.8521458956355737,3.685672514619883,0.3961988304093567,0.4152046783625731,1.0
bace,48,root,4380,109.0,668.0,6.5568862275449105,2.0,13.0,0.625748502994012,0.4075342465753425,0.37420169124932595,0.261800667873773,0.049927618354558945,0.0,1639.0034076720476,1146.6869252871256,0.4116347433596565,140811.4271254167,99364.43914628797,0.41371533571936653,0.9567504383401519,0.04324956165984804,0.8258027597972519,0.8673907258472959,3.56437125748503,0.4161676646706587,0.39520958083832336,1.0
bace,48,branch_origin,19,19.0,19.0,1.0,1.0,1.0,0.0,0.6842105263157895,0.7476865492368999,0.5327044290147329,0.8919389247894287,0.49999985098838806,14.206044435501099,10.121384151279926,0.4160482524971522,1323.7520371079445,950.2483450323343,0.4178751914447633,0.8333333333333334,0.16666666666666666,0.8093438333649952,0.6830133066298876,1.0,1.0,0.0,1.0
bace,48,branch_suffix,337,18.0,98.0,3.438775510204082,2.0,8.299999999999997,0.5714285714285714,0.8100890207715133,0.6804415996598207,0.5707600548233317,0.7151826024055481,0.4702359735965729,229.30881908535957,192.3461384754628,0.4561695173421909,20880.977820843458,17298.04276068881,0.45307717424936034,0.895910780669145,0.10408921933085502,0.722198294563723,0.73692160866346,2.4183673469387754,0.47959183673469385,0.2653061224489796,1.0
bace,49,all,5184,128.0,732.0,7.081967213114754,2.0,14.0,0.6202185792349727,0.49112654320987653,0.3997176972973839,0.3029092522659163,0.3057882636785507,0.0,2072.136542789638,1570.28156374651,0.431109641402428,176373.93687353283,134496.44858684158,0.43264477697887815,0.9761808639483246,0.023819136051675415,0.8444241175864525,0.6998220913202822,3.7226775956284155,0.44672131147540983,0.3524590163934426,1.0
bace,49,root,4482,98.0,690.0,6.495652173913044,2.0,13.0,0.5956521739130435,0.4736724676483713,0.38358950020977295,0.2886264957066805,0.3057882487773895,0.0,1719.2481399402022,1293.623953757342,0.4293657060528391,145792.56473550573,110633.0860844804,0.43144313266127243,0.9803921568627451,0.0196078431372549,0.8495832624804637,0.644591717366445,3.572463768115942,0.463768115942029,0.336231884057971,1.0
bace,49,branch_origin,31,30.0,29.0,1.0689655172413792,1.0,1.0,0.06896551724137931,0.6129032258064516,0.4908405184265106,0.43330231885756215,0.3619915843009949,0.3396264314651489,15.216056071221828,13.432371884584427,0.46886942296816614,1402.7399095073342,1203.3284474015236,0.4617409379195372,0.8,0.2,0.5444970804186154,0.4591944872238993,1.0,1.0,0.0,1.0
bace,49,branch_suffix,671,29.0,167.0,4.017964071856287,2.0,7.0,0.562874251497006,0.6020864381520119,0.5032374765696185,0.3922879852527328,0.3619915843009949,0.25292232632637024,337.672346778214,263.2252381045837,0.4380534133049047,29178.632228519768,22660.03405495966,0.4371261006416215,0.9595687331536388,0.04043126684636118,0.8553094685386987,0.8866076541222881,2.694610778443114,0.48502994011976047,0.2694610778443114,1.0
bace,50,all,5376,128.0,782.0,6.874680306905371,2.0,14.0,0.6138107416879796,0.44828869047619047,0.3567775786879273,0.2858087673471995,0.19137153029441833,0.0,1918.036263026297,1536.5079332585447,0.4447787742623087,160567.56692330167,129020.63637272269,0.44553139563090055,0.9487847222222222,0.051215277777777776,0.8317912784636354,0.7991106279277728,3.579283887468031,0.4462915601023018,0.3734015345268542,1.0
bace,50,root,5120,116.0,762.0,6.7191601049868765,2.0,14.0,0.6115485564304461,0.4326171875,0.35515722074342193,0.27715162352060363,0.19137151539325714,0.0,1818.4049702063203,1419.0163124254905,0.4383168542315639,152009.6130120568,118907.88334906287,0.43890809913053574,0.9515151515151515,0.048484848484848485,0.8352260944649891,0.8000726295696123,3.5446194225721785,0.4540682414698163,0.37270341207349084,1.0
bace,50,branch_origin,12,12.0,11.0,1.0909090909090908,1.0,1.0,0.09090909090909091,0.6666666666666666,0.3479696686069171,0.5014581937963764,0.42397408187389374,0.4424627423286438,4.175636023283005,6.017498325556517,0.5903481813953539,345.44043597579,412.57940839231014,0.5442857617220347,1.0,0.0,0.8332998725586062,0.6668859288553501,1.0,1.0,0.0,1.0
bace,50,branch_suffix,244,12.0,76.0,3.210526315789474,1.0,8.5,0.4605263157894737,0.7663934426229508,0.3912117081831713,0.4568611578176134,0.5508659482002258,0.44721342623233795,95.4556567966938,111.47412250749767,0.5387050761003696,8212.51347526908,9700.1736152675,0.5415253203631398,0.9090909090909091,0.09090909090909091,0.7323693113499306,0.7592546520199349,2.289473684210526,0.5526315789473685,0.25,1.0
bace,51,all,5696,128.0,909.0,6.266226622662266,2.0,13.0,0.5852585258525853,0.5435393258426966,0.5509201522649716,0.36970909279275116,0.3615576922893524,0.20477604120969772,3138.041187301278,2105.8629925475107,0.40158304200902356,269321.91215693206,181200.09706699604,0.40220032175371945,0.9602713178294574,0.03972868217054264,0.8046070032886844,0.8416463872579819,3.4356435643564356,0.45544554455445546,0.3696369636963696,1.0
bace,51,root,5696,128.0,909.0,6.266226622662266,2.0,13.0,0.5852585258525853,0.5435393258426966,0.5509201522649716,0.36970909279275116,0.3615576922893524,0.20477604120969772,3138.041187301278,2105.8629925475107,0.40158304200902356,269321.91215693206,181200.09706699604,0.40220032175371945,0.9602713178294574,0.03972868217054264,0.8046070032886844,0.8416463872579819,3.4356435643564356,0.45544554455445546,0.3696369636963696,1.0
bace,51,branch_origin,0,,,,,,,,,,,,,,,,,,,,,,,,,
bace,51,branch_suffix,0,,,,,,,,,,,,,,,,,,,,,,,,,
bace,52,all,4928,128.0,828.0,5.951690821256038,2.0,14.0,0.5785024154589372,0.47280844155844154,0.49403272083334554,0.33486602830267753,0.3521099388599396,0.0,2434.5932482667267,1650.2197874755948,0.4039890621764295,200656.533213377,135434.93756650056,0.40297046887929927,0.9206008583690987,0.07939914163090128,0.7419213744421651,0.791687804699476,3.3091787439613527,0.47705314009661837,0.3321256038647343,1.0
bace,52,root,4760,116.0,812.0,5.862068965517241,2.0,14.0,0.5788177339901478,0.4592436974789916,0.4750326294898048,0.3207636169731072,0.3521099388599396,0.0,2261.1553163714707,1526.8348167919903,0.40307254325313824,186523.1763136387,125488.9773859423,0.4021925937755893,0.9217749313815188,0.07822506861848125,0.7359117503956176,0.7803206513243879,3.2881773399014778,0.47783251231527096,0.33251231527093594,1.0
bace,52,branch_origin,12,12.0,12.0,1.0,1.0,1.0,0.0,0.8333333333333334,0.9063638399044672,0.5589380034555992,0.8589959144592285,0.6592484712600708,10.876366078853607,6.70725604146719,0.38144905501099574,869.7879664897919,514.8084381446242,0.37181119091563153,0.9,0.1,0.8909631766884212,0.8449887057152898,1.0,1.0,0.0,1.0
bace,52,branch_suffix,156,12.0,41.0,3.8048780487804876,1.0,7.0,0.4634146341463415,0.8589743589743589,1.042061319335913,0.7479340682188288,0.8589959144592285,0.6870744228363037,162.56156581640244,116.67771464213729,0.4178413382620812,13263.56893324852,9431.15174241364,0.415565887643976,0.9029850746268657,0.09701492537313433,0.8179382185794833,0.8019116554028893,2.6097560975609757,0.6097560975609756,0.2682926829268293,1.0
bace,53,all,4992,128.0,754.0,6.620689655172414,2.0,12.0,0.6352785145888594,0.6464342948717948,0.6153850474526198,0.4330288124258051,0.3698623478412628,0.2816388010978699,3072.002156883478,2161.679831629619,0.4130323233956669,249835.32466855645,176753.1992120184,0.4143411960643863,0.9792376820576387,0.020762317942361327,0.8526981122251714,0.8184627418676867,3.449602122015915,0.4230769230769231,0.3753315649867374,1.0
bace,53,root,4689,113.0,718.0,6.530640668523677,2.0,12.0,0.628133704735376,0.6427809767541054,0.6098664662913743,0.4265407268823903,0.3698623478412628,0.2816387712955475,2859.663860440254,2000.049468351528,0.41155708846076694,232128.87659934163,163633.37146843597,0.4134638214416358,0.9804246848042468,0.019575315195753153,0.8554700189537499,0.8140853890373809,3.434540389972145,0.4331476323119777,0.3732590529247911,1.0
bace,53,branch_origin,15,15.0,13.0,1.1538461538461537,1.0,1.8000000000000007,0.15384615384615385,0.8666666666666667,0.8709290564060211,0.6287146588166554,0.9065939784049988,0.5773497819900513,13.063935846090317,9.430719882249832,0.4192426857357063,1190.2699832320213,799.7484480142593,0.40187992003340584,0.9230769230769231,0.07692307692307693,0.7801110936285518,0.7192426489454564,1.0,1.0,0.0,1.0
bace,53,branch_suffix,288,15.0,118.0,2.440677966101695,1.0,5.0,0.4491525423728814,0.6944444444444444,0.6919248631844918,0.5284709840133373,0.7625145018100739,0.44048555195331573,199.27436059713364,152.19964339584112,0.43303243388345397,16516.1780859828,12320.079295568168,0.42724265956408,0.965,0.035,0.8117326323481214,0.8188008945203397,1.8983050847457628,0.5932203389830508,0.16101694915254236,1.0
bace,54,all,5312,128.0,849.0,6.2567726737338045,2.0,13.0,0.5795053003533569,0.6440135542168675,0.660420820415048,0.4631351722091933,0.5590571165084839,0.354309618473053,3508.155398044735,2460.1740347752348,0.41220479909280566,288176.0794213228,201386.50388784893,0.41136008092486925,0.9409529377375037,0.05904706226249635,0.750756850288138,0.8341528184347076,3.288574793875147,0.4664310954063604,0.34275618374558303,1.0
bace,54,root,5170,120.0,840.0,6.154761904761905,2.0,12.0,0.5821428571428572,0.641779497098646,0.6552493032860629,0.4599275467158935,0.5590570569038391,0.3535531908273697,3387.6388979889452,2377.8254165211692,0.4124256585088603,277314.25231860206,194115.08176265843,0.41175859822333144,0.9391199517781796,0.060880048221820374,0.7444600876735318,0.8308226850892505,3.255952380952381,0.4654761904761905,0.3380952380952381,1.0
bace,54,branch_origin,8,8.0,8.0,1.0,1.0,1.0,0.0,0.625,1.096156356856227,0.8890329748392105,0.48548275232315063,0.5381176173686981,8.769250854849815,7.112263798713684,0.44783283923850326,942.2276050597429,617.573662519455,0.39593099156658923,1.0,0.0,0.6795466571089225,0.7999999999999999,1.0,1.0,0.0,1.0
bace,54,branch_suffix,134,8.0,42.0,3.1904761904761907,1.0,8.699999999999996,0.4523809523809524,0.7313432835820896,0.833934695529404,0.5614653317563569,0.7614173293113708,0.5767923295497894,111.74724920094013,75.23635445535183,0.40236872637051535,9919.599497660995,6653.8484626710415,0.40147641447915927,1.0,0.0,0.8947973291647323,0.810868201548231,2.4285714285714284,0.5952380952380952,0.30952380952380953,1.0
bace,55,all,3840,128.0,593.0,6.475548060708263,2.0,13.0,0.5767284991568297,0.5958333333333333,0.4561699370193916,0.41557090746136965,0.24496784806251526,0.18358217179775238,1751.6925581544638,1595.7922846516594,0.47671381935636825,143342.75546836108,131639.81392409,0.47872057568934706,0.9289501590668081,0.07104984093319194,0.77016832430846,0.834062404418971,3.3322091062394605,0.4822934232715008,0.3473861720067454,1.0
bace,55,root,3360,99.0,553.0,6.075949367088608,2.0,13.0,0.546112115732369,0.5616071428571429,0.43965856002288917,0.3941335067377492,0.24496783316135406,0.11952273175120354,1477.2527616769075,1324.2885826388374,0.4726999961381203,121240.11615321785,109544.93782226462,0.4746621842933649,0.9280254777070064,0.07197452229299363,0.7688429159677622,0.8370625129082581,3.2007233273056057,0.5117540687160941,0.33815551537070526,1.0
bace,55,branch_origin,29,29.0,29.0,1.0,1.0,1.0,0.0,0.8620689655172413,0.4663216857046917,0.6751966766113865,0.32094794511795044,0.7287033796310425,13.523328885436058,19.58070362173021,0.591489982904374,922.7437771111727,1503.7017355300486,0.6197137861518459,0.8461538461538461,0.15384615384615385,0.8522024125198141,0.8775799223697635,1.0,1.0,0.0,1.0
bace,55,branch_suffix,451,26.0,150.0,3.006666666666667,1.0,5.0,0.48,0.8337028824833703,0.5785287529758762,0.5585875795811349,0.5836521983146667,0.5272844433784485,260.91646759212017,251.92299839109182,0.4912316915939892,21179.895538032055,20591.174366295338,0.49295300344131565,0.9372937293729373,0.0627062706270627,0.731617147913771,0.7647593557202012,2.18,0.5733333333333334,0.24,1.0
bace,56,all,4416,128.0,691.0,6.3907380607814765,2.0,13.0,0.6107091172214182,0.5448369565217391,0.510805882068108,0.4192677654629232,0.5207154154777527,0.2138006091117859,2255.7187752127647,1851.486452284269,0.45078985580970843,182610.57552148402,151158.42761068325,0.4528833600249778,0.9389692585895117,0.06103074141048825,0.8420070953458796,0.8621967360863542,3.399421128798842,0.44862518089725034,0.38205499276411,1.0
bace,56,root,3943,109.0,650.0,6.0661538461538465,2.0,13.0,0.6061538461538462,0.5219376109561248,0.5099525623233252,0.40041948191187626,0.5207154154777527,0.1614282876253128,2010.7429532408714,1578.854017178528,0.4398415839408451,162650.20788110793,128581.18336709123,0.4415086670980092,0.9332321699544764,0.06676783004552352,0.8382468581593719,0.8636351118925237,3.273846153846154,0.4553846153846154,0.3723076923076923,1.0
bace,56,branch_origin,19,19.0,19.0,1.0,1.0,1.0,0.0,0.7894736842105263,0.5196305011448107,0.7191621649422144,0.6069335341453552,0.6062774658203125,9.872979521751404,13.664081133902073,0.5805347292003283,779.6293461322784,1085.918358400464,0.5820909086173435,0.8888888888888888,0.1111111111111111,0.5413334967780666,0.32208016421988495,1.0,1.0,0.0,1.0
bace,56,branch_suffix,454,19.0,145.0,3.1310344827586207,1.0,6.599999999999994,0.4,0.7334801762114538,0.5178476705950262,0.5704148765899536,0.7370991706848145,0.5861969590187073,235.1028424501419,258.96835397183895,0.524151895207136,19180.738294243813,21491.32588519156,0.5284050937365017,0.9911504424778761,0.008849557522123894,0.8764584191610658,0.5101275282959182,2.2482758620689656,0.6275862068965518,0.25517241379310346,1.0
bace,57,all,3840,128.0,559.0,6.869409660107334,3.0,13.0,0.627906976744186,0.4153645833333333,0.3388433092817043,0.3088238069338937,0.049927614629268646,0.0,1301.1583076417446,1185.883418626152,0.4768248984731396,101308.0945827663,92281.12530795392,0.47668524807345153,0.9282477341389728,0.07175226586102719,0.7673389054208086,0.7975748249176063,3.5008944543828266,0.40608228980322003,0.3953488372093023,1.0
bace,57,root,3307,89.0,519.0,6.371868978805395,2.0,11.0,0.6204238921001927,0.37284547928636225,0.3000730969482655,0.2562155970494765,0.049927614629268646,0.0,992.341731607914,847.3049794426188,0.46058027030568477,77321.59817826748,65153.25718170311,0.4572965314973636,0.919889502762431,0.08011049723756906,0.7453531897105024,0.7835770731231918,3.3641618497109826,0.4238921001926782,0.37764932562620424,1.0
bace,57,branch_origin,39,39.0,36.0,1.0833333333333333,1.0,1.0,0.08333333333333333,0.717948717948718,0.5919974346955618,0.78241144044277,0.38771727681159973,0.8660224676132202,23.087899953126907,30.51404617726803,0.5692712369628776,1805.3047060966492,2195.3063534498215,0.5487427597369817,0.8333333333333334,0.16666666666666666,0.5723719877590772,0.635091628769366,1.0,1.0,0.0,1.0
bace,57,branch_suffix,494,32.0,161.0,3.0683229813664594,1.0,5.0,0.4720496894409938,0.6761133603238867,0.5783981297180237,0.6236121315916299,0.3877173066139221,0.3820173740386963,285.72867608070374,308.06439300626516,0.5188076605204439,22181.191698402166,24932.561772800982,0.5291992239174969,0.9734513274336283,0.02654867256637168,0.8048558311985845,0.8173040850508383,2.2546583850931676,0.5838509316770186,0.2236024844720497,1.0
bace,58,all,5120,128.0,675.0,7.5851851851851855,2.0,16.0,0.6192592592592593,0.4001953125,0.34860835627114284,0.2793244514319667,0.14404258131980896,0.0,1784.8747841082513,1430.1411913316697,0.44483175270567,154711.15243382007,118793.85076036816,0.43433885805746913,0.9346368715083799,0.06536312849162011,0.7850858083456349,0.8710611326707105,3.5748148148148147,0.4414814814814815,0.38074074074074077,1.0
bace,58,root,4650,106.0,642.0,7.242990654205608,2.0,15.0,0.6261682242990654,0.3849462365591398,0.33446235168685196,0.26528903936947223,0.05183758959174156,0.0,1555.2499353438616,1233.594033068046,0.44233167830128167,136181.62919440866,102679.1500669173,0.4298702800202332,0.9256198347107438,0.0743801652892562,0.788315661227539,0.8644552953102866,3.514018691588785,0.43302180685358255,0.38317757009345793,1.0
bace,58,branch_origin,22,22.0,20.0,1.1,1.0,1.1000000000000014,0.1,0.5454545454545454,0.5934452698989348,0.4690556431358511,0.14404259622097015,0.34438514709472656,13.055795937776566,10.319224148988724,0.4414637553544148,1002.8664238899946,957.3918665647507,0.48840087616344285,1.0,0.0,0.6923919279220018,0.33144431589465956,1.0,1.0,0.0,1.0
bace,58,branch_suffix,448,22.0,114.0,3.9298245614035086,1.0,8.0,0.4473684210526316,0.5513392857142857,0.4834130643451187,0.4156873529344531,0.14404261112213135,0.1825740933418274,216.5690528266132,186.227934114635,0.46233695919328627,17526.65681552142,15157.308826886117,0.46375366418876257,1.0,0.0,0.793415786378753,0.7542959016951907,2.3596491228070176,0.6403508771929824,0.23684210526315788,1.0
bace,59,all,4672,128.0,743.0,6.288021534320323,2.0,12.0,0.620457604306864,0.5794092465753424,0.5378145850582482,0.3947488667256213,0.3554252088069916,0.2294156402349472,2512.6697413921356,1844.2667053421028,0.4232943784902993,205794.87022522092,149414.09077358805,0.42063716622872316,0.9517786561264822,0.048221343873517786,0.8089772300699865,0.8204303856293789,3.219380888290713,0.4468371467025572,0.34993270524899056,1.0
bace,59,root,4195,106.0,710.0,5.908450704225352,2.0,11.0,0.6084507042253521,0.565435041716329,0.537712721418283,0.39182679970505624,0.3554252088069916,0.2177903801202774,2255.704866349697,1643.713424762711,0.4215278541697048,184921.58300605416,133589.16296873894,0.4194180719394352,0.9501113585746103,0.049888641425389756,0.8110006235199813,0.8154455382651973,3.0873239436619717,0.45774647887323944,0.3408450704225352,1.0
bace,59,branch_origin,22,22.0,21.0,1.0476190476190477,1.0,1.0,0.047619047619047616,0.6363636363636364,0.5420894555070184,0.5383487081324513,0.25823478400707245,0.4786823242902756,11.925968021154404,11.843671578913927,0.49826887484147564,939.3326044082642,879.3160621896386,0.4834996876194626,0.625,0.375,0.4888094566831877,0.29277002188455997,1.0476190476190477,0.9523809523809523,0.0,1.0
bace,59,branch_suffix,455,20.0,124.0,3.6693548387096775,2.0,7.700000000000003,0.5725806451612904,0.7054945054945055,0.5385470483984266,0.4147463934076438,0.3554252088069916,0.34889817237854004,245.0389070212841,188.70960900047794,0.4350668694645391,19933.95461475849,14945.611742659472,0.42849190237942664,0.9747292418772563,0.02527075812274368,0.7946908272014315,0.8415374699527248,2.524193548387097,0.532258064516129,0.28225806451612906,1.0
bace,60,all,4288,128.0,644.0,6.658385093167702,2.0,15.0,0.6242236024844721,0.7586287313432836,0.689521240781117,0.5367523345518083,0.491809219121933,0.36009904742240906,2956.6670804694295,2301.594010558154,0.4377101042938836,238987.07522547245,186594.2256217552,0.4384455455403985,0.9344155844155844,0.06558441558441558,0.7942162023263059,0.8247678948609182,3.3198757763975157,0.43478260869565216,0.36024844720496896,1.0
bace,60,root,3668,95.0,587.0,6.248722316865417,2.0,13.0,0.616695059625213,0.740185387131952,0.6855349426879878,0.5125378556595728,0.491809219121933,0.341754287481308,2514.542169779539,1879.988854559313,0.42780193020531765,203377.80023349077,152463.93785826766,0.4284599627797255,0.9359605911330049,0.06403940886699508,0.7951564942189531,0.825676337345541,3.2487223168654173,0.44804088586030666,0.37137989778534924,1.0
bace,60,branch_origin,33,33.0,29.0,1.1379310344827587,1.0,2.0,0.13793103448275862,0.9090909090909091,0.4900224134325981,0.8491787576314175,0.38118621706962585,0.9128671884536743,16.170739643275738,28.022899001836777,0.6340934999009245,1236.1223731637,2012.637351423502,0.6195094503885582,0.7,0.3,0.7251595203083886,0.6291191299184216,1.0,1.0,0.0,1.0
bace,60,branch_suffix,587,30.0,153.0,3.8366013071895426,2.0,8.800000000000011,0.5228758169934641,0.8654173764906303,0.7256459472685087,0.670497882448048,0.5515375733375549,0.5773501396179199,425.95417104661465,393.58225699700415,0.48024986264070707,34373.152618817985,32117.650412064046,0.4830389910789139,0.9358669833729216,0.06413301662707839,0.781105120810874,0.802995189683913,2.4444444444444446,0.5424836601307189,0.24836601307189543,1.0
bace,61,all,4160,128.0,710.0,5.859154929577465,2.0,11.0,0.5845070422535211,0.4704326923076923,0.4226512310901084,0.3450916499362882,0.055717822164297104,0.0,1758.2291213348508,1435.581263734959,0.4494885702814132,144644.5321675092,117673.47576911701,0.44859091716473354,0.9720149253731343,0.027985074626865673,0.7422687429037762,0.8440003790534928,3.3183098591549296,0.4676056338028169,0.36338028169014086,1.0
bace,61,root,3741,99.0,677.0,5.525849335302807,2.0,11.0,0.5627769571639586,0.4672547447206629,0.4181942890565748,0.3389661695553745,0.055717822164297104,0.0,1564.4648353606462,1268.072440306656,0.447680760002679,127433.87784418091,103082.05457809893,0.4471797393564274,0.968986905582357,0.031013094417643005,0.7229728945085478,0.842763770541564,3.2141802067946825,0.4844903988183161,0.35302806499261447,1.0
bace,61,branch_origin,29,29.0,27.0,1.0740740740740742,1.0,1.0,0.07407407407407407,0.5517241379310345,0.2707036517817399,0.44579120841005754,0.0,0.1827705204486847,7.850405901670456,12.927945043891668,0.6221834002978095,542.9255695007741,906.621857944876,0.6254516691064727,1.0,0.0,0.9919151720038972,1.0,1.0,1.0,0.0,1.0
bace,61,branch_suffix,390,28.0,149.0,2.61744966442953,1.0,4.0,0.40939597315436244,0.4948717948717949,0.47670225659624127,0.3963612266266957,0.37492093443870544,0.0,185.91388007253408,154.58087838441133,0.453989010241863,16667.728753827512,13684.799333073199,0.4508619280045793,1.0,0.0,0.9018326075091668,0.8374868016303113,2.0201342281879193,0.6442953020134228,0.1610738255033557,1.0
bace,62,all,3584,128.0,531.0,6.749529190207157,2.0,13.0,0.591337099811676,0.5959821428571429,0.4841657662972076,0.44877401279122103,0.2398279383778572,0.3333332687616348,1735.250106409192,1608.406061843736,0.4810321339601534,134894.7143780589,126643.82924316009,0.4842262539573356,0.9443488238668961,0.055651176133103844,0.8089603325999343,0.8398447193431425,3.3954802259887007,0.4708097928436911,0.3672316384180791,1.0
bace,62,root,3171,102.0,509.0,6.229862475442043,2.0,12.0,0.5972495088408645,0.5912961210974456,0.48460038511939546,0.4526971103934097,0.2398279309272766,0.3333333134651184,1536.667821213603,1435.5025370575022,0.4829812440133901,120243.34848597646,113546.10508162458,0.4856767632111871,0.9376231122783979,0.0623768877216021,0.8061029400458187,0.8317906341023126,3.280943025540275,0.45972495088408644,0.35952848722986247,1.0
bace,62,branch_origin,26,26.0,24.0,1.0833333333333333,1.0,1.0,0.08333333333333333,0.6153846153846154,0.3632245808839798,0.4476133713928553,0.0,0.12573735043406487,9.443839102983475,11.637947656214237,0.5520380122019876,662.9174150526524,874.3744266778231,0.5687758192312853,1.0,0.0,0.9293613017481306,0.942857142857143,1.0,1.0,0.0,1.0
bace,62,branch_suffix,387,24.0,103.0,3.7572815533980584,1.0,7.799999999999997,0.4854368932038835,0.6330749354005168,0.4887298348646139,0.4167069176486296,0.3874104917049408,0.2888008654117584,189.1384460926056,161.26557713001966,0.4602275272038213,13988.4484770298,12223.349734857678,0.4663300715215406,0.9906542056074766,0.009345794392523364,0.834294291949685,0.8438485666371808,2.407766990291262,0.5922330097087378,0.2815533980582524,1.0
bace,63,all,3840,128.0,638.0,6.018808777429467,2.0,13.0,0.6050156739811913,0.71796875,0.6540960311850843,0.5103901956077759,0.5599155724048615,0.3791384994983673,2511.728759750724,1959.8983511338593,0.4382964640238415,198988.79468029737,155712.35558824515,0.43899591380055036,0.9552780016116036,0.04472199838839645,0.817723208064853,0.8698575086720786,3.1677115987460813,0.47492163009404387,0.3338557993730408,1.0
bace,63,root,3020,85.0,568.0,5.316901408450704,2.0,11.0,0.602112676056338,0.7049668874172186,0.6509180659391233,0.4979877785647123,0.5336483120918274,0.37796398997306824,1965.7725591361523,1503.9230912654311,0.43344524788258193,152922.16989707947,116904.67004272988,0.43325812238992967,0.949896694214876,0.05010330578512397,0.8033136166387044,0.8561799239156117,2.9471830985915495,0.4841549295774648,0.3045774647887324,1.0
bace,63,branch_origin,44,43.0,41.0,1.0731707317073171,1.0,1.0,0.07317073170731707,0.75,0.6912838979200884,0.6385387449779294,0.5042239427566528,0.4999958574771881,30.416491508483887,28.095704779028893,0.4801683505601785,2594.3681317567825,2438.7203680723906,0.48453754948977396,1.0,0.0,0.7458724818959536,0.8636883354204278,1.0,1.0,0.0,1.0
bace,63,branch_suffix,776,42.0,226.0,3.433628318584071,1.0,8.5,0.47345132743362833,0.7667525773195877,0.6643552952398037,0.5513911792389166,0.5599156022071838,0.40824809670448303,515.5397091060877,427.8795550893992,0.4535412528959525,43472.256651461124,36368.96517744288,0.45551613996313667,0.9732824427480916,0.026717557251908396,0.8769541697810253,0.8995081054769047,2.3584070796460175,0.5929203539823009,0.23893805309734514,1.0
bace,64,all,4480,128.0,678.0,6.607669616519174,2.0,12.0,0.6091445427728613,0.6703125,0.549990448427187,0.439128358358302,0.4257700443267822,0.2983860373497009,2463.957208953798,1967.295045445193,0.443959163798951,194294.23290604725,154587.21327141445,0.4430938215980172,0.9570241964608162,0.04297580353918382,0.7853992696475168,0.795662207377542,3.2389380530973453,0.4823008849557522,0.3466076696165192,1.0
bace,64,root,3677,97.0,618.0,5.949838187702265,2.0,11.0,0.5906148867313916,0.6464509110688061,0.5548601985577497,0.4370829571976353,0.4257700741291046,0.29073354601860046,2040.2209500968456,1607.154033615705,0.44063306920524853,160246.1787665859,125901.55948270815,0.43998795955193526,0.9535730541647701,0.04642694583522986,0.7815061573589539,0.7936285580305457,3.134304207119741,0.49029126213592233,0.33495145631067963,1.0
bace,64,branch_origin,31,31.0,31.0,1.0,1.0,1.0,0.0,0.7741935483870968,0.6257262893261448,0.5051594816388623,0.4257700741291046,0.3549553453922272,19.39751496911049,15.65994393080473,0.44669364016118557,1623.9164933525026,1167.4660695940256,0.41823936464003386,0.9523809523809523,0.047619047619047616,0.7960769208496905,0.8355013566177932,1.0,1.0,0.0,1.0
bace,64,branch_suffix,772,29.0,238.0,3.2436974789915967,1.0,7.0,0.44537815126050423,0.7797927461139896,0.5237548495956499,0.4462189998687607,0.4201914668083191,0.2983860969543457,404.3387438878417,344.48106789868325,0.4600319896409046,32424.137646108866,27518.187719112262,0.4590777476757428,0.9709618874773139,0.029038112522686024,0.8226091445999633,0.7595377877876073,2.092436974789916,0.6134453781512605,0.20168067226890757,1.0
bace,65,all,4032,128.0,539.0,7.48051948051948,3.0,16.0,0.6586270871985158,0.6569940476190477,0.49674036397805643,0.43779856296754993,0.2764792740345001,0.25784820318222046,2002.8571475595236,1765.2038058851613,0.4684647694649014,158876.62327334285,140440.07590364234,0.46920227401211745,0.9672202797202797,0.03277972027972028,0.8378277045519126,0.8368469571681099,3.3933209647495364,0.41929499072356213,0.4007421150278293,1.0
bace,65,root,3573,95.0,499.0,7.160320641282565,2.0,14.199999999999989,0.6492985971943888,0.631961936747831,0.48174676328288585,0.41817588753069174,0.2764792740345001,0.2515884339809418,1721.2811852097511,1494.1424461471615,0.4646798112622663,136648.00912755728,118919.46346715686,0.465315332423945,0.9724034119417962,0.027596588058203714,0.843155619940592,0.8340505947856539,3.314629258517034,0.43286573146292584,0.3867735470941884,1.0
bace,65,branch_origin,33,33.0,30.0,1.1,1.0,1.1000000000000014,0.1,0.8181818181818182,0.540044923623403,0.6636455920383786,0.18933115899562836,0.4999988079071045,17.821482479572296,21.900304537266493,0.5513423786291891,1353.0266323834658,1779.2848680242896,0.5680421209042162,0.9166666666666666,0.08333333333333333,0.8296382838717897,0.9790209790209792,1.0,1.0,0.0,1.0
bace,65,branch_suffix,426,31.0,156.0,2.730769230769231,2.0,5.0,0.5064102564102564,0.8544600938967136,0.6191419715262915,0.5848851061050077,0.6359593272209167,0.518775463104248,263.75447987020016,249.16105520073324,0.4857740469223166,20875.587513402104,19741.327568461187,0.4860370987967104,0.9328621908127208,0.06713780918727916,0.7689024451309892,0.7745803776777499,2.019230769230769,0.6089743589743589,0.20512820512820512,1.0
bace,66,all,3776,128.0,528.0,7.151515151515151,3.0,14.300000000000011,0.634469696969697,0.4102224576271186,0.2559788191416774,0.24446669383609856,0.05697028338909149,0.0,966.576021078974,923.1062359251082,0.48849812316521823,77138.43557041511,73561.13615123555,0.48813102327262414,0.9933665008291874,0.006633499170812604,0.8220292693801474,0.776154018944618,3.297348484848485,0.4431818181818182,0.3787878787878788,1.0
bace,66,root,2708,77.0,448.0,6.044642857142857,2.0,10.0,0.6361607142857143,0.36484490398818314,0.2510155969364032,0.2200074259933233,0.0,0.0,679.7502365037799,595.7801095899194,0.4670842300337977,52711.9008368887,46348.31222567707,0.467880199252184,0.9901719901719902,0.009828009828009828,0.8257771235639747,0.7328953355779931,3.029017857142857,0.4486607142857143,0.35714285714285715,1.0
bace,66,branch_origin,51,51.0,47.0,1.0851063829787233,1.0,1.0,0.0851063829787234,0.6862745098039216,0.24201534074895523,0.5597031071197753,0.0,0.3535533547401428,12.342782378196716,28.54485846310854,0.6981292604749999,993.1340113282204,2377.1398353874683,0.7053254256190415,1.0,0.0,0.9791251551316631,0.9132515299544463,1.0,1.0,0.0,1.0
bace,66,branch_suffix,1017,49.0,246.0,4.134146341463414,2.0,8.0,0.5487804878048781,0.5172074729596854,0.2698947907541764,0.29378689072967573,0.05697029456496239,0.11180328577756882,274.4830021969974,298.7812678720802,0.5211929008519525,23433.40072219819,24835.68409017101,0.5145256883720062,1.0,0.0,0.8217482501384527,0.8586687601796451,2.524390243902439,0.5203252032520326,0.2764227642276423,1.0
bace,67,all,3968,128.0,603.0,6.580431177446103,2.0,15.0,0.6235489220563848,0.5950100806451613,0.4741915374949214,0.43019169386848116,0.35709866881370544,0.28192245960235596,1881.592020779848,1707.0006412701332,0.4756741157395695,141525.6991301477,129531.23820406472,0.4778746468471791,0.9141012909632572,0.0858987090367428,0.8039547067595966,0.7538684064166027,3.2786069651741294,0.45439469320066334,0.3880597014925373,1.0
bace,67,root,3359,89.0,569.0,5.9033391915641475,2.0,13.0,0.6221441124780316,0.5945221792200059,0.46344269584530556,0.42777788186287863,0.35709866881370544,0.28192248940467834,1556.7040153443813,1436.9059051774093,0.4799910286664717,117477.29474338889,110025.60304246651,0.4836228642064671,0.909778812572759,0.09022118742724097,0.8082734933704303,0.7524221449680261,3.1072056239015815,0.46221441124780316,0.37082601054481545,1.0
bace,67,branch_origin,39,39.0,37.0,1.054054054054054,1.0,1.0,0.05405405405405406,0.48717948717948717,0.7258254136794653,0.6523815238705049,0.35709863901138306,0.0,28.307191133499146,25.442879430949688,0.47335527495618857,1963.656868070364,1795.3103516176343,0.4776073444361263,0.8888888888888888,0.1111111111111111,0.7966052271126579,0.8284591346681658,1.0,1.0,0.0,1.0
bace,67,branch_suffix,570,36.0,186.0,3.064516129032258,2.0,6.0,0.5591397849462365,0.6052631578947368,0.5203172180736274,0.42921378361714774,0.33340492844581604,0.2766708582639694,296.5808143019676,244.65185666177422,0.4520271406124399,22084.74751868844,17710.32480998058,0.4450381359709647,0.9407665505226481,0.059233449477351915,0.7926138887182069,0.6969229977303286,2.21505376344086,0.532258064516129,0.26881720430107525,1.0
bace,68,all,3520,128.0,498.0,7.068273092369478,2.0,17.0,0.5983935742971888,0.6349431818181818,0.5832027786242013,0.4670090014883168,0.45605000853538513,0.3022273778915405,2052.873780757189,1643.8716852388752,0.4446807875629447,156382.8149665296,125887.84014359271,0.4459827398440694,0.9468136080498323,0.05318639195016771,0.8627479380510792,0.8814773428460085,3.3514056224899598,0.4759036144578313,0.36947791164658633,1.0
bace,68,root,2911,89.0,436.0,6.676605504587156,2.0,14.5,0.6123853211009175,0.627275850223291,0.5809770668138552,0.4623913724457448,0.3769788146018982,0.2795403301715851,1691.2242414951324,1346.021285189563,0.4431717071812801,129149.48565515876,102955.01985568025,0.44357182825506325,0.9457900807381776,0.05420991926182238,0.8563866287865717,0.8686673605751091,3.2889908256880735,0.4610091743119266,0.37844036697247707,1.0
bace,68,branch_origin,39,39.0,35.0,1.1142857142857143,1.0,1.6000000000000014,0.11428571428571428,0.6923076923076923,0.5197434883851272,0.4832314756245185,0.5238842964172363,0.3439047038555145,20.26999604701996,18.846027549356222,0.4817981434877161,1469.3096067905426,1444.4401569254696,0.49573239778947986,0.8823529411764706,0.11764705882352941,0.8669882621901542,0.8697814951578575,1.0,1.0,0.0,1.0
bace,68,branch_suffix,570,38.0,185.0,3.081081081081081,1.0,7.0,0.4756756756756757,0.6701754385964912,0.5989114793246253,0.48948135526308056,0.5238843560218811,0.39086204767227173,341.3795432150364,279.00437249995593,0.4497285719898186,25764.019704580307,21488.38013098699,0.4547574346649902,0.9553571428571429,0.044642857142857144,0.8940165768576189,0.9271328712421402,2.281081081081081,0.572972972972973,0.2702702702702703,1.0
bace,69,all,4160,128.0,602.0,6.910299003322259,3.0,15.0,0.6578073089700996,0.7322115384615384,0.6427080350050416,0.5037407105216586,0.4640567898750305,0.36469513177871704,2673.665425620973,2095.5613557701,0.43939226457980946,202248.38828371465,163574.46237483714,0.4471411834454067,0.9368496591316828,0.06315034086831718,0.816874019015427,0.8802179520083422,3.3538205980066444,0.420265780730897,0.38372093023255816,1.0
bace,69,root,3413,94.0,563.0,6.0621669626998225,2.0,13.0,0.6447602131438721,0.7351303838265456,0.648811721627991,0.495161368585157,0.46405673027038574,0.34016793966293335,2214.394405916333,1689.9857509811409,0.43284354572789574,165957.1401237361,131269.1722915331,0.44164721227012566,0.9315424610051993,0.0684575389948007,0.8158843749882415,0.8761024437881468,3.149200710479574,0.4422735346358792,0.369449378330373,1.0
bace,69,branch_origin,34,34.0,32.0,1.0625,1.0,1.0,0.0625,0.6764705882352942,0.6004740704289254,0.5708054409307592,0.6172959804534912,0.47154346108436584,20.416118394583464,19.407384991645813,0.4873349489978895,1602.4660665243864,1309.1302797496319,0.44962629570027135,0.8333333333333334,0.16666666666666666,0.47169575278157905,0.4605059983845854,1.0,1.0,0.0,1.0
bace,69,branch_suffix,713,32.0,235.0,3.0340425531914894,1.0,6.0,0.4808510638297872,0.7208976157082749,0.6155047704208365,0.5416104064478446,0.7059270739555359,0.5100889801979065,438.85490131005645,386.1682197973132,0.46806957273995753,34688.78209345415,30996.159803554416,0.47189140933024176,0.9674620390455532,0.03253796095444685,0.8544441735599956,0.8361929300215041,2.1148936170212767,0.5914893617021276,0.2127659574468085,1.0
bace,70,all,3712,128.0,574.0,6.466898954703833,3.0,15.700000000000045,0.6463414634146342,0.7669719827586207,0.6287759230191144,0.5821483796509459,0.5950388312339783,0.4499611407518387,2334.016226246953,2160.9347852643114,0.48074712710556883,186182.38378743827,171353.3082094909,0.47926210458161095,0.9113428943937418,0.08865710560625815,0.784492383602404,0.8004972135220063,3.308362369337979,0.4337979094076655,0.3867595818815331,1.0
bace,70,root,2969,89.0,520.0,5.709615384615384,2.0,14.0,0.6538461538461539,0.7531155271135063,0.5999697366721223,0.5522590072356753,0.5950387716293335,0.43648993968963623,1781.310148179531,1639.65699248272,0.4792963290975385,140817.17745010555,129273.43082670955,0.4786298629614606,0.9098272138228942,0.09017278617710583,0.7634721236954258,0.7900125166123594,3.1576923076923076,0.4326923076923077,0.38461538461538464,1.0
bace,70,branch_origin,40,39.0,33.0,1.2121212121212122,1.0,2.0,0.21212121212121213,0.85,0.6399001955986023,0.686783950496465,0.6448280215263367,0.661727249622345,25.596007823944092,27.4713580198586,0.5176695240671388,2096.6014559865,2179.155644636601,0.5096537509857693,0.8421052631578947,0.15789473684210525,0.602180366424547,0.61491681099974,1.0,1.0,0.0,1.0
bace,70,branch_suffix,703,38.0,218.0,3.2247706422018347,2.0,7.300000000000011,0.5275229357798165,0.8207681365576103,0.7498009534046626,0.702427360969748,0.6946173310279846,0.5089461207389832,527.1100702434778,493.8064347617328,0.4836893441733631,43268.604881346226,39900.721738144755,0.4797528531245064,0.9209302325581395,0.07906976744186046,0.8512986097215177,0.8488412718499263,2.1926605504587156,0.5642201834862385,0.22018348623853212,1.0
bace,71,all,3648,128.0,516.0,7.069767441860465,3.0,16.0,0.6550387596899225,0.727796052631579,0.6196884774488577,0.5028180431564626,0.4542084336280823,0.33633874356746674,2260.6235657334328,1834.2802214347757,0.44794220249635075,171966.64480295777,140295.6564498064,0.4492878451447859,0.9681393372982158,0.0318606627017842,0.8351356187080995,0.8597974792425396,3.294573643410853,0.4186046511627907,0.375968992248062,1.0
bace,71,root,2871,86.0,470.0,6.108510638297872,2.0,12.0,0.6297872340425532,0.718216649251132,0.6136840275254909,0.48338879154539643,0.4542084336280823,0.33633872866630554,1761.8868430256844,1387.809220526833,0.44061686985808196,133523.46305009723,105693.39335310506,0.44183087656230147,0.9680908599242833,0.0319091400757166,0.8342368765991837,0.8693576759973103,3.0851063829787235,0.44680851063829785,0.3680851063829787,1.0
bace,71,branch_origin,42,42.0,38.0,1.105263157894737,1.0,1.3000000000000043,0.10526315789473684,0.8809523809523809,0.7291283210118612,0.6452719557675577,0.48894350230693817,0.49505773186683655,30.62338948249817,27.101422142237425,0.4694934704754195,2446.364451467991,2192.8312283717096,0.4726748729097538,0.8846153846153846,0.11538461538461539,0.7553587708523156,0.7183437685419475,1.0263157894736843,0.9736842105263158,0.0,1.0
bace,71,branch_suffix,735,40.0,236.0,3.114406779661017,2.0,7.0,0.5084745762711864,0.7564625850340136,0.636888888741837,0.5705708554635446,0.4542084038257599,0.3504435420036316,468.11333322525024,419.3695787657052,0.4725382011298699,35996.817301392555,32409.431868329644,0.47377881789599163,0.9728601252609603,0.027139874739039668,0.8525735474949442,0.8379296449866872,2.169491525423729,0.6059322033898306,0.2542372881355932,1.0
bace,72,all,3904,128.0,489.0,7.983640081799591,3.0,19.0,0.6707566462167689,0.6580430327868853,0.47344550813097874,0.4731152550584888,0.1731051504611969,0.2838694155216217,1848.331263743341,1847.0419557483401,0.4998255510447225,142912.70050293952,142339.6506593807,0.4989955387900857,0.9332013854527461,0.06679861454725383,0.8180741222397205,0.874504718664938,3.355828220858896,0.40899795501022496,0.3946830265848671,1.0
bace,72,root,2834,83.0,438.0,6.470319634703197,2.0,15.0,0.6438356164383562,0.6422018348623854,0.44709573270872643,0.4709755506637771,0.1731051355600357,0.2773497402667999,1267.0693064965308,1334.7447105811443,0.5130054269137624,96526.51233926043,102183.63280753628,0.5142346040361871,0.9115497076023392,0.08845029239766082,0.7947673535772891,0.8394692730092388,3.0433789954337898,0.4315068493150685,0.3538812785388128,1.0
bace,72,branch_origin,45,45.0,41.0,1.0975609756097562,1.0,1.0,0.0975609756097561,0.7555555555555555,0.5988122996356752,0.6402252640161249,0.6914503574371338,0.5361817479133606,26.946553483605385,28.810136880725622,0.5167117469216876,2021.9440642297268,2118.6755259633064,0.5116807955459957,0.9230769230769231,0.07692307692307693,0.7927173154731313,0.8393650246367012,1.0,1.0,0.0,1.0
bace,72,branch_suffix,1025,43.0,223.0,4.596412556053812,2.0,11.800000000000011,0.6053811659192825,0.697560975609756,0.5407955158665413,0.4716947397916782,0.6225301623344421,0.40033218264579773,554.3154037632048,483.4871082864702,0.4658758315506249,44364.244099449366,38037.34232588112,0.46160934486800526,0.9808612440191388,0.019138755980861243,0.873828263278431,0.8578666025706935,2.6547085201793723,0.484304932735426,0.33183856502242154,1.0
bace,73,all,3264,128.0,463.0,7.049676025917926,3.0,16.80000000000001,0.6565874730021598,0.6838235294117647,0.5734688108878246,0.5425323986780723,0.6522007584571838,0.47604742646217346,1871.8021987378597,1770.825749285228,0.4861396152868928,150257.1966201812,141733.6129512356,0.4854043631005776,0.9061085972850679,0.09389140271493213,0.7604336491316352,0.8050791057377679,3.086393088552916,0.43412526997840173,0.36069114470842334,1.0
bace,73,root,2292,80.0,392.0,5.846938775510204,2.0,12.0,0.6377551020408163,0.6496509598603839,0.614975861028279,0.5327283616629431,0.7354899048805237,0.44721320271492004,1409.5246734768152,1221.0134049314656,0.464168686609658,113506.45332294703,97686.28354621516,0.46254565850308393,0.8873456790123457,0.11265432098765432,0.7359704000084615,0.7731727433454673,2.811224489795918,0.45408163265306123,0.35714285714285715,1.0
bace,73,branch_origin,48,48.0,41.0,1.170731707317073,1.0,2.0,0.17073170731707318,0.75,0.42318133420000476,0.6797511662201335,0.2177332490682602,0.6377639174461365,20.312704041600227,32.62805597856641,0.6163125721303744,1612.1801491230726,2623.6291763670743,0.619392653153357,0.8947368421052632,0.10526315789473684,0.690800179146923,0.7363796133567664,1.0,1.0,0.0,1.0
bace,73,branch_suffix,924,47.0,228.0,4.052631578947368,2.0,11.0,0.5526315789473685,0.7651515151515151,0.4783169060816497,0.5597232558173117,0.3006725311279297,0.5106017291545868,441.9648212194443,517.184288375196,0.5392115607486412,35138.563148111105,41423.70022865338,0.5410459200351287,0.9602649006622517,0.039735099337748346,0.8474946130434377,0.8795250151970336,2.3859649122807016,0.5526315789473685,0.2631578947368421,1.0
bace,74,all,2880,128.0,435.0,6.620689655172414,3.0,17.600000000000023,0.6620689655172414,0.8631944444444445,0.6750671930197213,0.6709579260080217,0.676326334476471,0.5453105866909027,1944.1935158967972,1932.3588269031025,0.4984735548565884,147689.18273186684,148144.84181632317,0.5007701262306664,0.9230769230769231,0.07692307692307693,0.7888060029603403,0.8254372639425208,3.108045977011494,0.4482758620689655,0.367816091954023,1.0
bace,74,root,2017,76.0,381.0,5.293963254593176,2.0,12.0,0.6167979002624672,0.8611799702528508,0.760071899950593,0.6870568932822086,0.7431342005729675,0.549811840057373,1533.065022200346,1385.7937537502148,0.47477245736183804,116881.61220782995,105619.42204690498,0.4746918251444368,0.9273624823695346,0.07263751763046544,0.7934702149808195,0.8458847758750911,2.8451443569553807,0.47506561679790027,0.34120734908136485,1.0
bace,74,branch_origin,53,52.0,46.0,1.1521739130434783,1.0,2.0,0.15217391304347827,0.8679245283018868,0.44707919854038164,0.7622508740509456,0.0,0.5962298512458801,23.69519752264023,40.39929632470012,0.6303083759569449,1924.2382244467735,3368.1606017276645,0.6364147359926591,0.8333333333333334,0.16666666666666666,0.8329749683871063,0.7674830334784382,1.0,1.0,0.0,1.0
bace,74,branch_suffix,810,50.0,223.0,3.632286995515695,2.0,8.0,0.5381165919282511,0.8679012345679012,0.47831271132569253,0.6248960207755402,0.48292940855026245,0.5426356196403503,387.43329617381096,506.1657768281875,0.5664349842348761,28883.33229959011,39157.25916769053,0.5754985123331926,0.9128440366972477,0.0871559633027523,0.7280052750875723,0.6785508830403792,2.282511210762332,0.5560538116591929,0.25112107623318386,1.0
bace,75,all,3328,128.0,486.0,6.847736625514403,3.0,16.0,0.668724279835391,0.6424278846153846,0.5903541189707959,0.48039714843854686,0.5312337279319763,0.3658268451690674,1964.6985079348087,1598.761710003484,0.44865428887220116,147290.12851902843,120229.27716471301,0.44942263854625475,0.9191662430096594,0.08083375699034062,0.7984011748754827,0.7800058528184936,3.0699588477366255,0.4444444444444444,0.3683127572016461,1.0
bace,75,root,2342,77.0,429.0,5.459207459207459,3.0,11.0,0.6596736596736597,0.627668659265585,0.5546227661872093,0.4597541410605209,0.5312336683273315,0.35159388184547424,1298.9265184104443,1076.74419836374,0.4532379806515449,96687.60834956169,80343.91284807073,0.45383958915642664,0.9187817258883249,0.08121827411167512,0.775887971223608,0.7580062874223257,2.773892773892774,0.44988344988344986,0.34498834498834496,1.0
bace,75,branch_origin,51,51.0,49.0,1.0408163265306123,1.0,1.0,0.04081632653061224,0.6666666666666666,0.6558188509707358,0.5809799044886056,0.5314384698867798,0.4595995545387268,33.44676139950752,29.629975128918886,0.469744897400728,2210.982893228531,1984.5508237034082,0.4730151054904755,0.9090909090909091,0.09090909090909091,0.8589531219701797,0.8352642322714078,1.0204081632653061,0.9795918367346939,0.0,1.0
bace,75,branch_suffix,935,50.0,256.0,3.65234375,2.0,9.0,0.53125,0.6780748663101605,0.6762836664436973,0.5266176861078344,0.5314385294914246,0.4082481563091278,632.325228124857,492.38753651082516,0.4377895868109218,48391.5372762382,37900.813492938876,0.43921405727281143,0.9204946996466431,0.07950530035335689,0.8448064419794676,0.815564415087526,2.2578125,0.57421875,0.265625,1.0
bace,76,all,2432,128.0,352.0,6.909090909090909,3.0,17.0,0.6988636363636364,0.7660361842105263,0.6531174615527945,0.6095806670645479,0.822655200958252,0.586080014705658,1588.381666496396,1482.5001823009807,0.48276041062327396,114049.64323870093,107350.06169911561,0.4848699402253788,0.8881074168797954,0.1118925831202046,0.757979611016439,0.8038880740234462,2.9801136363636362,0.4318181818181818,0.375,1.0
bace,76,root,1724,74.0,319.0,5.4043887147335425,3.0,14.0,0.6551724137931034,0.755800464037123,0.625286568803259,0.5914518986059838,0.822655200958252,0.586080014705658,1077.9940446168184,1019.6630731967161,0.48609616154023694,77001.51577589661,73675.09013087483,0.48896170502048625,0.8874656907593779,0.11253430924062215,0.7414546157648988,0.7947196054513148,2.6426332288401255,0.4827586206896552,0.3322884012539185,1.0
bace,76,branch_origin,54,54.0,49.0,1.1020408163265305,1.0,1.2000000000000028,0.10204081632653061,0.8703703703703703,0.5378703574339548,0.718284263379044,0.6192914545536041,0.6930881142616272,29.044999301433563,38.787350222468376,0.5718119819629776,1975.0885631144047,2622.8173086568713,0.570437364705439,0.7407407407407407,0.25925925925925924,0.6236600712559354,0.7286895819935524,1.0,1.0,0.0,1.0
bace,76,branch_suffix,654,49.0,197.0,3.3197969543147208,2.0,9.0,0.5888324873096447,0.7844036697247706,0.7359978938503732,0.6483941267305752,0.8243951201438904,0.5958005487918854,481.3426225781441,424.04975888179615,0.4683602022341051,35073.03889968991,31052.154259583913,0.46959642423712084,0.8986486486486487,0.10135135135135136,0.800531001258411,0.8104760767843597,2.1116751269035534,0.5634517766497462,0.2436548223350254,1.0
bace,77,all,3520,128.0,539.0,6.530612244897959,3.0,14.0,0.6790352504638218,0.8377840909090909,0.8213223854164509,0.6224657873945075,0.6482667922973633,0.48886436223983765,2891.054796665907,2191.0795716286666,0.4311337349319107,217880.4715667069,165046.46590599732,0.43101294203874635,0.9291174426685198,0.07088255733148019,0.8050570106629924,0.846557189907339,3.066790352504638,0.4619666048237477,0.3747680890538033,1.0
bace,77,root,2711,76.0,481.0,5.636174636174636,2.0,12.0,0.6361746361746362,0.8376982663223903,0.778304996019094,0.5823423762051368,0.6482666730880737,0.44898325204849243,2109.9848442077637,1578.730181892126,0.427989196975547,157978.34128189087,118405.15756302269,0.4284089247653063,0.9157378510922871,0.08426214890771289,0.7864571636975044,0.8196315161632142,2.8357588357588357,0.4885654885654886,0.3659043659043659,1.0
bace,77,branch_origin,52,52.0,48.0,1.0833333333333333,1.0,1.0,0.08333333333333333,0.8653846153846154,0.9908715509451352,0.777674837414032,0.8849870562553406,0.6513334810733795,51.525320649147034,40.439091545529664,0.43972543922669705,3889.229499876499,3040.8889496233314,0.4387932142549168,0.9024390243902439,0.0975609756097561,0.7442641701808572,0.7912654006251646,1.0,1.0,0.0,1.0
bace,77,branch_suffix,757,49.0,266.0,2.845864661654135,1.0,6.0,0.48120300751879697,0.8361955085865258,0.9637313498137334,0.7554957703976367,0.884986937046051,0.7065865397453308,729.5446318089962,571.910298191011,0.4394391884097034,56012.90078493953,43600.4193933513,0.437696678670222,0.9814814814814815,0.018518518518518517,0.8588672295565895,0.8850954005677291,2.026315789473684,0.631578947368421,0.19548872180451127,1.0
bace,78,all,2368,128.0,375.0,6.314666666666667,3.0,15.0,0.6906666666666667,0.8209459459459459,0.7435551599121174,0.622953814984735,0.7542815208435059,0.541451632976532,1760.738618671894,1475.1546338838525,0.45587246511261076,127678.04469066858,107363.58123248303,0.45678539199514495,0.9119951778179626,0.08800482218203737,0.7912578809714249,0.7863916429532539,2.9546666666666668,0.43466666666666665,0.36,1.0
bace,78,root,1310,63.0,298.0,4.395973154362416,3.0,9.300000000000011,0.6375838926174496,0.8190839694656489,0.7231095632978978,0.6044911575151736,0.7542814612388611,0.541451632976532,947.2735279202461,791.8834163448773,0.45532602388537474,67866.52468320727,57202.86899380712,0.4573690437928462,0.9588100686498856,0.041189931350114416,0.8551773678210565,0.8469019273946294,2.5134228187919465,0.49328859060402686,0.33221476510067116,1.0
bace,78,branch_origin,67,65.0,57.0,1.1754385964912282,1.0,2.0,0.15789473684210525,0.7611940298507462,0.6997092437388291,0.6489230159725716,0.7542813420295715,0.5075756907463074,46.880519330501556,43.477842070162296,0.4811712097940102,3517.9793038368225,3175.59608604759,0.4744244893165276,0.8947368421052632,0.10526315789473684,0.7000452061712986,0.5902124498507446,1.087719298245614,0.9122807017543859,0.0,1.0
bace,78,branch_suffix,991,64.0,258.0,3.8410852713178296,2.0,10.0,0.5852713178294574,0.82744702320888,0.7735464898296129,0.6456038097566225,0.7779051065444946,0.5414516925811768,766.5845714211464,639.7933754688129,0.45492278720925683,56293.54070362449,46985.116152628325,0.4549353911333685,0.85809906291834,0.14190093708165996,0.7221021066251182,0.7057774603164703,2.313953488372093,0.5193798449612403,0.26744186046511625,1.0
bace,79,all,3584,128.0,469.0,7.641791044776119,3.0,18.19999999999999,0.720682302771855,0.6515066964285714,0.4871287386340555,0.5020682669853532,0.44517314434051514,0.3986445963382721,1745.8693992644548,1799.412668875506,0.5075513412729867,131803.99896292388,135803.79789291281,0.5074732481209127,0.8980637813211845,0.10193621867881549,0.7830617440860178,0.8372468857284627,3.189765458422175,0.42643923240938164,0.4115138592750533,1.0
bace,79,root,2805,83.0,436.0,6.43348623853211,3.0,14.0,0.7041284403669725,0.6417112299465241,0.4889647826419582,0.48496503966893467,0.44517311453819275,0.3716655969619751,1371.5462153106928,1360.3269362713618,0.49794659590383344,104007.98655723035,103107.49445643165,0.49782611107486624,0.8879941434846267,0.11200585651537336,0.7927602416386952,0.8415815898981611,2.9839449541284404,0.4288990825688073,0.3853211009174312,1.0
bace,79,branch_origin,46,45.0,44.0,1.0454545454545454,1.0,1.0,0.045454545454545456,0.8913043478260869,0.8693438794301904,0.7741954530457683,0.5611899197101593,0.6785126030445099,39.98981845378876,35.61299084010534,0.4710538030625944,3063.1218803822994,2748.3983138583135,0.4729224406003194,0.9310344827586207,0.06896551724137931,0.5577736636859265,0.791615674909388,1.0,1.0,0.0,1.0
bace,79,branch_suffix,733,42.0,227.0,3.2290748898678414,2.0,7.400000000000006,0.5682819383259912,0.6739427012278308,0.45611646043652565,0.550440302543027,0.4451731741428375,0.447213351726532,334.3333654999733,403.4727417640388,0.5468547058524984,24732.89052531123,29947.905122622848,0.5476859794697285,0.9335180055401662,0.0664819944598338,0.7919393165992609,0.8223575575246288,2.1145374449339207,0.5506607929515418,0.28634361233480177,1.0
bace,80,all,3008,128.0,400.0,7.52,4.0,17.100000000000023,0.71,0.5508643617021277,0.4401538434136223,0.41322578390010795,0.06522281467914581,0.20616453886032104,1323.9827609881759,1242.9831579715246,0.48422269605950236,101363.30008767545,94982.44144161127,0.4837509624696586,0.9387755102040817,0.061224489795918366,0.8155325848962142,0.8808248159225649,3.2775,0.405,0.3925,1.0
bace,80,root,1872,59.0,351.0,5.333333333333333,2.0,13.0,0.6666666666666666,0.5438034188034188,0.45270813717387426,0.40832444977043364,0.33498483896255493,0.18578069657087326,847.4696327894926,764.3833699702518,0.47422647639797644,63249.85104992241,57585.93969409063,0.47656360205466525,0.9583333333333334,0.041666666666666664,0.8518097211769553,0.9072756585590285,2.8119658119658117,0.43304843304843305,0.33618233618233617,1.0
bace,80,branch_origin,72,69.0,60.0,1.2,1.0,2.0,0.18333333333333332,0.6388888888888888,0.32401752534012,0.46626257037536967,0.0,0.3957914113998413,23.32926182448864,33.570905067026615,0.5899966010825883,1717.7787418216467,2459.0301264747977,0.5887341757818424,0.7619047619047619,0.23809523809523808,0.47925619731516084,0.439090277305022,1.0166666666666666,0.9833333333333333,0.0,1.0
bace,80,branch_suffix,1064,66.0,260.0,4.092307692307692,2.0,9.099999999999994,0.5961538461538461,0.5573308270676691,0.4259246864419122,0.41826022832166,0.06522279977798462,0.20616454631090164,453.1838663741946,445.0288829342462,0.49546043882909246,36395.6702959314,34937.47162104584,0.4897789538235767,0.9112554112554112,0.08874458874458875,0.7684557095077572,0.796977276171017,2.3576923076923078,0.5769230769230769,0.2846153846153846,1.0
bace,81,all,2560,128.0,377.0,6.790450928381963,4.0,16.400000000000034,0.7161803713527851,0.807421875,0.5308295035356423,0.6424078644656219,0.4978835880756378,0.5994864106178284,1358.9235290512443,1644.5641330319922,0.5475514861583658,102671.32528735697,123650.29217425245,0.5463476868056011,0.7946718648473035,0.20532813515269654,0.705212459310075,0.6802538912990022,3.026525198938992,0.41379310344827586,0.41114058355437666,1.0
bace,81,root,1931,80.0,331.0,5.833836858006042,3.0,13.0,0.6948640483383686,0.7980321077162092,0.5027066166230523,0.6226176092818819,0.4978835880756378,0.5400571823120117,970.7264766991138,1202.274603523314,0.5532784196316409,73639.93531368673,89855.68503657589,0.5495907770744854,0.7564444444444445,0.24355555555555555,0.6898790324131345,0.63919396647123,2.8187311178247736,0.4169184290030212,0.40181268882175225,1.0
bace,81,branch_origin,48,48.0,43.0,1.1162790697674418,1.0,1.8000000000000043,0.11627906976744186,0.9375,0.3834083025964598,0.7959468539338559,0.10779809206724167,0.7960288822650909,18.40359852463007,38.20544898882508,0.6749000498505742,1214.8776336759329,2702.715070042759,0.6898917969387842,0.8620689655172413,0.13793103448275862,0.7293312374901371,0.6004003471424364,1.0,1.0,0.0,1.0
bace,81,branch_suffix,581,48.0,204.0,2.8480392156862746,2.0,6.0,0.5343137254901961,0.8278829604130808,0.6364775453141142,0.6954975568327937,0.49852707982063293,0.707106351852417,369.79345382750034,404.08408051985316,0.5221550731029236,27816.51233999431,31091.892067633802,0.5278006148747033,0.9012987012987013,0.0987012987012987,0.7633050054490977,0.7867596049763959,1.9901960784313726,0.5882352941176471,0.21568627450980393,1.0
bace,82,all,3136,128.0,462.0,6.787878787878788,3.0,16.0,0.7012987012987013,0.6938775510204082,0.5991342955373455,0.5583666619044082,0.6186675429344177,0.5124078989028931,1878.8851508051157,1751.0378517322242,0.482389805653794,148023.923315458,133828.72096626926,0.47481804297886976,0.905037637521714,0.09496236247828604,0.7527288942294352,0.8031901545303021,3.1796536796536796,0.41125541125541126,0.4069264069264069,1.0
bace,82,root,2158,75.0,401.0,5.381546134663342,3.0,13.0,0.685785536159601,0.6709916589434661,0.547072305771297,0.5203580168896701,0.5731877684593201,0.4331479072570801,1180.5820358544588,1122.932600447908,0.4874866357482557,88448.40096469969,84866.11494357605,0.4896653606815614,0.8781362007168458,0.12186379928315412,0.7379318963051478,0.7663723608278034,2.8703241895261846,0.42643391521197005,0.3790523690773067,1.0
bace,82,branch_origin,53,53.0,51.0,1.0392156862745099,1.0,1.0,0.0392156862745098,0.8113207547169812,0.6472591638986794,0.5856665375835772,0.7373225688934326,0.5392487049102783,34.30473568663001,31.04032649192959,0.4750217607431365,2620.507790070027,2374.7046518605202,0.4753961276855615,0.9032258064516129,0.0967741935483871,0.7257319701412998,0.7208883589482652,1.0392156862745099,0.9607843137254902,0.0,1.0
bace,82,branch_suffix,925,50.0,268.0,3.451492537313433,2.0,8.0,0.5783582089552238,0.7405405405405405,0.7178360856908399,0.6454755943701477,0.7373226881027222,0.5798676609992981,663.9983792640269,597.0649247923866,0.4734615009982691,56955.01456068829,46587.9013708327,0.4499380855919106,0.9568965517241379,0.04310344827586207,0.786804422380894,0.8424946532229084,2.25,0.5261194029850746,0.2462686567164179,1.0
bace,83,all,2752,128.0,379.0,7.261213720316623,3.0,19.19999999999999,0.6992084432717678,0.8775436046511628,0.6935658016415356,0.6547117302064624,0.5636680126190186,0.4790235161781311,1908.693086117506,1801.7666815281846,0.48559121897484314,145818.62876050174,138007.1074844892,0.4862388778069269,0.9437314906219151,0.0562685093780849,0.8407078403937001,0.8777675335438253,3.271767810026385,0.41424802110817943,0.41952506596306066,1.0
bace,83,root,1622,55.0,322.0,5.037267080745342,2.0,13.0,0.6614906832298136,0.8853267570900123,0.7470405171872214,0.6863237257243585,0.5636680126190186,0.4999997764825821,1211.6997188776731,1113.2170831249095,0.4788201806473385,91997.7263199538,84885.50452481722,0.47989571492682054,0.946078431372549,0.05392156862745098,0.8281456328359066,0.8900790457408684,2.8260869565217392,0.43478260869565216,0.36645962732919257,1.0
bace,83,branch_origin,73,73.0,65.0,1.123076923076923,1.0,2.0,0.12307692307692308,0.8904109589041096,0.6209833985322142,0.7820738076092038,0.5399034023284912,0.598072350025177,45.33178809285164,57.09138795547187,0.557406928374643,3677.673359617591,4618.632789956406,0.5567095411725572,0.9047619047619048,0.09523809523809523,0.8225479244080123,0.8032134865251594,1.0307692307692307,0.9692307692307692,0.0,1.0
bace,83,branch_suffix,1057,68.0,259.0,4.081081081081081,2.0,10.0,0.6023166023166023,0.8647114474929044,0.6165199424285537,0.5974060647566728,0.5636679530143738,0.4713996648788452,651.6615791469812,631.4582104478031,0.49212724764164095,50143.22908093035,48502.97016971558,0.4916861525143655,0.9421052631578948,0.05789473684210526,0.8665781438487142,0.8478130596855008,2.4671814671814674,0.4864864864864865,0.3281853281853282,1.0
bace,84,all,3008,128.0,409.0,7.354523227383863,3.0,18.0,0.706601466992665,0.6379654255319149,0.5242110164340664,0.47096629713474186,0.3754813075065613,0.3273744583129883,1576.826737433672,1416.6666217813035,0.47324862686610897,111135.12022221088,101925.15443677676,0.47838647819220387,0.9409814323607427,0.059018567639257294,0.7994564231157687,0.8085348590155673,3.154034229828851,0.42053789731051344,0.38875305623471884,1.0
bace,84,root,1863,60.0,348.0,5.353448275862069,2.0,13.0,0.6264367816091954,0.5909822866344605,0.4797398858152278,0.42795546161199827,0.3754812777042389,0.2876293957233429,893.7554072737694,797.2810249831527,0.47147477710995883,63643.857800364494,57695.032346616965,0.47548673205045167,0.9389140271493213,0.06108597285067873,0.7590675872307266,0.7618405613322855,2.7614942528735633,0.45977011494252873,0.34195402298850575,1.0
bace,84,branch_origin,69,68.0,59.0,1.1694915254237288,1.0,2.0,0.1694915254237288,0.7681159420289855,0.49570275173671,0.6642666660110884,0.2844356894493103,0.5255640149116516,34.20348986983299,45.834399954765104,0.5726587751777311,2421.993365854025,3313.854795195977,0.5777445117357053,0.88,0.12,0.8302296265153866,0.7520217863483363,1.0169491525423728,0.9830508474576272,0.0,1.0
bace,84,branch_suffix,1076,63.0,254.0,4.2362204724409445,2.0,9.700000000000017,0.6023622047244095,0.7109665427509294,0.6030370262918863,0.5330401457652283,0.37548133730888367,0.3640885055065155,648.8678402900696,573.5511968433857,0.4691936066280101,45069.269055992365,40916.26729496382,0.475850579427232,0.9465776293823038,0.05342237061769616,0.8493234016281243,0.8444537107020136,2.358267716535433,0.5393700787401575,0.2677165354330709,1.0
bace,85,all,2880,128.0,450.0,6.4,3.0,14.0,0.6844444444444444,0.6607638888888889,0.4700027103846272,0.4962135875760648,0.18512457609176636,0.3162231147289276,1353.6078059077263,1429.0951322190667,0.5135636695669273,101003.46414922178,105839.95580561105,0.511691190508853,0.8584571832979476,0.14154281670205238,0.7508366652887212,0.720372616157826,3.017777777777778,0.3933333333333333,0.3888888888888889,1.0
bace,85,root,1914,75.0,377.0,5.076923076923077,2.0,10.400000000000034,0.6419098143236074,0.6238244514106583,0.3972594930460461,0.4500020402519756,0.18512456119060516,0.19522180408239365,760.3546696901321,861.3039050422813,0.5311253049578595,56756.492539435625,63122.18663915266,0.526550568221701,0.8474970896391153,0.15250291036088476,0.7156803430898059,0.6897001698542459,2.6419098143236073,0.4535809018567639,0.3395225464190981,1.0
bace,85,branch_origin,54,53.0,49.0,1.1020408163265305,1.0,1.2000000000000028,0.10204081632653061,0.8518518518518519,0.6075217569315875,0.6682041682716873,0.6690682470798492,0.6633740961551666,32.806174874305725,36.083025086671114,0.5237834828552267,2270.5541127175093,2748.8957077898085,0.5476488073571331,0.7666666666666667,0.23333333333333334,0.6391417544171014,0.612915393956779,1.0,1.0,0.0,1.0
bace,85,branch_suffix,912,49.0,274.0,3.3284671532846715,2.0,7.0,0.6131386861313869,0.7269736842105263,0.6145251769115004,0.5830133794847745,0.6690682768821716,0.49777689576148987,560.4469613432884,531.7082020901144,0.4868430969264344,41976.41749706864,39968.87345866859,0.487750705287724,0.8816793893129771,0.1183206106870229,0.7957435196835966,0.7457778401637,2.2737226277372264,0.4708029197080292,0.28832116788321166,1.0
bace,86,all,3264,128.0,458.0,7.126637554585153,3.0,19.0,0.6703056768558951,0.5361519607843137,0.5376168122131597,0.4318366847717912,0.5576842427253723,0.1887044608592987,1754.7812750637531,1409.5149390951265,0.44544342365551814,127934.967903018,102647.5357371394,0.44516619481818603,0.8677281077770974,0.13227189222290264,0.749881636501749,0.7486182976695608,3.1877729257641922,0.43013100436681223,0.37554585152838427,1.0
bace,86,root,1854,60.0,380.0,4.878947368421053,2.0,11.100000000000023,0.6473684210526316,0.5636461704422869,0.5908493666297795,0.47256752044580846,0.6822487711906433,0.26419176161289215,1095.4347257316113,876.1401829065289,0.44438594702532497,80126.16377267241,63923.66098719998,0.4437607688434137,0.8489795918367347,0.1510204081632653,0.738236279138193,0.7298982446940777,2.6763157894736844,0.45263157894736844,0.33157894736842103,1.0
bace,86,branch_origin,69,68.0,65.0,1.0615384615384615,1.0,1.0,0.06153846153846154,0.6231884057971014,0.5362546612387118,0.482821733461342,0.5576842427253723,0.3779633939266205,37.001571625471115,33.3146996088326,0.47378364955989855,2758.5387952923775,2386.3794649355114,0.4638323378979803,0.8918918918918919,0.10810810810810811,0.7533684096835785,0.6686451421494037,1.0,1.0,0.0,1.0
bace,86,branch_suffix,1341,67.0,286.0,4.688811188811189,2.0,12.0,0.5909090909090909,0.4936614466815809,0.4640902145463615,0.37290086247558907,0.4071251153945923,0.0,622.3449777066708,500.06005657976493,0.4455254932972353,45050.265335053205,36337.49528500391,0.4464737081861537,0.8961038961038961,0.1038961038961039,0.7667943029177667,0.7718338220610312,2.702797202797203,0.506993006993007,0.32167832167832167,1.0
bace,87,all,2688,128.0,441.0,6.095238095238095,3.0,14.0,0.6439909297052154,0.8203125,0.7221814530480298,0.6357805280805477,0.6230348944664001,0.5840471088886261,1941.2237457931042,1708.9780594805125,0.4681872813200278,138632.9464764148,121381.27656512122,0.46682552648564596,0.8412781561026715,0.15872184389732844,0.7256011025371365,0.7295365119730238,2.8072562358276643,0.47392290249433106,0.3356009070294785,1.0
bace,87,root,1573,64.0,360.0,4.3694444444444445,2.0,10.0,0.5888888888888889,0.845518118245391,0.65031898427146,0.6159775625266465,0.6230348944664001,0.5334382057189941,1022.9517622590065,968.932705854415,0.4864402134588269,73570.95898322761,69289.54834423936,0.4850154156698662,0.8017543859649123,0.19824561403508772,0.6737160287576642,0.6801632514335292,2.425,0.5222222222222223,0.3111111111111111,1.0
bace,87,branch_origin,64,64.0,59.0,1.0847457627118644,1.0,1.0,0.0847457627118644,0.921875,0.7133286725729704,0.7517091741319746,0.5906513929367065,0.7416265606880188,45.653035044670105,48.10938714444637,0.5130988088960674,3532.21083830297,3540.004648834467,0.5005510161946897,0.782608695652174,0.21739130434782608,0.6101070036413455,0.40781074939145473,1.0169491525423728,0.9830508474576272,0.0,1.0
bace,87,branch_suffix,1051,62.0,281.0,3.7402135231316724,2.0,9.0,0.6120996441281139,0.7764034253092293,0.8302749272021195,0.6583596255772133,0.6230349540710449,0.656398355960846,872.6189484894276,691.9359664816511,0.4422573857015696,61529.77665488422,48551.723572047405,0.4410525244655882,0.9073305670816044,0.09266943291839558,0.7893569704078096,0.8128160890081446,2.298932384341637,0.5266903914590747,0.28113879003558717,1.0
bace,88,all,2432,128.0,435.0,5.590804597701149,3.0,11.0,0.7103448275862069,0.7138157894736842,0.43772154851620526,0.5444666568084034,0.21507704257965088,0.4472135007381439,1064.5388059914112,1324.1429093580373,0.5543404551762658,78779.79823565483,96913.11048750843,0.5516051341617493,0.8241071428571428,0.17589285714285716,0.7119587094955857,0.7165890552442907,2.7103448275862068,0.42758620689655175,0.3471264367816092,1.0
bace,88,root,1553,65.0,365.0,4.254794520547946,2.0,8.0,0.6547945205479452,0.690920798454604,0.4051673180122032,0.4995626281239054,0.21507705748081207,0.35539495944976807,629.2248448729515,775.8207614764251,0.5521676719748484,46813.01569707692,56164.88969055454,0.545407186902254,0.8066225165562914,0.19337748344370861,0.6692408227483556,0.6696444628070288,2.3972602739726026,0.4657534246575342,0.28493150684931506,1.0
bace,88,branch_origin,63,63.0,58.0,1.0862068965517242,1.0,1.0,0.08620689655172414,0.8888888888888888,0.32184365533647086,0.6682242826218643,0.0,0.6898679137229919,20.276150286197662,42.09812980517745,0.6749277064762139,1274.6629317551851,2883.1902834773064,0.6934324359779229,0.7,0.3,0.6731020944929114,0.6646586775513428,1.0172413793103448,0.9827586206896551,0.0,1.0
bace,88,branch_suffix,816,60.0,274.0,2.978102189781022,2.0,6.700000000000017,0.5474452554744526,0.7438725490196079,0.5086247681767917,0.6203725711721014,0.2150770127773285,0.5751667022705078,415.03781083226204,506.22401807643473,0.5494898433772016,30692.11960682273,37865.03051347658,0.5523133684383563,0.8695652173913043,0.13043478260869565,0.7869362592852868,0.7564718619645296,1.9781021897810218,0.5656934306569343,0.20437956204379562,1.0
bace,89,all,2880,128.0,455.0,6.329670329670329,3.0,16.0,0.6615384615384615,0.7597222222222222,0.6413441231939941,0.563154974019239,0.494605153799057,0.4073435962200165,1847.0710747987032,1621.8863251754083,0.46754287763450536,133355.93210446835,116193.4890879374,0.46561313800183396,0.9046378322042731,0.09536216779572694,0.7604557169626327,0.7762735772089611,2.7736263736263735,0.48131868131868133,0.3384615384615385,1.0
bace,89,root,1695,56.0,381.0,4.448818897637795,2.0,12.0,0.5853018372703412,0.7651917404129793,0.66836835263753,0.5645591930269228,0.6553878784179688,0.4057186245918274,1132.8843577206135,956.9278321806341,0.4579013543919717,83117.41496308148,69387.17643208895,0.45498417980277495,0.9193408499566349,0.08065915004336513,0.7949474189030199,0.7832540391228723,2.4356955380577427,0.5406824146981627,0.30971128608923887,1.0
bace,89,branch_origin,72,72.0,65.0,1.1076923076923078,1.0,1.6000000000000014,0.1076923076923077,0.7777777777777778,0.59530692278511,0.7257096039247699,0.4946051090955734,0.5838683545589447,42.862098440527916,52.25109148258343,0.5493569453912985,2813.1141426563263,3318.342320443131,0.5411996872869754,0.8292682926829268,0.17073170731707318,0.7696903228270261,0.732057226053169,1.0461538461538462,0.9538461538461539,0.0,1.0
bace,89,branch_suffix,1113,67.0,291.0,3.8247422680412373,2.0,8.0,0.5945017182130584,0.7502246181491464,0.6031667732592648,0.5505008099839989,0.4946051239967346,0.3937051594257355,671.3246186375618,612.7074015121907,0.4771745500869458,47425.40299873054,43487.97033540532,0.47834514044015347,0.8855172413793103,0.11448275862068966,0.6919428653722448,0.749928925789805,2.189003436426117,0.5807560137457045,0.2542955326460481,1.0
bace,90,all,2240,128.0,326.0,6.871165644171779,4.0,15.5,0.7085889570552147,0.5852678571428571,0.3338505130261183,0.4199797540217203,0.0,0.25819841027259827,747.825149178505,940.7546490086534,0.5571277413235888,51816.91617935896,64416.94137273723,0.5542011831093661,0.965311004784689,0.034688995215311005,0.8693195118408852,0.8131566100053742,2.8067484662576687,0.44785276073619634,0.34662576687116564,1.0
bace,90,root,1389,62.0,273.0,5.087912087912088,3.0,13.0,0.6923076923076923,0.6126709863210943,0.31107968609053255,0.40913963135698717,0.270882785320282,0.26355892419815063,432.0896839797497,568.2949479548552,0.5680764476118062,29829.20437797904,38315.988356731774,0.5622698655486366,0.9539007092198581,0.04609929078014184,0.8372081400300778,0.736149225738199,2.531135531135531,0.47619047619047616,0.32967032967032966,1.0
bace,90,branch_origin,67,66.0,55.0,1.2181818181818183,1.0,2.0,0.21818181818181817,0.7313432835820896,0.30754396764200126,0.6413847469349405,0.0,0.4726029932498932,20.605445832014084,42.97277804464102,0.6759040348155944,1547.2295457422733,2985.6035342663527,0.6586616982288416,0.9285714285714286,0.07142857142857142,0.8287068155090741,0.7166487266434071,1.018181818181818,0.9818181818181818,0.0,1.0
bace,90,branch_suffix,784,62.0,213.0,3.68075117370892,2.0,8.0,0.6150234741784038,0.5242346938775511,0.37644135123308825,0.4202639324096393,0.0,0.16666656732559204,295.1300193667412,329.4869230091572,0.5275023789074061,20440.482255637646,23115.349481739104,0.5307061892679467,0.9922480620155039,0.007751937984496124,0.9134461263460012,0.9051155926151848,2.2018779342723005,0.5633802816901409,0.2676056338028169,1.0
bace,91,all,2880,128.0,382.0,7.539267015706806,3.0,20.0,0.6963350785340314,0.6347222222222222,0.4692966076338457,0.451407267973021,0.1758711338043213,0.27951449155807495,1351.5742299854755,1300.0529317623004,0.49028496559274637,98052.82324880362,92817.83122148924,0.48628654561424695,0.937888198757764,0.062111801242236024,0.8359975954387329,0.8792770520155683,3.0471204188481678,0.4293193717277487,0.3769633507853403,1.0
bace,91,root,1836,65.0,314.0,5.8471337579617835,3.0,14.0,0.6847133757961783,0.6198257080610022,0.41077717603032105,0.400131043991985,0.1758711189031601,0.21320058405399323,754.1868951916695,734.6405967692845,0.4934356738682192,54022.078744500875,52071.14482296957,0.49080556770767453,0.9125138427464009,0.08748615725359911,0.7580281946883608,0.8331105762471339,2.738853503184713,0.44904458598726116,0.35668789808917195,1.0
bace,91,branch_origin,64,63.0,59.0,1.0847457627118644,1.0,1.0,0.0847457627118644,0.796875,0.5545505909249187,0.6662956266663969,0.17441683262586594,0.4896900802850723,35.491237819194794,42.6429201066494,0.5457654019528889,2909.3509859591722,3398.91960093379,0.5388037107976804,0.8620689655172413,0.13793103448275862,0.8905287956910611,0.7272736623220118,1.0,1.0,0.0,1.0
bace,91,branch_suffix,980,59.0,250.0,3.92,2.0,8.0,0.588,0.6520408163265307,0.5733633642598074,0.5334381784554761,0.4498588442802429,0.34079359471797943,561.8960969746113,522.7694148863666,0.48196371062765914,41121.39351834357,37347.76679758588,0.47595471453011307,0.9864603481624759,0.013539651837524178,0.9100954643496203,0.9573390822725615,2.22,0.54,0.276,1.0
bace,92,all,2368,128.0,413.0,5.733656174334141,3.0,12.0,0.6755447941888619,0.7618243243243243,0.5182006964145379,0.5915550938921483,0.45167848467826843,0.4820510298013687,1227.0992491096258,1400.8024623366073,0.5330497926293036,102209.13541679457,109331.34425632283,0.5168341512001245,0.8706827309236947,0.12931726907630522,0.7376742763697808,0.7674602288127498,2.8595641646489103,0.44552058111380144,0.3728813559322034,1.0
bace,92,root,1438,61.0,363.0,3.961432506887052,2.0,8.0,0.6143250688705234,0.7371349095966621,0.509969150536125,0.5562902360743945,0.45167848467826843,0.44730861485004425,733.3356384709477,799.9453594749793,0.5217213025835659,63325.16292214021,62469.00712690037,0.49659699732147333,0.85359477124183,0.14640522875816994,0.6920473316649249,0.7513279477783399,2.487603305785124,0.48760330578512395,0.32231404958677684,1.0
bace,92,branch_origin,67,67.0,56.0,1.1964285714285714,1.0,2.0,0.19642857142857142,0.8507462686567164,0.3809154005304201,0.577439138693596,0.0,0.45924076437950134,25.52133183553815,38.68842229247093,0.6025318554458374,1870.565612051636,2915.6706008426845,0.60917816654927,0.8695652173913043,0.13043478260869565,0.8087686300434338,0.4842786577763035,1.0,1.0,0.0,1.0
bace,92,branch_suffix,863,64.0,249.0,3.465863453815261,2.0,8.0,0.6144578313253012,0.7960602549246814,0.5425750623443104,0.6514121443443303,0.4516785144805908,0.5727068185806274,468.2422788031399,562.168680569157,0.5455771558482034,37013.40688260272,43946.66652857978,0.5428190054297766,0.899343544857768,0.10065645514223195,0.8086099247307976,0.783823952042015,2.21285140562249,0.5461847389558233,0.25301204819277107,1.0
bace,93,all,2048,128.0,346.0,5.91907514450867,3.5,12.0,0.7196531791907514,0.8701171875,0.6481692684901645,0.6905440422571019,0.6105138659477234,0.638035237789154,1327.450661867857,1414.2341985425446,0.5158266797777947,96911.29277276993,101878.63781811879,0.5124939553793891,0.8984251968503937,0.1015748031496063,0.7771944060540055,0.7803190185103761,2.7369942196531793,0.4277456647398844,0.3554913294797688,1.0
bace,93,root,1165,69.0,298.0,3.9093959731543624,2.5,8.0,0.6812080536912751,0.8472103004291845,0.5547241808774646,0.6365964151097485,0.6095251441001892,0.5773491859436035,646.2536707222462,741.6348236028571,0.5343619654138683,47182.306943267584,53173.12650248618,0.5298480079927953,0.8569254185692542,0.1430745814307458,0.6830053109131622,0.675183059412509,2.251677852348993,0.4899328859060403,0.2953020134228188,1.0
bace,93,branch_origin,59,59.0,54.0,1.0925925925925926,1.0,1.0,0.09259259259259259,0.9491525423728814,0.6159162531464787,0.6896014255708305,0.6105138063430786,0.5921168327331543,36.33905893564224,40.686484108679,0.5282206720083372,2628.259802341461,2932.8321733344346,0.5273842234875062,0.8484848484848485,0.15151515151515152,0.6668945768225715,0.691369451223393,1.0,1.0,0.0,1.0
bace,93,branch_suffix,824,52.0,216.0,3.814814814814815,2.0,8.0,0.5601851851851852,0.8968446601941747,0.7825945779247191,0.766884576251224,0.9415277242660522,0.7071065008640289,644.8579322099686,631.9128908310086,0.49493055404096375,47100.72602716088,45772.67914229818,0.4928502304699633,0.9482758620689655,0.05172413793103448,0.8617277149707024,0.8597056438573799,2.2314814814814814,0.5601851851851852,0.25462962962962965,1.0
bace,94,all,3008,128.0,433.0,6.946882217090069,3.0,17.0,0.6720554272517321,0.554188829787234,0.4562425195732392,0.4099466426167713,0.28816989064216614,0.2343980073928833,1372.3774988763034,1233.119500991248,0.47327611624727733,110424.79051391408,97861.27476321883,0.46984071945960715,0.8919288645690835,0.10807113543091655,0.6976819083932305,0.7540316169416822,3.1778290993071594,0.4387990762124711,0.3695150115473441,1.0
bace,94,root,1646,50.0,361.0,4.5595567867036015,2.0,11.0,0.6232686980609419,0.531591737545565,0.44233971938518024,0.39154818261636054,0.28816989064216614,0.1773327738046646,728.0911781080067,644.4883085865295,0.4695453449756809,56818.81659935415,50153.36521244678,0.46884493111193115,0.8549810844892812,0.1450189155107188,0.6872902006961868,0.6893621230571786,2.6481994459833795,0.4792243767313019,0.3185595567867036,1.0
bace,94,branch_origin,78,78.0,73.0,1.0684931506849316,1.0,1.0,0.0684931506849315,0.6794871794871795,0.4397918157852613,0.5710914594700369,0.12400936335325241,0.41873086988925934,34.30376163125038,44.54513383866288,0.5649430289820561,2693.8559352755547,3442.6631749230437,0.5610123773918513,0.8378378378378378,0.16216216216216217,0.7279854011710909,0.7867965681883851,1.0136986301369864,0.9863013698630136,0.0,1.0
bace,94,branch_suffix,1284,76.0,270.0,4.7555555555555555,2.0,11.0,0.6037037037037037,0.5755451713395638,0.47506429839333825,0.42374303626639853,0.28816989064216614,0.25976109504699707,609.9825591370463,544.0860585660557,0.47145035418165054,50912.117979284376,44265.246375849005,0.46508165755339664,0.9414556962025317,0.058544303797468354,0.6996301020242963,0.8178879787578431,2.688888888888889,0.5037037037037037,0.3333333333333333,1.0
bace,95,all,2816,128.0,456.0,6.175438596491228,3.0,13.5,0.6842105263157895,0.7887073863636364,0.7013643002507954,0.5982334792828293,0.587717592716217,0.49349361658096313,1975.04186950624,1684.6254776604474,0.4603220232474635,149200.51198783517,127881.40095398668,0.46152922648847744,0.8940744625065548,0.1059255374934452,0.7957566056707823,0.8089590576836565,2.789473684210526,0.47149122807017546,0.3355263157894737,1.0
bace,95,root,1405,52.0,346.0,4.0606936416184976,2.0,8.0,0.653179190751445,0.795017793594306,0.5194936805242322,0.5303693355979179,0.5390352010726929,0.42078569531440735,729.8886211365461,745.1689165150747,0.5051795590980318,54816.80471661687,55439.268374281004,0.5028228089401976,0.8708288482238966,0.12917115177610333,0.6800393452994979,0.7206404768249433,2.2947976878612715,0.5202312138728323,0.28034682080924855,1.0
bace,95,branch_origin,77,76.0,69.0,1.1159420289855073,1.0,2.0,0.11594202898550725,0.8701298701298701,0.7190969083216283,0.7173607210060219,0.5877175331115723,0.6683524250984192,55.37046194076538,55.236775517463684,0.4993956705439227,4309.64959615469,4235.022334672511,0.4956331113654029,0.7346938775510204,0.2653061224489796,0.6735274679629678,0.6330952929646355,1.0289855072463767,0.9710144927536232,0.0,1.0
bace,95,branch_suffix,1334,75.0,333.0,4.006006006006006,2.0,9.0,0.6276276276276276,0.7773613193403298,0.8918911442495715,0.6628334225096769,0.7699631452560425,0.5690718293190002,1189.7827864289284,884.219785627909,0.4263349513356712,90074.05767506361,68207.11024503317,0.4309237235314397,0.9257265877287406,0.07427341227125941,0.8562391230115807,0.8736565734470165,2.3603603603603602,0.5165165165165165,0.2972972972972973,1.0
bace,96,all,2432,128.0,373.0,6.520107238605898,3.0,15.0,0.707774798927614,0.6743421052631579,0.5120465338083082,0.5340128927364276,0.6018893122673035,0.47903309762477875,1245.2971702218056,1298.719355134992,0.510499575057928,92714.99116560817,95735.73639745824,0.5080146817974984,0.8870836718115354,0.11291632818846466,0.7796116678683728,0.7810753801830516,2.721179624664879,0.43967828418230565,0.3297587131367292,1.0
bace,96,root,1234,57.0,301.0,4.099667774086379,2.0,9.0,0.6511627906976745,0.6912479740680713,0.47194032767120403,0.5199046679398851,0.4545573890209198,0.48004208505153656,582.3743643462658,641.5623602378182,0.5241793528630594,42540.53214070201,46822.12718006037,0.5239562870661101,0.8680124223602484,0.13198757763975155,0.7838022309835586,0.7710525886540499,2.20265780730897,0.5083056478405316,0.27906976744186046,1.0
bace,96,branch_origin,72,71.0,62.0,1.1612903225806452,1.0,2.0,0.16129032258064516,0.8194444444444444,0.4210043056971497,0.6673738628030859,0.0,0.5753830671310425,30.31231001019478,48.05091812182218,0.6131819638781489,2136.5952204167843,3422.2889973092824,0.6156431512634046,0.7419354838709677,0.25806451612903225,0.47405246563488224,0.3423843838569964,1.0,1.0,0.0,1.0
bace,96,branch_suffix,1126,68.0,274.0,4.109489051094891,2.0,8.700000000000017,0.6277372262773723,0.6465364120781527,0.5618210442853864,0.5409467822161204,0.601889431476593,0.4518918991088867,632.610495865345,609.1060767753515,0.4905355136559027,48037.863804489374,45491.320220088586,0.4863863690731462,0.9172661870503597,0.08273381294964029,0.7948036908699377,0.7724572509011915,2.2554744525547443,0.5145985401459854,0.2664233576642336,1.0
bace,97,all,2688,128.0,422.0,6.369668246445498,3.0,15.900000000000034,0.6943127962085308,0.6726190476190477,0.46269258171586053,0.5100495850170513,0.43253031373023987,0.38951870799064636,1243.7176596522331,1371.013284525834,0.5243420121594222,99399.51778283715,108867.60416362458,0.5227306314417245,0.8909657320872274,0.10903426791277258,0.764812929637316,0.7670586333540866,2.940758293838863,0.4265402843601896,0.3578199052132701,1.0
bace,97,root,1577,65.0,349.0,4.518624641833811,2.0,11.0,0.6446991404011462,0.6620164870006341,0.44469794062171164,0.48938129092675925,0.43253031373023987,0.39232102036476135,701.2886523604393,771.7542957914993,0.5239183940697263,55595.452822595835,60627.80344321602,0.5216494993442224,0.8592297476759628,0.1407702523240372,0.7279887398741663,0.7137731184403283,2.5501432664756445,0.47564469914040114,0.3209169054441261,1.0
bace,97,branch_origin,64,63.0,59.0,1.0847457627118644,1.0,1.0,0.06779661016949153,0.765625,0.4691276294179261,0.6797520554100629,0.21626514196395874,0.4999997466802597,30.02416828274727,43.504131546244025,0.5916651363818193,2520.7519133090973,3272.065049543977,0.5648486859720182,0.9230769230769231,0.07692307692307693,0.8474174120089352,0.7696136037183139,1.0169491525423728,0.9830508474576272,0.0,1.0
bace,97,branch_suffix,1047,62.0,287.0,3.64808362369338,2.0,9.0,0.5156794425087108,0.6829035339063992,0.489402902587437,0.530806931411739,0.4325302839279175,0.37796449661254883,512.4048390090466,555.7548571880907,0.5202919181155111,41283.31304693222,44967.73567086458,0.5213587120313595,0.9366336633663367,0.06336633663366337,0.8140868853339304,0.8259772774836266,2.292682926829268,0.5644599303135889,0.2508710801393728,1.0
bace,98,all,2368,128.0,382.0,6.198952879581152,3.0,13.900000000000034,0.693717277486911,0.8614864864864865,0.6936115583253873,0.626060702915581,0.434059202671051,0.4996040314435959,1642.4721701145172,1482.511744504096,0.4744062001628024,128824.80039639771,116202.93673839513,0.474244010483068,0.91324200913242,0.0867579908675799,0.7617072695142771,0.7841720827994028,2.8403141361256545,0.4424083769633508,0.3193717277486911,1.0
bace,98,root,1274,55.0,303.0,4.204620462046204,2.0,9.0,0.636963696369637,0.8618524332810047,0.5849787096494408,0.5696040517921023,0.434059202671051,0.4472133368253708,745.2628760933876,725.6755619831383,0.49334189874871187,58094.44726830721,56234.842152021825,0.49186732846100095,0.8979591836734694,0.10204081632653061,0.7216604042197683,0.7447716450719252,2.3795379537953796,0.49174917491749176,0.2706270627062706,1.0
bace,98,branch_origin,74,73.0,65.0,1.1384615384615384,1.0,2.0,0.13846153846153847,0.918918918918919,0.6255287076975848,0.6601244444405107,0.41973672807216644,0.594078540802002,46.28912436962128,48.849208888597786,0.5134545373631207,3644.8063905388117,3677.6554191038013,0.502243031743896,0.8863636363636364,0.11363636363636363,0.6670098599715016,0.68941943773091,1.0307692307692307,0.9692307692307692,0.0,1.0
bace,98,branch_suffix,1020,69.0,267.0,3.8202247191011236,2.0,9.400000000000006,0.599250936329588,0.8568627450980392,0.8342354604426552,0.6941048761101567,0.7576096057891846,0.504998654127121,850.9201696515083,707.9869736323599,0.4541559621960363,67085.54673755169,56290.439167269506,0.456251180117782,0.9330759330759331,0.06692406692406692,0.7779062253032065,0.8067576087274958,2.352059925093633,0.5617977528089888,0.26217228464419473,1.0
bace,99,all,3136,128.0,433.0,7.242494226327945,3.0,18.0,0.6697459584295612,0.6970663265306123,0.6408010504911749,0.4949685991187134,0.6095116138458252,0.3537902384996414,2009.5520943403244,1552.2215268362852,0.4358001636059953,159929.1888256967,123448.00204673962,0.4356313987963497,0.9456366237482118,0.05436337625178827,0.8486188612714693,0.8627278377316722,3.094688221709007,0.4618937644341801,0.3510392609699769,1.0
bace,99,root,1758,59.0,352.0,4.994318181818182,2.0,12.0,0.6193181818181818,0.689419795221843,0.5750521123748319,0.45153143447048133,0.6095116138458252,0.3927963674068451,1010.9416135549545,793.7922617991062,0.43983895500569364,78664.50132721663,61668.799865251356,0.43944523032827554,0.9337979094076655,0.06620209059233449,0.8247864567221419,0.8258249112453301,2.659090909090909,0.4914772727272727,0.3380681818181818,1.0
bace,99,branch_origin,69,69.0,63.0,1.0952380952380953,1.0,1.0,0.09523809523809523,0.7536231884057971,0.7036564527214437,0.5530970971221509,0.611211359500885,0.4207945466041565,48.55229523777962,38.16369970142841,0.4400998884713543,3751.171451970935,2871.349827438593,0.4335735147225689,0.9069767441860465,0.09302325581395349,0.8576649833191431,0.8963490341067563,1.0158730158730158,0.9841269841269841,0.0,1.0
bace,99,branch_suffix,1309,67.0,279.0,4.691756272401434,2.0,10.0,0.6021505376344086,0.7043544690603514,0.7257892937720323,0.5502410735949202,0.6095116138458252,0.3233051300048828,950.0581855475903,720.2655653357506,0.4312131495195719,77513.51604650915,58907.85235404968,0.43180810341298687,0.9624724061810155,0.037527593818984545,0.8640648881670063,0.8935488244674252,2.5591397849462365,0.5161290322580645,0.32974910394265233,1.0
bace,100,all,2240,128.0,402.0,5.5721393034825875,3.0,15.0,0.6517412935323383,0.8433035714285714,0.7308092299316611,0.6695154420271852,0.7160590887069702,0.5773493349552155,1637.0126750469208,1499.7145901408949,0.47811443691171446,131345.4472051263,118671.5229321838,0.47465387196320724,0.9229773462783172,0.07702265372168285,0.8061188087816374,0.8162379249573213,2.845771144278607,0.4900497512437811,0.3208955223880597,1.0
bace,100,root,994,47.0,297.0,3.346801346801347,2.0,8.0,0.622895622895623,0.8601609657947686,0.6528420216840518,0.674724198005326,0.6939379572868347,0.5773499011993408,648.9249695539474,670.6758528172941,0.5082414632116782,50995.09103989601,52007.63600694608,0.5049151366962819,0.8861313868613139,0.11386861313868613,0.7505837153171454,0.7434512574546378,2.303030303030303,0.5185185185185185,0.26936026936026936,1.0
bace,100,branch_origin,81,81.0,67.0,1.208955223880597,1.0,2.0,0.208955223880597,0.8888888888888888,0.6515133491268864,0.6593454782333639,0.6939380168914795,0.646508514881134,52.7725812792778,53.406983736902475,0.5029874037321918,4578.693255245686,4098.825156573206,0.4723499233364406,0.8723404255319149,0.1276595744680851,0.8069556636024457,0.791889664933444,1.044776119402985,0.9552238805970149,0.0,1.0
bace,100,branch_suffix,1165,79.0,304.0,3.8322368421052633,2.0,9.0,0.5526315789473685,0.8257510729613734,0.8028456001834297,0.6657783292589685,0.7339702248573303,0.5762450098991394,935.3151242136955,775.6317535866983,0.4533347958668687,75771.66290998459,62565.06176866451,0.4522664673028854,0.956949569495695,0.04305043050430504,0.8448806479491953,0.8652159233519223,2.3717105263157894,0.5789473684210527,0.26644736842105265,1.0
bace,101,all,2496,128.0,414.0,6.028985507246377,3.0,13.699999999999989,0.7246376811594203,0.7463942307692307,0.500973294274165,0.5718252239503505,0.44375136494636536,0.48621125519275665,1250.429342508316,1427.275758980075,0.533022011343493,97306.30425524712,110688.16627060832,0.5321687927124431,0.9287410926365796,0.07125890736342043,0.8195830140590303,0.8479560863599999,2.869565217391304,0.43478260869565216,0.3647342995169082,1.0
bace,101,root,1171,52.0,316.0,3.7056962025316458,2.0,7.0,0.6360759493670886,0.7523484201537147,0.5720223629199777,0.6015014833906692,0.44375139474868774,0.48016172647476196,669.8381869792938,704.3582370504737,0.5125600858318167,51206.583589851856,53764.0768408142,0.5121819432233238,0.9131782945736434,0.08682170542635659,0.8006690218191297,0.8256964008099642,2.25,0.5126582278481012,0.2848101265822785,1.0
bace,101,branch_origin,79,76.0,70.0,1.1285714285714286,1.0,2.0,0.12857142857142856,0.8227848101265823,0.280287452136414,0.6495349004959003,0.0,0.6309528946876526,22.142708718776703,51.31325713917613,0.6985580618244627,1844.9381737411022,3953.495430879295,0.681821281480055,0.65,0.35,0.5235712778923712,0.44461304275257485,1.0142857142857142,0.9857142857142858,0.0,1.0
bace,101,branch_suffix,1246,72.0,323.0,3.8575851393188856,2.0,8.800000000000011,0.6037151702786377,0.7359550561797753,0.4481929749680943,0.5390082381945627,0.44375136494636536,0.47260303795337677,558.4484468102455,671.6042647904251,0.5459963288211156,44254.78249165416,52970.59399891482,0.5448227192419569,0.9548494983277592,0.0451505016722408,0.8566686003398113,0.8864132769530674,2.2879256965944275,0.5541795665634675,0.25386996904024767,1.0
bace,102,all,2432,128.0,367.0,6.6267029972752045,4.0,15.0,0.7275204359673024,0.8470394736842105,0.6569341094184079,0.6502785806055726,0.5109609365463257,0.4999999403953552,1597.663754105568,1581.4775080327527,0.49745430530791684,127469.3514341414,126072.5852518673,0.4972454927959238,0.9382314694408322,0.06176853055916775,0.8195280186990181,0.8223651135774953,2.991825613079019,0.40054495912806537,0.3896457765667575,1.0
bace,102,root,1455,60.0,316.0,4.6044303797468356,3.0,10.5,0.7025316455696202,0.8618556701030928,0.6619515787694872,0.6505401193308707,0.5109609365463257,0.49566444754600525,963.1395471096039,946.535873626417,0.4956527498592435,77004.86474272609,75661.59895267943,0.49560065204390047,0.9164021164021164,0.0835978835978836,0.786869761601124,0.7980974669307072,2.588607594936709,0.4208860759493671,0.3449367088607595,1.0
bace,102,branch_origin,69,68.0,64.0,1.078125,1.0,1.0,0.078125,0.782608695652174,0.49194891772408417,0.6018171930226727,0.4843590259552002,0.4999997019767761,33.94447532296181,41.525386318564415,0.5502247574774287,2594.29292935133,3122.476877808571,0.54619601333219,0.9629629629629629,0.037037037037037035,0.7641184986019969,0.6599396093903374,1.015625,0.984375,0.0,1.0
bace,102,branch_suffix,908,62.0,230.0,3.9478260869565216,2.0,9.0,0.5521739130434783,0.8281938325991189,0.6614314225473593,0.653542123444682,0.629756510257721,0.5400612056255341,600.5797316730022,593.4162480877712,0.497000206153681,47870.19376206398,47288.509421379305,0.4969436093535064,0.9734982332155477,0.026501766784452298,0.8784503690373434,0.8576274285973252,2.4,0.5434782608695652,0.30869565217391304,1.0
bace,103,all,1856,128.0,336.0,5.523809523809524,3.0,13.5,0.6755952380952381,0.8572198275862069,0.313538746033185,0.645243206422649,0.0,0.5533994436264038,581.9279126375914,1197.5713911204366,0.6729822195441999,50492.11798734963,97160.53791273443,0.658034475034994,0.9472049689440993,0.052795031055900624,0.798462165146912,0.7826640255150408,2.7083333333333335,0.45535714285714285,0.2916666666666667,1.0
bace,103,root,914,60.0,265.0,3.449056603773585,2.0,7.0,0.6716981132075471,0.8577680525164114,0.3448073011812809,0.6852832876482858,0.0,0.5773470997810364,315.15387327969074,626.3489249105332,0.6652650699652867,28103.986867681146,50958.008756299154,0.6445322857603544,0.9044585987261147,0.09554140127388536,0.7535330694930633,0.7952419873256106,2.1924528301886794,0.5056603773584906,0.2490566037735849,1.0
bace,103,branch_origin,69,68.0,55.0,1.2545454545454546,1.0,2.0,0.2545454545454545,0.9130434782608695,0.159287104572075,0.7359743247861448,0.0,0.6454964280128479,10.990810215473175,50.78222841024399,0.8220775526024012,910.9088504016399,3859.1905029565096,0.8090377614964432,1.0,0.0,0.931322854543605,0.8027011187527259,1.0,1.0,0.0,1.0
bace,103,branch_suffix,873,60.0,219.0,3.9863013698630136,2.0,8.0,0.5707762557077626,0.852233676975945,0.2929933896247737,0.5961514751427942,0.0,0.5050429701805115,255.78322914242744,520.4402377996594,0.6704773302589268,21477.222269266844,42343.33865347877,0.6634748745742789,0.9875,0.0125,0.8706626270692479,0.748548087311758,2.34703196347032,0.547945205479452,0.2420091324200913,1.0
bace,104,all,2304,128.0,360.0,6.4,4.0,14.0,0.7305555555555555,0.6697048611111112,0.5659838991964029,0.5172658194079405,0.5313098430633545,0.3564540296792984,1304.0269037485123,1191.780447915895,0.47751299679485215,100714.76045998931,90716.39948178292,0.473885231168093,0.8739299610894942,0.12607003891050583,0.7886247719071007,0.792850125573798,2.888888888888889,0.3888888888888889,0.39444444444444443,1.0
bace,104,root,1208,54.0,283.0,4.268551236749117,3.0,9.0,0.7243816254416962,0.6572847682119205,0.47701810181930365,0.4818059797651236,0.4541991055011749,0.3333323448896408,576.2378669977188,582.0216235562693,0.5024967447302259,44445.11022797227,43497.57508132444,0.49461276885442307,0.8223270440251572,0.17767295597484276,0.7277125455223151,0.7184340772482497,2.4558303886925796,0.4204946996466431,0.3392226148409894,1.0
bace,104,branch_origin,74,74.0,66.0,1.121212121212121,1.0,2.0,0.12121212121212122,0.7972972972972973,0.5528261794431789,0.620235002524144,0.5313097834587097,0.4881080985069275,40.90913727879524,45.89739018678665,0.5287320150547904,3048.5805747509003,3346.8390804603696,0.5233181340544584,0.8461538461538461,0.15384615384615385,0.8360708613533478,0.8143499181923867,1.0,1.0,0.0,1.0
bace,104,branch_suffix,1022,68.0,269.0,3.799256505576208,2.0,9.0,0.620817843866171,0.675146771037182,0.6720938350998026,0.5517235168031692,0.7461346387863159,0.44306355714797974,686.8798994719982,563.8614341728389,0.4508217798556849,53221.06965726614,43871.985319998115,0.4518550305196533,0.9295081967213115,0.07049180327868852,0.8454865810538915,0.8440476713523629,2.3271375464684017,0.4795539033457249,0.2862453531598513,1.0
bace,105,all,2368,128.0,388.0,6.103092783505154,3.0,16.0,0.6958762886597938,0.8217905405405406,0.6497308925184345,0.6520908464882342,0.6996033191680908,0.6454170644283295,1538.562753483653,1544.1511244841386,0.5009064044250789,122524.59834338725,121310.15172674088,0.497509693314228,0.8845888044229441,0.11541119557705598,0.762457742389444,0.804565339635705,2.9381443298969074,0.42010309278350516,0.3324742268041237,1.0
bace,105,root,1132,54.0,309.0,3.663430420711974,2.0,8.0,0.6472491909385113,0.8418727915194346,0.727192349705595,0.669451843842892,0.6554738283157349,0.5990195870399475,823.1817398667336,757.8194872301538,0.4793288419021021,65072.372751772404,59522.41942792619,0.4777279883582866,0.8340192043895748,0.16598079561042525,0.716732619352686,0.7485377972592535,2.355987055016181,0.511326860841424,0.27184466019417475,1.0
bace,105,branch_origin,75,74.0,70.0,1.0714285714285714,1.0,1.0,0.07142857142857142,0.8933333333333333,0.4806028193235397,0.8092068326473236,0.37509217858314514,0.7312418818473816,36.04521144926548,60.69051244854927,0.6273846930908183,2837.794367954135,4590.405879855156,0.6179701309491419,0.868421052631579,0.13157894736842105,0.8174078847753016,0.785851373597434,1.0,1.0,0.0,1.0
bace,105,branch_suffix,1161,70.0,285.0,4.073684210526316,2.0,10.599999999999994,0.6105263157894737,0.797588285960379,0.5851298898946202,0.6250138887213054,0.6996033191680908,0.6469290256500244,679.335802167654,725.6411248054355,0.5164790331246014,54614.43122366071,57197.326418959536,0.5115501949426215,0.9397058823529412,0.060294117647058824,0.8276429285675839,0.7897395154952512,2.4175438596491228,0.5157894736842106,0.28421052631578947,1.0
bace,106,all,2496,128.0,385.0,6.4831168831168835,3.0,16.0,0.6779220779220779,0.5548878205128205,0.40419169114186215,0.4413159292178021,0.0,0.31427402794361115,1008.8624610900879,1101.524559327634,0.5219538163713696,75792.09657895565,83073.11464901641,0.5229157095306803,0.9195148842337376,0.0804851157662624,0.7807750725908937,0.8018651661808103,2.948051948051948,0.43116883116883115,0.36103896103896105,1.0
bace,106,root,1114,56.0,291.0,3.8281786941580758,2.0,8.0,0.6666666666666666,0.5816876122082585,0.40699018781446256,0.4827460543999927,0.0,0.39696942269802094,453.3870692253113,537.7791046015918,0.542572092150018,33345.01360428333,40074.97159700282,0.5458319214738931,0.9035532994923858,0.09644670050761421,0.7518407909608709,0.7599457211734765,2.316151202749141,0.47079037800687284,0.281786941580756,1.0
bace,106,branch_origin,73,72.0,67.0,1.0895522388059702,1.0,1.0,0.07462686567164178,0.7123287671232876,0.3735301478268349,0.5233747572319148,0.0,0.4872722923755646,27.267700791358948,38.20635727792978,0.5835342791414708,2104.9126885831356,3014.656259201467,0.5888496258080482,0.8846153846153846,0.11538461538461539,0.6788807175311441,0.6935375041718372,1.0298507462686568,0.9701492537313433,0.0,1.0
bace,106,branch_suffix,1309,70.0,285.0,4.5929824561403505,2.0,12.0,0.5894736842105263,0.5233002291825821,0.4035200084594482,0.40148135786716,0.0,0.17499801516532898,528.2076910734177,525.5390974481124,0.498733759545284,40342.17028608918,39983.486792812124,0.49776731678070973,0.9342915811088296,0.06570841889117043,0.8034416124003165,0.7972978272068844,2.512280701754386,0.5228070175438596,0.30526315789473685,1.0
bace,107,all,1792,128.0,325.0,5.513846153846154,3.0,11.600000000000023,0.7353846153846154,0.7176339285714286,0.28958996288877514,0.5450627624049308,0.0,0.44946756958961487,518.945213496685,976.752470229636,0.6530413738397947,38920.677371293306,73714.44907752366,0.6544534675958354,0.8652751423149905,0.1347248576850095,0.7888126582693743,0.7863483433393169,2.5292307692307694,0.4584615384615385,0.3292307692307692,1.0
bace,107,root,1079,64.0,276.0,3.9094202898550723,2.5,8.0,0.6739130434782609,0.6886005560704356,0.20693328526419993,0.49792721190000433,0.0,0.3779643476009369,223.28101480007172,537.2634616401047,0.7064195169161346,16459.089519143105,40462.733970376896,0.7108474656969936,0.8492647058823529,0.15073529411764705,0.6823550655191157,0.6829054814231322,2.119565217391304,0.5398550724637681,0.2391304347826087,1.0
bace,107,branch_origin,67,64.0,55.0,1.2181818181818183,1.0,2.0,0.18181818181818182,0.8507462686567164,0.2525832297197029,0.6494875112687474,0.0,0.5123761892318726,16.923076391220093,43.515663255006075,0.7199962062366153,1308.3033010661602,3773.5456472821534,0.7425536818658529,0.875,0.125,0.8366958166632686,0.7258219112001673,1.0,1.0,0.0,1.0
bace,107,branch_suffix,646,61.0,202.0,3.198019801980198,2.0,6.0,0.6336633663366337,0.7523219814241486,0.43148780542630527,0.612961834883166,0.0,0.5464605689048767,278.7411223053932,395.9733453345252,0.5868754329807074,21153.28455108404,29478.169459864614,0.5822106047653736,0.8828451882845189,0.11715481171548117,0.8627337442267925,0.879107923694553,2.0,0.5396039603960396,0.23267326732673269,1.0
bace,108,all,1600,128.0,315.0,5.079365079365079,3.0,11.600000000000023,0.7174603174603175,0.83625,0.4047149673849344,0.6656102143944008,0.0,0.6316276788711548,647.5439478158951,1064.9763430310413,0.6218766275197538,51643.99743247032,82865.03592597635,0.6160555455420849,0.8571428571428571,0.14285714285714285,0.742489046016564,0.6866108957328165,2.580952380952381,0.4603174603174603,0.3396825396825397,1.0
bace,108,root,865,71.0,261.0,3.314176245210728,2.0,7.0,0.6743295019157088,0.8219653179190751,0.2649022212607323,0.6560377223530214,0.0,0.5773501396179199,229.14042139053345,567.4726298353635,0.7123566817818098,17797.76904606819,43617.4325824728,0.710205802893641,0.7709923664122137,0.22900763358778625,0.5300066112752302,0.4401250143634543,2.0842911877394634,0.524904214559387,0.26053639846743293,1.0
bace,108,branch_origin,58,57.0,51.0,1.1372549019607843,1.0,2.0,0.11764705882352941,0.9310344827586207,0.3248285394290398,0.636940700419504,0.0,0.5918140411376953,18.840055286884308,36.942560624331236,0.662259379931714,1341.2223618626595,2644.42055715248,0.6634865718994016,0.8421052631578947,0.15789473684210525,0.8150048598321172,0.5927901021451647,1.0196078431372548,0.9803921568627451,0.0,1.0
bace,108,branch_suffix,677,54.0,200.0,3.385,2.0,7.0,0.655,0.8463810930576071,0.5901971508692427,0.6802971234436435,0.512997567653656,0.6684384346008301,399.5634711384773,460.5611525713466,0.5354586299191026,32505.00602453947,36603.18278635107,0.529650442533127,0.9253731343283582,0.07462686567164178,0.8230741946569404,0.7868179612999201,2.17,0.54,0.27,1.0
bace,109,all,2048,128.0,365.0,5.610958904109589,3.0,14.0,0.6520547945205479,0.73486328125,0.2959091548618744,0.5737042634530667,0.0,0.47784391045570374,606.0219491571188,1174.9463315518806,0.6597233338058871,48928.61074280739,92097.29145393556,0.6530523118047642,0.9126984126984127,0.0873015873015873,0.8467687849691311,0.8162423404806433,2.6904109589041094,0.5178082191780822,0.3013698630136986,1.0
bace,109,root,993,56.0,282.0,3.521276595744681,2.0,7.900000000000006,0.6418439716312057,0.6968781470292045,0.31195933093417205,0.5132549000862463,0.0,0.41767430305480957,309.77561561763287,509.6621157856425,0.6219656433355257,25604.3204575181,40098.39516881469,0.6103004234537877,0.8818181818181818,0.11818181818181818,0.8071504060915746,0.8152982875020969,2.1631205673758864,0.549645390070922,0.23404255319148937,1.0
bace,109,branch_origin,73,72.0,61.0,1.1967213114754098,1.0,2.0,0.18032786885245902,0.8767123287671232,0.2683442141095253,0.7946875383694695,0.0,0.6661413311958313,19.589127629995346,58.01219030097127,0.7475670755047951,1516.9276150465012,4507.353261865675,0.7481977274897543,0.9375,0.0625,0.8200788797827657,0.8116664136533523,1.0327868852459017,0.9672131147540983,0.0,1.0
bace,109,branch_suffix,982,68.0,249.0,3.9437751004016066,2.0,10.0,0.5823293172690763,0.7627291242362525,0.28172831559011263,0.618403284587848,0.0,0.5,276.6572059094906,607.2720254652668,0.6870143037591234,21807.362670242786,47491.54302325519,0.6853144728331709,0.9471830985915493,0.0528169014084507,0.8911653387964806,0.7947750030600139,2.4136546184738954,0.5341365461847389,0.28112449799196787,1.0
bace,110,all,1664,128.0,289.0,5.757785467128028,4.0,12.0,0.7508650519031141,0.6478365384615384,0.16785929932778415,0.5097751701515125,0.0,0.4036467522382736,279.3178740814328,848.2658831321169,0.752286362503416,22181.365862950683,64334.04573408747,0.7436137047320011,0.8007518796992481,0.19924812030075187,0.617515154256288,0.6301421491609651,2.6816608996539792,0.3944636678200692,0.39100346020761245,1.0
bace,110,root,991,71.0,248.0,3.995967741935484,3.0,9.0,0.6693548387096774,0.5943491422805247,0.0911331611161997,0.4493015493892648,0.0,0.3235723376274109,90.31296266615391,445.25783544476144,0.831370636739886,7066.73629719764,33736.169019614346,0.8268080117744474,0.6761904761904762,0.3238095238095238,0.2096581060639418,0.2733094340962193,2.245967741935484,0.4879032258064516,0.2862903225806452,1.0
bace,110,branch_origin,58,57.0,50.0,1.16,1.0,2.0,0.16,0.8275862068965517,0.15780256534444875,0.6060680804196102,0.0,0.5210334062576294,9.152548789978027,35.1519486643374,0.7934171626838455,667.3695683479309,2664.0741763189435,0.7996755702640073,0.8181818181818182,0.18181818181818182,0.6189004846041098,0.4793084795011092,1.0,1.0,0.0,1.0
bace,110,branch_suffix,615,52.0,174.0,3.5344827586206895,2.0,7.0,0.6896551724137931,0.7170731707317073,0.29244286605739983,0.5981399984114114,0.0,0.6346142888069153,179.85236262530088,367.85609902301803,0.671627562437069,14447.259997405112,27933.80253815418,0.6591104815910804,0.8866666666666667,0.11333333333333333,0.8513431448990249,0.754820331262073,2.1091954022988504,0.47701149425287354,0.28160919540229884,1.0
bace,111,all,1984,128.0,353.0,5.620396600566572,3.0,13.0,0.6940509915014165,0.7943548387096774,0.5235534478880225,0.6234680631407115,0.5049504041671753,0.5773501694202423,1038.7300406098366,1236.9606372711714,0.5435539413568092,82724.92463484406,97970.76779742888,0.5421865152327833,0.9587852494577006,0.04121475054229935,0.8275896926288336,0.8301087792359223,2.5665722379603397,0.49291784702549574,0.28895184135977336,1.0
bace,111,root,1130,78.0,263.0,4.2965779467680605,2.0,10.0,0.688212927756654,0.8132743362831858,0.49389159486884565,0.636854480512737,0.2729354798793793,0.5773497223854065,558.0975022017956,719.6455629793927,0.5632161759197997,44032.03726738691,56850.55659066606,0.5635318682493209,0.9563409563409564,0.04365904365904366,0.8456961095473594,0.8613297875755843,2.296577946768061,0.5209125475285171,0.2585551330798479,1.0
bace,111,branch_origin,51,50.0,43.0,1.186046511627907,1.0,2.0,0.18604651162790697,0.8235294117647058,0.4604877110789804,0.7085648729082417,0.27293550968170166,0.5794901847839355,23.484873265028,36.13680851832032,0.6061017978263794,1878.4707958102226,2934.859243810177,0.6097357171962453,0.9523809523809523,0.047619047619047616,0.6958137091621849,0.6775038238099149,1.0465116279069768,0.9534883720930233,0.0,1.0
bace,111,branch_suffix,803,48.0,224.0,3.5848214285714284,2.0,9.0,0.5446428571428571,0.7658779576587795,0.5692997075255455,0.5992257357079183,0.5049504637718201,0.6089333295822144,457.147665143013,481.1782657734584,0.5128050391866361,36814.41657164693,38185.35196295264,0.509139597482046,0.9619047619047619,0.0380952380952381,0.8090676575667267,0.7989751966316496,2.142857142857143,0.6026785714285714,0.24553571428571427,1.0
bace,112,all,2560,128.0,389.0,6.580976863753214,3.0,16.0,0.6735218508997429,0.71015625,0.4333482406946132,0.5458075089598424,0.3126479387283325,0.4235369861125946,1109.3714961782098,1397.2672229371965,0.5574266495932417,95264.38238891214,113731.81781517062,0.5441812707796247,0.8309104820198929,0.16908951798010713,0.6780021666253605,0.7017322796351155,2.709511568123393,0.4704370179948586,0.3444730077120823,1.0
bace,112,root,1588,74.0,320.0,4.9625,2.0,13.0,0.6125,0.7172544080604534,0.25670379577134206,0.5240239807174679,0.0,0.4016321450471878,407.6456276848912,832.1500813793391,0.6711993559063263,37953.50691322237,67362.30430926569,0.6396219478095027,0.7611464968152867,0.23885350318471338,0.5000798265818062,0.5196310466915931,2.35625,0.540625,0.309375,1.0
bace,112,branch_origin,55,54.0,50.0,1.1,1.0,1.0,0.08,0.7636363636363637,0.6742618465965444,0.6880686794492331,0.42248961329460144,0.5074889063835144,37.084401562809944,37.84377736970782,0.5050673579534128,2993.0478286147118,3043.108740001917,0.5041467538837116,0.8095238095238095,0.19047619047619047,0.8154435299962014,0.8154813924737226,1.0,1.0,0.0,1.0
bace,112,branch_suffix,917,54.0,217.0,4.225806451612903,2.0,9.400000000000006,0.5898617511520737,0.6946564885496184,0.7247998548860508,0.5749982161266626,0.49689924716949463,0.44717562198638916,664.6414669305086,527.2733641881496,0.44237503420716956,54317.82764707506,43326.40476590302,0.44371698865589554,0.9010989010989011,0.0989010989010989,0.7850718006797248,0.8272660489203003,2.294930875576037,0.5529953917050692,0.271889400921659,1.0
bace,113,all,1856,128.0,375.0,4.949333333333334,3.0,11.600000000000023,0.6586666666666666,0.7575431034482759,0.6276522383158063,0.5699092468441512,0.4529860317707062,0.4925841987133026,1164.9225543141365,1057.7515621427447,0.4758914292972845,91376.15425220132,81272.31512583885,0.47073869475136043,0.9418493803622497,0.058150619637750235,0.8039506148353055,0.8073543561442723,2.3706666666666667,0.5333333333333333,0.272,1.0
bace,113,root,1161,78.0,315.0,3.6857142857142855,2.0,9.0,0.5936507936507937,0.7665805340223945,0.5327842174471709,0.5521007295133198,0.41687464714050293,0.503203809261322,618.5624764561653,640.9889469649643,0.5089025624884311,48325.32434681058,48916.98828038573,0.5030422144310958,0.9246575342465754,0.07534246575342465,0.7931567523485448,0.7278566803962795,2.0984126984126985,0.580952380952381,0.2507936507936508,1.0
bace,113,branch_origin,50,50.0,44.0,1.1363636363636365,1.0,2.0,0.13636363636363635,0.76,0.7747233432531356,0.6642331087589264,0.5048900246620178,0.5925306975841522,38.736167162656784,33.21165543794632,0.46160751274309536,3264.439501553774,2695.9754498004913,0.45231338284391404,0.9655172413793104,0.034482758620689655,0.8479920587870369,0.8687401574664564,1.0681818181818181,0.9318181818181818,0.0,1.0
bace,113,branch_suffix,645,48.0,213.0,3.028169014084507,2.0,6.800000000000011,0.5070422535211268,0.7410852713178294,0.7870138150314953,0.5946526507594326,0.6552882194519043,0.44063857197761536,507.6239106953144,383.55095973983407,0.4303879883333682,39786.390403836966,29659.35139565263,0.42708668130132377,0.963302752293578,0.03669724770642202,0.8141366797256556,0.8519921471077974,2.0140845070422535,0.6197183098591549,0.2300469483568075,1.0
bace,114,all,2368,128.0,389.0,6.087403598971722,3.0,15.0,0.7095115681233933,0.7774493243243243,0.6039528403733228,0.6310053761388288,0.6850198209285736,0.6174734234809875,1430.1603260040283,1494.2207306967466,0.5109528141939527,112155.88958460093,116763.4519282814,0.5100637244394248,0.8514241724403387,0.14857582755966128,0.7484809544599207,0.7399904661880602,2.6426735218508997,0.455012853470437,0.2982005141388175,1.0
bace,114,root,1197,54.0,293.0,4.085324232081911,2.0,8.800000000000011,0.6757679180887372,0.8320802005012531,0.6258659348850362,0.6779940476882838,0.8365942239761353,0.6729692220687866,749.1615240573883,811.5588750828756,0.5199899197383011,57968.94205009937,63046.17165385478,0.5209776673687888,0.8257790368271954,0.17422096317280453,0.7070528893026534,0.6872014843208154,2.242320819112628,0.4778156996587031,0.24573378839590443,1.0
bace,114,branch_origin,76,74.0,63.0,1.2063492063492063,1.0,2.0,0.20634920634920634,0.881578947368421,0.4721048897818515,0.7008246394566653,0.5468844175338745,0.6312219202518463,35.879971623420715,53.26267259870656,0.5974993569406025,2707.036388039589,3862.4828562624753,0.5879399561257879,0.868421052631579,0.13157894736842105,0.7079990961276964,0.7941465197104081,1.0158730158730158,0.9841269841269841,0.0,1.0
bace,114,branch_suffix,1095,70.0,295.0,3.711864406779661,2.0,9.0,0.6033898305084746,0.7105022831050228,0.5891496167335336,0.5747937744430726,0.6618804335594177,0.5773501396179199,645.1188303232193,629.3991830151645,0.4938331011631288,51479.911146461964,49854.79741816415,0.4919814555579375,0.8828828828828829,0.11711711711711711,0.8107557611412404,0.8082674956388137,2.1559322033898307,0.5661016949152542,0.21694915254237288,1.0
bace,115,all,2176,128.0,311.0,6.996784565916399,4.0,13.0,0.7684887459807074,0.6856617647058824,0.45693931349224465,0.5297566514977113,0.29367321729660034,0.4579506665468216,994.2999461591244,1152.75047365902,0.536899582338014,79919.12308460474,91450.74836898455,0.5336454278297771,0.9063157894736842,0.09368421052631579,0.787801385145363,0.8439510653765484,2.485530546623794,0.4533762057877814,0.31511254019292606,1.0
bace,115,root,1366,71.0,276.0,4.949275362318841,3.0,10.0,0.7101449275362319,0.7298682284040996,0.5371274248441875,0.5614838470417821,0.3395002484321594,0.5177139043807983,733.7160623371601,766.9869350590743,0.5110850957116896,59306.63360467553,61207.275901693385,0.5078855723161043,0.9053084648493543,0.09469153515064563,0.7973977545139858,0.8334658940420394,2.1594202898550723,0.5144927536231884,0.23550724637681159,1.0
bace,115,branch_origin,58,57.0,51.0,1.1372549019607843,1.0,2.0,0.13725490196078433,0.6896551724137931,0.22978803258517694,0.5405008302808836,0.0,0.47762519121170044,13.327705889940262,31.349048156291246,0.7016858951715818,989.9949267804623,2474.9350677356124,0.7142814058733301,0.875,0.125,0.6947092517861937,0.6988459044322258,1.0196078431372548,0.9803921568627451,0.0,1.0
bace,115,branch_suffix,752,53.0,186.0,4.043010752688172,2.0,8.0,0.6075268817204301,0.6050531914893617,0.32879810895215955,0.47129586495166803,0.0,0.3133896589279175,247.256177932024,354.41449044365436,0.5890506369547006,19622.494553148746,27768.537399555556,0.5859449827399461,0.9102040816326531,0.08979591836734693,0.7675485750272736,0.8268145718850735,2.0591397849462365,0.5913978494623656,0.23655913978494625,1.0
bace,116,all,1536,128.0,283.0,5.427561837455831,3.0,10.0,0.7137809187279152,0.6979166666666666,0.4079618292162195,0.533172566649796,0.0,0.4697704613208771,626.6293696761131,818.9530623740866,0.5665211780504309,47731.49869990349,61259.72238094732,0.5620610703636785,0.9441786283891547,0.05582137161084529,0.833636054779011,0.8371861588986972,2.1908127208480566,0.558303886925795,0.2332155477031802,1.0
bace,116,root,840,75.0,235.0,3.574468085106383,3.0,8.0,0.6851063829787234,0.680952380952381,0.2771683107529368,0.46631588571582966,0.0,0.4281476140022278,232.8213810324669,391.7053440012969,0.6272034939419437,17209.89976119995,28867.981868912466,0.6265041023510706,0.9042553191489362,0.09574468085106383,0.773406866847515,0.762940719406739,1.8127659574468085,0.625531914893617,0.1702127659574468,1.0
bace,116,branch_origin,54,53.0,46.0,1.173913043478261,1.0,2.0,0.17391304347826086,0.8518518518518519,0.34926716045097067,0.544472706814607,0.0,0.5499691069126129,18.860426664352417,29.401526167988777,0.6092071381804028,1517.024466097355,2227.202147886157,0.5948363647564106,0.9,0.1,0.893995835563071,0.7998546461667043,1.0434782608695652,0.9565217391304348,0.0,1.0
bace,116,branch_suffix,642,52.0,175.0,3.6685714285714286,2.0,7.0,0.5714285714285714,0.7071651090342679,0.5840304703727318,0.6196981186990668,0.636101484298706,0.49728307127952576,374.9475619792938,397.8461922048009,0.5148154860863764,29004.574472606182,30164.5383641487,0.5098021065039695,0.9815384615384616,0.018461538461538463,0.859520403917175,0.8529736460012534,2.005714285714286,0.6057142857142858,0.2057142857142857,1.0
bace,117,all,2304,128.0,364.0,6.329670329670329,3.0,14.0,0.6923076923076923,0.5173611111111112,0.22456278809113428,0.36224047553069894,0.0,0.1215018779039383,517.3926637619734,834.6020556227304,0.6173116238224358,41162.22122447193,63199.707702897955,0.6055820197313663,0.9639344262295082,0.036065573770491806,0.8214286940902679,0.7440558261392564,2.7335164835164836,0.43131868131868134,0.3626373626373626,1.0
bace,117,root,1240,69.0,299.0,4.147157190635451,2.0,8.0,0.6321070234113713,0.5693548387096774,0.13459613491450587,0.36499961277830506,0.0,0.18151790648698807,166.89920729398727,452.59951984509826,0.7305899108707661,12947.830666318536,33280.28529910743,0.7199143768696473,0.996415770609319,0.0035842293906810036,0.7843224956918887,0.5891375053178727,2.3277591973244145,0.4916387959866221,0.2976588628762542,1.0
bace,117,branch_origin,60,59.0,53.0,1.1320754716981132,1.0,2.0,0.1320754716981132,0.65,0.23521798923611642,0.45693734139204023,0.0,0.32273632287979126,14.113079354166985,27.416240483522415,0.6601658922099778,1092.8652379959822,1998.2844863981009,0.6464534767204774,0.8181818181818182,0.18181818181818182,0.9325989743201767,0.9655810287305762,1.0377358490566038,0.9622641509433962,0.0,1.0
bace,117,branch_suffix,1004,56.0,223.0,4.502242152466367,2.0,10.0,0.6233183856502242,0.4452191235059761,0.33504021624882385,0.35317360089054756,0.0,0.0,336.3803771138191,354.58629529410973,0.513174237562605,27121.52532015741,27921.13791739242,0.5072635711119581,0.940625,0.059375,0.8049900758182449,0.786269878040425,2.403587443946188,0.5067264573991032,0.29596412556053814,1.0
bace,118,all,1984,128.0,323.0,6.142414860681114,4.0,12.0,0.7554179566563467,0.6270161290322581,0.35227708210567793,0.45808313405465134,0.0,0.34411558508872986,698.917730897665,908.8369379644282,0.5652833455042413,55371.81848889589,69322.75967683922,0.5559404482262281,0.978891820580475,0.021108179419525065,0.8518715913578533,0.7867544117604875,2.544891640866873,0.4613003095975232,0.3188854489164087,1.0
bace,118,root,1172,64.0,276.0,4.246376811594203,3.0,8.5,0.717391304347826,0.6689419795221843,0.42768657210031874,0.5268868962195528,0.0,0.37796203792095184,501.24866250157356,617.5114423693158,0.5519605496127155,39239.533174186945,47063.89445207827,0.5453305360696363,0.9853556485355649,0.014644351464435146,0.8498416870756019,0.8346747276074338,2.221014492753623,0.5036231884057971,0.2826086956521739,1.0
bace,118,branch_origin,64,64.0,55.0,1.1636363636363636,1.0,2.0,0.16363636363636364,0.75,0.20742592448368669,0.565841918301885,0.0,0.43379683792591095,13.275259166955948,36.21388277132064,0.7317541051022115,1101.7869631052017,2753.1190832993016,0.714185780446492,0.8666666666666667,0.13333333333333333,0.742552154129592,0.7942577900096521,1.0545454545454545,0.9454545454545454,0.0,1.0
bace,118,branch_suffix,748,62.0,208.0,3.5961538461538463,2.0,7.300000000000011,0.6634615384615384,0.5508021390374331,0.246515787739486,0.34105830591416014,0.0,0.2929419279098511,184.3938092291355,255.1116128237918,0.5804515712961318,15030.498351603746,19505.746141461655,0.5647905968866491,0.9735849056603774,0.026415094339622643,0.8716444810525233,0.6450906078687864,2.048076923076923,0.5865384615384616,0.22596153846153846,1.0
bace,119,all,2048,128.0,313.0,6.543130990415335,4.0,13.0,0.7667731629392971,0.73681640625,0.4395321205520304,0.557240603343871,0.33122724294662476,0.4626503586769104,900.1617828905582,1141.228755648248,0.5590447952527106,70621.38327467442,88834.06935772207,0.5571090100162163,0.9475982532751092,0.05240174672489083,0.8275128027205311,0.8419350691134074,2.6070287539936103,0.4504792332268371,0.33865814696485624,1.0
bace,119,root,1099,67.0,285.0,3.856140350877193,3.0,7.0,0.6701754385964912,0.7288444040036397,0.41769552426082207,0.5998871200679852,0.0,0.4973045885562897,459.04738116264343,659.2759449547157,0.5895217684885609,35451.631919145584,50516.960038420744,0.5876211170627951,0.9421296296296297,0.05787037037037037,0.8388569585300699,0.7981476210441836,2.143859649122807,0.512280701754386,0.26666666666666666,1.0
bace,119,branch_origin,62,61.0,56.0,1.1071428571428572,1.0,1.5,0.10714285714285714,0.8387096774193549,0.39054168472366946,0.5848113877638694,0.0,0.4833679795265198,24.213584452867508,36.2583060413599,0.5995894248555117,1749.8236773014069,2627.6357844658196,0.6002650184234978,0.9090909090909091,0.09090909090909091,0.7916058902057048,0.8268263189990154,1.0357142857142858,0.9642857142857143,0.0,1.0
bace,119,branch_suffix,887,58.0,202.0,4.391089108910891,2.0,11.800000000000011,0.6584158415841584,0.7395715896279594,0.470012195349546,0.5024740751433735,0.33122727274894714,0.40824782848358154,416.9008172750473,445.6945046521723,0.5166901481176555,33419.927678227425,35689.4735348355,0.5164199502294277,0.9545454545454546,0.045454545454545456,0.803286303021786,0.8557125601401441,2.222772277227723,0.5544554455445545,0.2623762376237624,1.0
bace,120,all,1984,128.0,387.0,5.126614987080103,3.0,11.0,0.689922480620155,0.7303427419354839,0.3761718595238973,0.5644611890840621,0.060623910278081894,0.4474688470363617,746.3249692954123,1119.890999142779,0.6000864948551473,65469.69718173891,88572.12133672216,0.5749875078636992,0.9461538461538461,0.05384615384615385,0.7477136547071775,0.8513560463933078,2.498708010335917,0.4909560723514212,0.29198966408268734,1.0
bace,120,root,1042,60.0,310.0,3.361290322580645,2.0,8.0,0.5903225806451613,0.738003838771593,0.39416142996407744,0.5732521265876996,0.060623910278081894,0.4511987268924713,410.7162100225687,597.328715904383,0.5925616017114579,31277.440185897052,45185.98102235643,0.5909489832960684,0.9598853868194842,0.04011461318051576,0.8723444634989692,0.8774504012631198,2.0064516129032257,0.5774193548387097,0.1935483870967742,1.0
bace,120,branch_origin,69,68.0,60.0,1.15,1.0,2.0,0.15,0.8695652173913043,0.26656477736390155,0.7547894409601239,0.0,0.6381450891494751,18.392969638109207,52.08047142624855,0.7390084922728107,1213.847765635699,3652.2576907873154,0.7505504604234415,0.7647058823529411,0.23529411764705882,0.7289613084499023,0.7400135505537538,1.0166666666666666,0.9833333333333333,0.0,1.0
bace,120,branch_suffix,873,64.0,261.0,3.3448275862068964,2.0,8.0,0.5555555555555556,0.7101947308132875,0.3633628747247817,0.5389253285362514,0.06062391400337219,0.4342316687107086,317.2157896347344,470.4818118121475,0.5972873485306324,32978.40923020616,39733.88262357842,0.5464534483863931,0.9401408450704225,0.05985915492957746,0.6107533060945607,0.8154193718699145,2.1724137931034484,0.5593869731800766,0.2796934865900383,1.0
bace,121,all,2048,128.0,340.0,6.023529411764706,3.0,13.0,0.7647058823529411,0.53173828125,0.22221416244428838,0.3982609763483822,0.0,0.197088822722435,455.0946046859026,815.6384795614867,0.6418645187353096,39600.22845111787,62162.9145465988,0.6108588307654137,0.884765625,0.115234375,0.6906256505555893,0.7253359784933616,2.402941176470588,0.49117647058823527,0.3,1.0
bace,121,root,1193,65.0,306.0,3.8986928104575163,2.0,8.5,0.6143790849673203,0.5414920368818106,0.2130152412626989,0.41399504168447787,0.0,0.20851430296897888,254.1271828263998,493.89608472958207,0.6602683447846338,24148.96636324376,38371.61296965554,0.6137437205330534,0.8992537313432836,0.10074626865671642,0.7050129619590471,0.7157264811528704,1.9803921568627452,0.5849673202614379,0.2222222222222222,1.0
bace,121,branch_origin,63,63.0,53.0,1.1886792452830188,1.0,2.0,0.18867924528301888,0.6507936507936508,0.2051290109280556,0.45045843886004555,0.0,0.3779642581939697,12.923127688467503,28.37888164818287,0.6871065622223728,908.8226960226893,2043.3241559267044,0.6921485476162657,0.7333333333333333,0.26666666666666666,0.5930149503806056,0.7265076932174547,1.0566037735849056,0.9433962264150944,0.0,1.0
bace,121,branch_suffix,792,61.0,204.0,3.8823529411764706,2.0,9.0,0.5931372549019608,0.5075757575757576,0.2374296643573678,0.370408476242073,0.0,0.012377529870718718,188.0442941710353,293.3635131837218,0.6093866960648125,14542.439391851425,21747.97742101655,0.5992760439528785,0.8777292576419214,0.1222707423580786,0.6990606130119281,0.7166246949662329,2.093137254901961,0.5784313725490197,0.23529411764705882,1.0
bace,122,all,1728,128.0,335.0,5.158208955223881,3.0,11.0,0.6746268656716418,0.8177083333333334,0.4194241447063784,0.6473068378674927,0.0,0.5795745253562927,724.7649220526218,1118.5462158350274,0.6068135719707254,58071.935687601566,88912.09598239069,0.6049099005667203,0.9478827361563518,0.05211726384364821,0.8365758368646502,0.8360690070782939,2.3761194029850747,0.5044776119402985,0.25970149253731345,1.0
bace,122,root,804,66.0,251.0,3.2031872509960158,2.0,7.0,0.6613545816733067,0.8109452736318408,0.40678159933333374,0.6136860495646929,0.0,0.5643556714057922,327.0524058640003,493.4035838500131,0.6013772707320941,25802.170082330704,38943.077655512374,0.6014816378986602,0.9217081850533808,0.07829181494661921,0.7292999081059786,0.6731100176549342,1.8685258964143425,0.5418326693227091,0.1553784860557769,1.0
bace,122,branch_origin,62,62.0,54.0,1.1481481481481481,1.0,2.0,0.14814814814814814,0.8709677419354839,0.37601092265498254,0.7566010904528441,0.0,0.7232581079006195,23.312677204608917,46.909267608076334,0.6680143612257481,1849.6029200553894,3608.3166528232396,0.6611157611690734,0.9444444444444444,0.05555555555555555,0.8688351428688714,0.8845187601197916,1.0185185185185186,0.9814814814814815,0.0,1.0
bace,122,branch_suffix,862,62.0,233.0,3.699570815450644,2.0,9.0,0.5836909871244635,0.820185614849188,0.4343385603062791,0.6708043670266102,0.0,0.6665215492248535,374.3998389840126,578.233364376938,0.6069842646014155,30420.162685215473,46360.701674055075,0.6038054150722447,0.9714285714285714,0.02857142857142857,0.891158408587198,0.8598199955711177,2.244635193133047,0.5836909871244635,0.24892703862660945,1.0
bace,123,all,2048,128.0,344.0,5.953488372093023,3.0,13.0,0.7616279069767442,0.630859375,0.26795116846915334,0.5042705344822025,0.0,0.4615418165922165,548.763993024826,1032.7460546195507,0.6530126420365155,44446.47795587778,79795.0390692337,0.6422574432434341,0.904296875,0.095703125,0.7956983573326013,0.751531689590001,2.5494186046511627,0.4680232558139535,0.32848837209302323,1.0
bace,123,root,1063,72.0,270.0,3.937037037037037,2.0,9.0,0.6888888888888889,0.6660395108184384,0.22294846022902853,0.518224260282001,0.0,0.4697704315185547,236.99421322345734,550.872388679767,0.699194999951821,19033.15800434351,41751.23702878272,0.6868742710366561,0.8471074380165289,0.15289256198347106,0.746730766086485,0.7052574114261373,2.0555555555555554,0.5518518518518518,0.25555555555555554,1.0
bace,123,branch_origin,60,56.0,53.0,1.1320754716981132,1.0,2.0,0.1320754716981132,0.7833333333333333,0.24928376475969952,0.5628207075099151,0.0,0.5628620982170105,14.95702588558197,33.7692424505949,0.6930397833384297,1286.7453101873398,2603.075068973005,0.6692018692994002,0.9333333333333333,0.06666666666666667,0.6898366675513914,0.6810987707521325,1.0188679245283019,0.9811320754716981,0.0,1.0
bace,123,branch_suffix,925,53.0,249.0,3.714859437751004,2.0,7.0,0.6144578313253012,0.5805405405405405,0.3208786528819316,0.4844372145829068,0.0,0.39594900608062744,296.81275391578674,448.1044234891888,0.6015493226377506,24126.57464134693,35440.72697147797,0.5949694884927865,0.9568627450980393,0.043137254901960784,0.8419580182223032,0.7682549126916002,2.1927710843373496,0.5381526104417671,0.2570281124497992,1.0
bace,124,all,1984,128.0,357.0,5.557422969187675,3.0,11.0,0.7282913165266106,0.8215725806451613,0.4997042788102502,0.6038579596203025,0.36703407764434814,0.40824776887893677,991.4132891595364,1198.0541918866802,0.5471897629254583,79156.75946301222,92697.66051695845,0.5393964294183542,0.8824074074074074,0.1175925925925926,0.7940825160214581,0.7299725648378961,2.3669467787114846,0.4789915966386555,0.28851540616246496,1.0
bace,124,root,899,62.0,279.0,3.2222222222222223,2.0,7.0,0.6630824372759857,0.8097886540600667,0.44953791855174524,0.569170943339375,0.336757630109787,0.40824776887893677,404.13458877801895,511.6846780620981,0.5587179660759715,32374.04553580284,39665.982158649946,0.550610312462502,0.8613636363636363,0.13863636363636364,0.76973892720046,0.6899589829167806,1.917562724014337,0.5663082437275986,0.21505376344086022,1.0
bace,124,branch_origin,67,66.0,56.0,1.1964285714285714,1.0,2.0,0.19642857142857142,0.8955223880597015,0.4200105911760188,0.6834656771328023,0.336757630109787,0.5458984971046448,28.14070960879326,45.79220036789775,0.6193750574992131,2109.244071573019,3287.0429283082485,0.6091304870146032,0.8,0.2,0.6729906240374549,0.5722341159089434,1.0,1.0,0.0,1.0
bace,124,branch_suffix,1018,62.0,246.0,4.138211382113822,2.0,10.0,0.6585365853658537,0.8271119842829077,0.549251464413285,0.6292507990733638,0.36703410744667053,0.39643916487693787,559.1379907727242,640.5773134566844,0.5339411035255021,44673.46985563636,49744.63543000026,0.5268548365751592,0.9016393442622951,0.09836065573770492,0.8175471658208963,0.7592249300319804,2.1341463414634148,0.5447154471544715,0.22357723577235772,1.0
bace,125,all,1856,128.0,332.0,5.590361445783133,4.0,12.0,0.7379518072289156,0.8900862068965517,0.4380451143911943,0.7178458233061692,0.0,0.6844784021377563,813.0117323100567,1332.32184805625,0.6210324866255816,65952.78798353672,106475.94215867991,0.6175069669124174,0.8996328029375765,0.1003671970624235,0.8116244337757244,0.8176077150857248,2.3734939759036147,0.45180722891566266,0.33433734939759036,1.0
bace,125,root,970,62.0,291.0,3.3333333333333335,2.0,7.0,0.6494845360824743,0.8721649484536083,0.33142323567695225,0.6894515291787384,0.0,0.6355797052383423,321.4805386066437,668.7679833033762,0.6753536799160644,25633.618280619383,53239.37222543682,0.6750013139333023,0.8405797101449275,0.15942028985507245,0.7482068516992476,0.7489116309568326,1.8419243986254294,0.5360824742268041,0.21649484536082475,1.0
bace,125,branch_origin,66,66.0,61.0,1.0819672131147542,1.0,1.0,0.08196721311475409,0.9848484848484849,0.39006420202327496,0.6721775756415093,0.0,0.6015669405460358,25.744237333536148,44.36371999233961,0.6327915073338618,2137.1916357278824,3382.204008549452,0.6127852081153515,0.7407407407407407,0.25925925925925924,0.7474180218544706,0.8234497283548854,1.0327868852459017,0.9672131147540983,0.0,1.0
bace,125,branch_suffix,820,65.0,215.0,3.813953488372093,2.0,8.0,0.6976744186046512,0.9036585365853659,0.5680328736218011,0.7551099326347978,0.5351619124412537,0.7071066498756409,465.78695636987686,619.1901447605342,0.5706942055416788,38181.978067189455,49854.365924693644,0.5662930065484113,0.9550561797752809,0.0449438202247191,0.8705696031642068,0.8664510701477458,2.1209302325581394,0.4790697674418605,0.24651162790697675,1.0
bace,126,all,1984,128.0,350.0,5.668571428571428,3.0,12.0,0.74,0.7222782258064516,0.2013557449644131,0.5570061576085384,0.0,0.4668963700532913,399.4897980093956,1105.1002166953404,0.7344859436091679,35140.82697574794,91013.67950797966,0.7214461222573869,0.6918819188191881,0.3081180811808118,0.43739981773456943,0.46133275241656574,2.3771428571428572,0.46285714285714286,0.28285714285714286,1.0
bace,126,root,1282,68.0,308.0,4.162337662337662,2.0,8.0,0.7077922077922078,0.734009360374415,0.17369086669057654,0.5570342211218409,0.0,0.47212837636470795,222.67169109731913,714.1178714782,0.7623034030341588,20276.417923353612,59050.72553351335,0.7443949568866218,0.6827956989247311,0.3172043010752688,0.21360855115459193,0.40743429280198723,2.1233766233766236,0.5227272727272727,0.22402597402597402,1.0
bace,126,branch_origin,60,60.0,54.0,1.1111111111111112,1.0,1.7000000000000028,0.1111111111111111,0.85,0.21210204027593135,0.6778658414880435,0.0,0.5445857048034668,12.726122416555882,40.67195048928261,0.7616745001453942,956.3522382453084,3186.1583150848746,0.7691370423965502,0.7333333333333333,0.26666666666666666,0.6554262694641808,0.7506899680769846,1.0,1.0,0.0,1.0
bace,126,branch_suffix,642,56.0,194.0,3.3092783505154637,2.0,6.700000000000017,0.6288659793814433,0.6869158878504673,0.2555949914260445,0.5456548204483767,0.0,0.4628111869096756,164.0919844955206,350.3103947278578,0.681004615990968,13908.056814149022,28776.79565938143,0.6741687974024596,0.7096774193548387,0.2903225806451613,0.6794454324907768,0.617754815047148,1.8453608247422681,0.5927835051546392,0.1958762886597938,1.0
bace,127,all,1600,128.0,311.0,5.144694533762058,3.0,10.0,0.7459807073954984,0.849375,0.22343341510742903,0.6672494796972024,0.0,0.6160551905632019,357.49346417188644,1067.5991675155237,0.7491437004003103,29472.06895428896,85275.49445707351,0.7431573440158068,0.8413978494623656,0.1586021505376344,0.7236641504227549,0.6911750657580445,2.0868167202572345,0.4919614147909968,0.2315112540192926,1.0
bace,127,root,853,67.0,259.0,3.2934362934362933,2.0,7.0,0.6795366795366795,0.8452520515826495,0.21223634823824847,0.64439441589584,0.0,0.5773500800132751,181.03760504722595,549.6684367591515,0.7522429066007393,14863.62907910347,44313.666308311746,0.7488288543469933,0.780952380952381,0.21904761904761905,0.6063519185114047,0.5404440534221036,1.7683397683397684,0.5714285714285714,0.14671814671814673,1.0
bace,127,branch_origin,61,61.0,50.0,1.22,1.0,2.0,0.22,0.9836065573770492,0.12825139721886056,0.8123676990632152,0.0,0.7831832766532898,7.823335230350494,49.55442964285612,0.8636521438637534,591.1387135982513,4250.257827684283,0.8778991333270021,0.8888888888888888,0.1111111111111111,0.8376392502275859,0.8549819600709617,1.0,1.0,0.0,1.0
bace,127,branch_suffix,686,58.0,202.0,3.396039603960396,2.0,7.900000000000006,0.6386138613861386,0.8425655976676385,0.24582000567683673,0.6827642873374871,0.0,0.6506800651550293,168.63252389431,468.3763011135161,0.7352744306293731,14017.301161587238,36711.57032107748,0.7236819832198064,0.9215686274509803,0.0784313725490196,0.7999254055029815,0.767569239577087,1.8217821782178218,0.599009900990099,0.18811881188118812,1.0
bace,128,all,2112,128.0,369.0,5.723577235772358,3.0,12.199999999999989,0.7452574525745257,0.8816287878787878,0.4588421153638399,0.6808650243321167,0.0,0.614312469959259,969.0745476484299,1437.9869313894305,0.5974034913159824,81548.29331707954,117222.78369046422,0.5897376291119828,0.9027196652719666,0.09728033472803348,0.7726964837398884,0.8055556718660094,2.3821138211382116,0.5230352303523035,0.2601626016260163,1.0
bace,128,root,1030,67.0,303.0,3.3993399339933994,2.0,8.0,0.6798679867986799,0.8699029126213592,0.4182226624303651,0.703755993773998,0.0,0.645561158657074,430.76934230327606,724.8686735872179,0.6272454381216068,35220.93998527527,58131.213192846626,0.6227088633074006,0.8333333333333334,0.16666666666666666,0.7106257060824855,0.7099589714102787,1.9273927392739274,0.6105610561056105,0.1848184818481848,1.0
bace,128,branch_origin,61,61.0,52.0,1.1730769230769231,1.0,2.0,0.17307692307692307,0.9836065573770492,0.41824958461229916,0.7604332022315471,0.0,0.6807119846343994,25.51322466135025,46.386425336124375,0.6451550923787945,1969.7945677042007,3748.3200273360126,0.6555167730613926,0.9285714285714286,0.07142857142857142,0.7912722373540267,0.7556405594910752,1.0192307692307692,0.9807692307692307,0.0,1.0
bace,128,branch_suffix,1021,60.0,231.0,4.41991341991342,2.0,10.0,0.5930735930735931,0.8873653281096964,0.5022448390634707,0.6530184451185976,0.5760599374771118,0.581956148147583,512.7919806838036,666.7318324660882,0.5652550843255936,44357.558764100075,55343.25047028158,0.5550932925747664,0.9466192170818505,0.05338078291814947,0.8178535567582152,0.8179797758073739,2.2164502164502164,0.5844155844155844,0.2597402597402597,1.0
bace,129,all,1664,128.0,278.0,5.985611510791367,3.0,11.300000000000011,0.7122302158273381,0.6730769230769231,0.1596811636386869,0.45303210453961096,0.0,0.280607670545578,265.709456294775,753.8454219539126,0.7393868030417442,21090.11517715454,59623.79489845707,0.7387053215809068,1.0,0.0,0.9470040513340988,0.14196043781353015,2.093525179856115,0.564748201438849,0.2446043165467626,1.0
bace,129,root,902,75.0,229.0,3.938864628820961,2.0,9.0,0.6681222707423581,0.6829268292682927,0.06676548395611494,0.4297701400661317,0.0,0.2863578498363495,60.22246652841568,387.65266633965075,0.8655373739042648,4805.840222746134,30096.175139263272,0.8623047932075218,1.0,0.0,0.10762193861615024,-0.13529791014646272,1.759825327510917,0.6244541484716157,0.17467248908296942,1.0
bace,129,branch_origin,53,53.0,36.0,1.4722222222222223,1.0,2.0,0.4722222222222222,0.8867924528301887,0.1818637527384848,0.5850777510940185,0.0,0.49999770522117615,9.638778895139694,31.00912080798298,0.7628714160992681,715.2973237335682,2476.6259127752855,0.7759039705115462,1.0,0.0,0.9957888739092526,0.18171229047412993,1.1666666666666667,0.8333333333333334,0.0,1.0
bace,129,branch_suffix,709,52.0,156.0,4.544871794871795,2.0,11.5,0.5961538461538461,0.6445698166431594,0.27623160912724914,0.4727554792754286,0.0,0.26414549350738525,195.84821087121964,335.18363480627886,0.6311930961101699,15568.977630674839,27050.99384641851,0.6347022982161641,1.0,0.0,0.9464703769812258,0.3100856983918022,2.0833333333333335,0.5769230769230769,0.28846153846153844,1.0
bace,130,all,2048,128.0,313.0,6.543130990415335,4.0,14.600000000000023,0.744408945686901,0.60009765625,0.2932651316623378,0.4316917107870495,0.06130393594503403,0.2137136235833168,600.6069896444678,884.1046236918774,0.5954722895345148,46075.877165824175,68190.78419255186,0.596768850878422,0.950479233226837,0.04952076677316294,0.8026463138239751,0.845289330774826,2.2779552715654954,0.4984025559105431,0.268370607028754,1.0
bace,130,root,1186,65.0,270.0,4.392592592592592,2.0,11.0,0.6592592592592592,0.6104553119730185,0.2896831016453583,0.4370069780102719,0.0,0.2137136310338974,343.56415855139494,518.2902759201825,0.6013663737055056,25640.402397159487,39625.17028497532,0.6071374027155659,0.9512195121951219,0.04878048780487805,0.854077541631401,0.8302614421693782,1.9370370370370371,0.5703703703703704,0.18888888888888888,1.0
bace,130,branch_origin,64,63.0,52.0,1.2307692307692308,1.0,2.0,0.23076923076923078,0.71875,0.23801448551239446,0.5943890806884156,0.0,0.5357455015182495,15.232927072793245,38.040901164058596,0.7140635922564191,1081.9097063913941,2947.373959661927,0.7314883249579883,0.7692307692307693,0.23076923076923078,0.714386965356155,0.4638960478337552,1.0576923076923077,0.9423076923076923,0.0,1.0
bace,130,branch_suffix,798,62.0,203.0,3.9310344827586206,2.0,8.0,0.6748768472906403,0.575187969924812,0.3030199298499745,0.41074366742811563,0.06130393594503403,0.20520994067192078,241.80990402027965,327.7734466076363,0.5754617761321396,19353.565062273294,25618.23994791461,0.569651139021684,0.9590163934426229,0.040983606557377046,0.7793679575510896,0.8925124336096926,2.0,0.5517241379310345,0.2315270935960591,1.0
bace,131,all,1792,128.0,308.0,5.818181818181818,3.0,12.0,0.7435064935064936,0.7405133928571429,0.425035523184176,0.5806468019899123,0.0,0.5291213691234589,761.6636575460434,1040.5190691659227,0.5773660205168658,58915.04518669844,78274.43113013543,0.5705571100028374,0.9561042524005487,0.0438957475994513,0.8313387879162963,0.8061171768092231,2.3344155844155843,0.4902597402597403,0.288961038961039,1.0
bace,131,root,1019,71.0,262.0,3.8893129770992365,2.0,8.0,0.6946564885496184,0.7684003925417076,0.3983654887858738,0.6112374094003213,0.0,0.5166999697685242,405.9344330728054,622.8509201789275,0.6054235883221424,30674.999989658594,45729.04063087143,0.5985159981000256,0.9551820728291317,0.04481792717086835,0.8190612809747815,0.8122667426788861,1.9694656488549618,0.5572519083969466,0.21374045801526717,1.0
bace,131,branch_origin,61,57.0,47.0,1.297872340425532,1.0,2.0,0.2765957446808511,0.7540983606557377,0.3067266511135414,0.47143972439111254,0.0,0.4633372724056244,18.710325717926025,28.757823187857866,0.6058340982484189,1598.4708531200886,2278.7926784195006,0.5877322136818062,0.8823529411764706,0.11764705882352941,0.819239491182349,0.8007477499442788,1.0,1.0,0.0,1.0
bace,131,branch_suffix,712,51.0,190.0,3.7473684210526317,2.0,8.099999999999994,0.6105263157894737,0.699438202247191,0.4733411499372359,0.5462223676954177,0.4988015294075012,0.5353641510009766,337.01889875531197,388.91032579913735,0.5357413817274498,26641.574343919754,30266.5978208445,0.5318497619852325,0.9605633802816902,0.03943661971830986,0.8373822729821816,0.6834817675730359,2.0157894736842104,0.5684210526315789,0.22631578947368422,1.0
bace,132,all,1792,128.0,344.0,5.209302325581396,3.0,11.699999999999989,0.7005813953488372,0.7767857142857143,0.5475481549344424,0.5578076384003258,0.41845762729644775,0.4082482010126114,981.2062936425209,999.5912880133837,0.5046408059412847,75888.50885924697,77325.65512838308,0.5046899915508207,0.9655172413793104,0.034482758620689655,0.8228977583123599,0.8394221907882026,2.1424418604651163,0.5494186046511628,0.2441860465116279,1.0
bace,132,root,925,70.0,289.0,3.2006920415224913,2.0,8.0,0.6678200692041523,0.76,0.495239492590363,0.5802328023817893,0.4184575378894806,0.40591666102409363,458.09653064608574,536.7153422031552,0.539514411570047,34614.94203513861,41115.818361984566,0.5429209761842885,0.9501385041551247,0.04986149584487535,0.7783799646958063,0.7950361361499366,1.7439446366782008,0.5916955017301038,0.15916955017301038,1.0
bace,132,branch_origin,58,58.0,50.0,1.16,1.0,2.0,0.16,0.8620689655172413,0.4327648775330905,0.5739250755065988,0.418457567691803,0.452980637550354,25.10036289691925,33.28765437938273,0.5701110592925145,1999.1667654514313,2362.560287857428,0.5416570681710037,0.9545454545454546,0.045454545454545456,0.7955912080435892,0.8829198231065037,1.02,0.98,0.0,1.0
bace,132,branch_suffix,809,58.0,200.0,4.045,2.0,10.0,0.65,0.7898640296662547,0.6155864030896365,0.5310114850813916,0.5610853433609009,0.4082481861114502,498.0094000995159,429.58829143084586,0.46311918987433603,39274.40005865693,33847.27647854108,0.4628897760751219,0.9774127310061602,0.022587268993839837,0.8558265511231425,0.8522606468342065,2.055,0.61,0.23,1.0
bace,133,all,1408,128.0,295.0,4.772881355932204,3.0,9.0,0.6949152542372882,0.6186079545454546,0.0,0.46270747928100386,0.0,0.35354992747306824,0.0,651.4921308276535,0.9999999999999984,0.0,49638.485937226535,1.0,0.0,0.0,0.0,0.0,1.9694915254237289,0.5661016949152542,0.21694915254237288,1.0
bace,133,root,870,79.0,245.0,3.5510204081632653,2.0,8.0,0.6857142857142857,0.6735632183908046,0.0,0.49770275972657785,0.0,0.3535535931587219,0.0,433.0014009621227,0.9999999999999977,0.0,32759.748313360033,1.0,0.0,0.0,0.0,0.0,1.7428571428571429,0.6040816326530613,0.1836734693877551,1.0
bace,133,branch_origin,49,49.0,39.0,1.2564102564102564,1.0,2.0,0.2564102564102564,0.8775510204081632,0.0,0.6506328181344636,0.0,0.5856611728668213,0.0,31.881008088588715,0.9999999999999687,0.0,2416.3148377239704,0.9999999999999997,0.0,0.0,0.0,0.0,1.0,1.0,0.0,1.0
bace,133,branch_suffix,489,46.0,158.0,3.0949367088607596,2.0,7.0,0.5822784810126582,0.4948875255623722,0.0,0.38161497295898167,0.0,0.0,0.0,186.60972177694202,0.9999999999999947,0.0,14462.422786142532,0.9999999999999999,0.0,0.0,0.0,0.0,1.8101265822784811,0.6455696202531646,0.17721518987341772,1.0
bace,134,all,2240,128.0,408.0,5.490196078431373,3.0,11.0,0.7107843137254902,0.7736607142857143,0.41580342980367796,0.5958189477619141,0.19510681927204132,0.5298041701316833,931.3996827602386,1334.6344429866876,0.588973673354,72245.40463587642,103621.67421609862,0.5892044997421921,0.9539007092198581,0.04609929078014184,0.8166086466659547,0.8113009746615688,2.3504901960784315,0.5122549019607843,0.28431372549019607,1.0
bace,134,root,1213,71.0,321.0,3.778816199376947,3.0,7.0,0.735202492211838,0.79719703215169,0.325616877283425,0.6169385765612,0.0,0.5667621493339539,394.97327214479446,748.3464933687355,0.6545382280106126,30198.783572778106,57532.65467152884,0.6557815057279337,0.938337801608579,0.06166219839142091,0.7564744827615395,0.7736982785876716,1.897196261682243,0.5295950155763239,0.19003115264797507,1.0
bace,134,branch_origin,59,57.0,50.0,1.18,1.0,2.0,0.18,0.7966101694915254,0.4591145760427087,0.6635122943227574,0.19510680437088013,0.5544639229774475,27.087759986519814,39.14722536504269,0.5910354649775522,2092.871902436018,3021.5957159623504,0.5907937915361333,0.9473684210526315,0.05263157894736842,0.9282175085430394,0.8906612149399336,1.02,0.98,0.0,1.0
bace,134,branch_suffix,968,56.0,242.0,4.0,2.0,10.900000000000006,0.5702479338842975,0.7427685950413223,0.5261762919720293,0.5652280209224271,0.40551958978176117,0.4999999403953552,509.33865062892437,547.1407242529094,0.5178905876076436,39953.74916066229,43067.423828607425,0.5187522926732652,0.9669603524229075,0.03303964757709251,0.8531991932262528,0.8133950682934256,2.2768595041322315,0.5826446280991735,0.24380165289256198,1.0
bace,135,all,1600,128.0,293.0,5.460750853242321,4.0,10.0,0.7337883959044369,0.81,0.3139400896243751,0.6248599934932281,0.0,0.5407081246376038,502.30414339900017,999.775989589165,0.6655943099388837,41092.768109202385,79668.41768983367,0.6597187429279914,0.8099630996309963,0.1900369003690037,0.7138996730698016,0.6491437212725695,2.2286689419795223,0.5017064846416383,0.2832764505119454,1.0
bace,135,root,1077,88.0,247.0,4.3603238866396765,3.0,9.0,0.708502024291498,0.8059424326833797,0.28891678725887254,0.6120399597178524,0.0,0.5103228092193604,311.1633798778057,659.167036616127,0.6793222446822555,25421.591495096684,52656.84768058348,0.6744095839582948,0.7275132275132276,0.2724867724867725,0.647281730390642,0.5035917175933811,1.959514170040486,0.5465587044534413,0.23481781376518218,1.0
bace,135,branch_origin,41,40.0,36.0,1.1388888888888888,1.0,1.5,0.1111111111111111,0.9512195121951219,0.30797597838611135,0.8302136174425846,0.0,0.8143353462219238,12.627015113830566,34.03875831514597,0.7294159255058932,1158.1752753555775,3009.013681717217,0.7220727720086089,1.0,0.0,0.8729442151752863,0.7853963157608237,1.0277777777777777,0.9722222222222222,0.0,1.0
bace,135,branch_suffix,482,40.0,168.0,2.869047619047619,2.0,6.0,0.5238095238095238,0.8070539419087137,0.37036047387419896,0.636037748252888,0.0,0.5533567667007446,178.5137484073639,306.570194657892,0.6319941095569309,14513.001338750124,24002.556327532977,0.6231911929070951,1.0,0.0,0.8906688803591661,0.9048079070608174,1.8392857142857142,0.6309523809523809,0.20238095238095238,1.0
bace,136,all,1664,128.0,311.0,5.35048231511254,3.0,9.0,0.7234726688102894,0.8088942307692307,0.32469515866026855,0.6047945389224109,0.0,0.4663868397474289,540.2927440106869,1006.3781127668917,0.6506737411886302,42972.49213960767,78499.74944837112,0.6462361147054,0.9371534195933456,0.06284658040665435,0.8133167267724051,0.7337744155016581,2.180064308681672,0.5176848874598071,0.2508038585209003,1.0
bace,136,root,1160,86.0,275.0,4.218181818181818,3.0,9.0,0.6872727272727273,0.8172413793103448,0.2038965119883932,0.6009479140646049,0.0,0.47410522401332855,236.5199539065361,697.0995803149417,0.746663447756837,18713.322922199965,53330.005546281114,0.7402490512305101,0.9040590405904059,0.0959409594095941,0.7587617250944607,0.6591377873431611,1.9963636363636363,0.5563636363636364,0.22545454545454546,1.0
bace,136,branch_origin,43,42.0,33.0,1.303030303030303,1.0,2.0,0.2727272727272727,0.9534883720930233,0.5270054562147274,0.8444732144734887,0.43846678733825684,0.5253703594207764,22.661234617233276,36.312348222360015,0.6157392254957291,1719.8046839535236,2675.6129785850644,0.608727812464528,0.95,0.05,0.8845696124365168,0.847322755648947,1.0,1.0,0.0,1.0
bace,136,branch_suffix,461,37.0,131.0,3.519083969465649,2.0,7.0,0.5648854961832062,0.7744034707158352,0.6097864544184761,0.592117536289783,0.4384668469429016,0.42334237694740295,281.1115554869175,272.96618422959,0.4926496133363018,22539.36453345418,22494.13092350494,0.4994977781594539,0.972,0.028,0.8487338598019752,0.7958841775893525,1.9389312977099236,0.6412213740458015,0.22137404580152673,1.0
bace,137,all,1408,128.0,273.0,5.157509157509158,4.0,10.0,0.7692307692307693,0.7407670454545454,0.24792961917013268,0.5337589866301807,0.0,0.4386640042066574,349.0849037915468,751.5326531752944,0.6828281526295292,27816.19622132182,57295.854689747095,0.6731814599276177,0.9183098591549296,0.08169014084507042,0.7635593665194313,0.7436664416102182,1.9853479853479854,0.5091575091575091,0.2271062271062271,1.0
bace,137,root,930,86.0,248.0,3.75,2.0,8.0,0.6975806451612904,0.7096774193548387,0.12891168054393543,0.4956398518035008,0.0,0.3578135222196579,119.88786290585995,460.94506217725575,0.7935932042958737,9275.082940533757,34964.358106039464,0.7903435775608154,0.8709677419354839,0.12903225806451613,0.48420347229853666,0.4875695256391342,1.657258064516129,0.5887096774193549,0.13709677419354838,1.0
bace,137,branch_origin,45,42.0,41.0,1.0975609756097562,1.0,1.0,0.0975609756097561,0.9333333333333333,0.33866806626319884,0.7422904908657074,0.0,0.585537314414978,15.240062981843948,33.40307208895683,0.6866965305656696,1194.6431641876698,2453.7088531721383,0.6725526598027692,0.9230769230769231,0.07692307692307693,0.833168851596274,0.9005559222766412,1.0,1.0,0.0,1.0
bace,137,branch_suffix,433,41.0,139.0,3.115107913669065,2.0,7.0,0.5827338129496403,0.7875288683602771,0.49412696975483356,0.5939596279655469,0.19571208953857422,0.525113582611084,213.95697790384293,257.1845189090818,0.5458753275795637,17346.470116600394,19877.787730535492,0.5340009144618831,0.9572192513368984,0.0427807486631016,0.8407771866229087,0.8282536882465896,1.8201438848920863,0.5899280575539568,0.2014388489208633,1.0
bace,138,all,2176,128.0,333.0,6.534534534534535,4.0,11.0,0.7777777777777778,0.7784926470588235,0.4572756898123771,0.5941113090982927,0.3021865785121918,0.48354604840278625,995.0319010317326,1292.786208597885,0.5650738593057024,78703.56619396806,101063.06597185275,0.5621903506465532,0.7940647482014388,0.20593525179856115,0.722248571044318,0.636985509454728,2.3873873873873874,0.4804804804804805,0.3003003003003003,1.0
bace,138,root,1458,85.0,287.0,5.080139372822299,3.0,9.0,0.7317073170731707,0.8189300411522634,0.41315252492293736,0.6212243930291271,0.3021865785121918,0.5237449407577515,602.3763813376427,905.7451650364674,0.6005783600228363,47556.35719719529,70307.29389821924,0.5965137957698524,0.7589041095890411,0.2410958904109589,0.6635670247477639,0.5563671560923411,2.191637630662021,0.5261324041811847,0.25435540069686413,1.0
bace,138,branch_origin,44,43.0,41.0,1.0731707317073171,1.0,1.0,0.04878048780487805,0.7727272727272727,0.47795338048176333,0.7056689553640105,0.0,0.507651075720787,21.029948741197586,31.049434036016464,0.5961943552372653,1664.6606061458588,2489.820732727647,0.5993096441258213,0.7647058823529411,0.23529411764705882,0.8187385276335062,0.7495454159329258,1.0,1.0,0.0,1.0
bace,138,branch_suffix,674,40.0,189.0,3.566137566137566,2.0,7.0,0.5396825396825397,0.6913946587537092,0.5513732506719471,0.5281774622038593,0.3021865785121918,0.3156449943780899,371.6255709528923,355.99160952540115,0.4892567397754302,29482.548390626907,28265.951340905856,0.48946641856172113,0.8657534246575342,0.13424657534246576,0.797693339003884,0.7258887076798891,1.873015873015873,0.6349206349206349,0.17989417989417988,1.0
bace,139,all,2240,128.0,391.0,5.728900255754476,3.0,12.0,0.6470588235294118,0.48526785714285714,0.2480906364175358,0.3675787823708528,0.0,0.0,555.7230255752802,823.3764725107103,0.5970392083047297,46432.339627206326,66320.65720176067,0.5881941861142839,0.9017013232514177,0.09829867674858223,0.796056138721126,0.7773271528803722,2.2480818414322252,0.5805626598465473,0.2557544757033248,1.0
bace,139,root,1029,68.0,299.0,3.4414715719063547,2.0,8.0,0.6254180602006689,0.5170068027210885,0.14171499134094767,0.37502356626516964,0.0,0.1653369814157486,145.82472608983517,385.89924968685955,0.7257510800094575,12000.914996266365,30230.394430329092,0.7158289629374195,0.8967391304347826,0.10326086956521739,0.6848576164340764,0.6999270272206817,1.785953177257525,0.6488294314381271,0.1705685618729097,1.0
bace,139,branch_origin,60,60.0,51.0,1.1764705882352942,1.0,2.0,0.17647058823529413,0.6166666666666667,0.326729175945123,0.49948078437397875,0.0,0.2692878916859627,19.603750556707382,29.968847062438726,0.6045446174251607,1489.9479983747005,2454.8826782107353,0.6223036879077484,0.7222222222222222,0.2777777777777778,0.751555282189612,0.6625216394685172,1.0196078431372548,0.9803921568627451,0.0,1.0
bace,139,branch_suffix,1151,59.0,236.0,4.877118644067797,2.0,13.0,0.5889830508474576,0.45004344048653344,0.33909170193634897,0.3540472421906273,0.0,0.0,390.29454892873764,407.508375761412,0.5107882700726867,32941.47663256526,33635.38009322084,0.505211296348171,0.9143730886850153,0.0856269113149847,0.8411884071824994,0.8073820432328064,2.292372881355932,0.5423728813559322,0.2711864406779661,1.0
bace,140,all,1984,128.0,347.0,5.717579250720461,3.0,13.400000000000034,0.7665706051873199,0.7338709677419355,0.44659387423927266,0.5378202370541276,0.24307343363761902,0.4009328782558441,886.0422464907169,1067.0353503153892,0.5463353591584512,74901.28635632992,85926.86869125895,0.5342775253862315,0.9577922077922078,0.04220779220779221,0.8276681517827947,0.8818323508709087,2.2247838616714697,0.5244956772334294,0.2420749279538905,1.0
bace,140,root,1016,64.0,287.0,3.5400696864111496,2.0,8.0,0.6759581881533101,0.7125984251968503,0.3759498168076352,0.564705801172907,0.0,0.39294521510601044,381.96501387655735,573.7410939916736,0.6003321410924561,32234.31818690896,45343.48345629999,0.5844904405108171,0.90633608815427,0.09366391184573003,0.7471308443135994,0.8208072472629993,1.818815331010453,0.5818815331010453,0.20557491289198607,1.0
bace,140,branch_origin,65,64.0,51.0,1.2745098039215685,1.0,2.0,0.27450980392156865,0.8153846153846154,0.3742660421591539,0.5378603835518544,0.0,0.4282875061035156,24.327292740345,34.96092493087053,0.5896774486415957,1960.5163076221943,2625.9750710353255,0.5725455155666195,1.0,0.0,0.9542452514565797,0.8700286219169147,1.0784313725490196,0.9215686274509803,0.0,1.0
bace,140,branch_suffix,903,61.0,207.0,4.36231884057971,2.0,11.400000000000006,0.6183574879227053,0.751937984496124,0.5312845402810793,0.5075673658835494,0.46550020575523376,0.40650638937950134,479.7499398738146,458.33333139284514,0.4885849107766028,40706.45186179876,37957.41016392363,0.4825266543805323,0.9906542056074766,0.009345794392523364,0.8846689313695695,0.903020086076319,2.154589371980676,0.6328502415458938,0.23671497584541062,1.0
bace,141,all,1600,128.0,297.0,5.3872053872053876,4.0,11.0,0.7744107744107744,0.7,0.16944922795519232,0.5326922980960808,0.0,0.44720788300037384,271.1187647283077,852.3076769537292,0.7586679869112044,19743.523509949446,64104.99709352292,0.7645334304308308,0.9786476868327402,0.021352313167259787,0.8473675009658738,0.7324616975914051,2.0875420875420874,0.5050505050505051,0.25925925925925924,1.0
bace,141,root,1009,78.0,256.0,3.94140625,2.0,8.5,0.72265625,0.7512388503468781,0.06783159125902725,0.5645578116671403,0.0,0.47883135080337524,68.4420755803585,569.6388319721445,0.8927376218748124,4859.004143923521,43277.1419796031,0.8990570592948097,0.963302752293578,0.03669724770642202,0.6609467205553631,0.35682959250377827,1.8359375,0.5625,0.20703125,1.0
bace,141,branch_origin,51,50.0,37.0,1.3783783783783783,1.0,2.0,0.35135135135135137,0.8627450980392157,0.26173941469659995,0.6242400434452529,0.0,0.5275737643241882,13.348710149526596,31.836242215707898,0.7045762040064059,1269.7772310078144,2724.425776159391,0.6820949689514217,1.0,0.0,0.8862937576620391,0.8652971926404961,1.0,1.0,0.0,1.0
bace,141,branch_suffix,540,48.0,143.0,3.7762237762237763,2.0,8.799999999999997,0.6573426573426573,0.5888888888888889,0.35060736851559743,0.46450481993680887,0.0,0.34464791417121887,189.32797899842262,250.8326027658768,0.5698661196794628,13614.74213501811,18103.429337760434,0.5707589213740559,0.9875,0.0125,0.865502827473318,0.8401056129682674,1.8881118881118881,0.5804195804195804,0.2097902097902098,1.0
bace,142,all,1792,128.0,292.0,6.136986301369863,3.0,13.0,0.7294520547945206,0.5502232142857143,0.2555256167792582,0.41721574406204,0.0,0.27307339012622833,457.9019052684307,747.6506133591756,0.6201725779730409,36849.16430336237,58229.62264732923,0.6124354812974996,0.9166666666666666,0.08333333333333333,0.8323673172095475,0.8230762644330558,2.212328767123288,0.5342465753424658,0.22602739726027396,1.0
bace,142,root,1013,80.0,236.0,4.2923728813559325,2.0,9.5,0.7415254237288136,0.6031589338598223,0.17183346191728222,0.4151366342076074,0.0,0.34250178933143616,174.06729692220688,420.53341045230627,0.7072534647817528,14003.313725501299,32347.65451623872,0.6978851951383613,0.8553191489361702,0.14468085106382977,0.7428133918384705,0.7143292657937839,1.8983050847457628,0.5677966101694916,0.1864406779661017,1.0
bace,142,branch_origin,49,48.0,43.0,1.1395348837209303,1.0,2.0,0.13953488372093023,0.6326530612244898,0.2683252643565742,0.4604476602862076,0.0,0.418301522731781,13.147937953472137,22.561935354024172,0.6318122486670172,1058.038161545992,1759.0047263801098,0.6244153164721902,1.0,0.0,0.7757480787452543,0.6519951147386644,1.0,1.0,0.0,1.0
bace,142,branch_suffix,730,46.0,171.0,4.269005847953216,2.0,12.0,0.5263157894736842,0.4712328767123288,0.3708036580722626,0.41719899664773313,0.0,0.0,270.6866703927517,304.5552675528452,0.5294385674322093,21787.81241631508,24122.963404710405,0.5254314041380881,0.9772727272727273,0.022727272727272728,0.8757215893449098,0.889098398618101,2.0526315789473686,0.6257309941520468,0.2222222222222222,1.0
bace,143,all,1536,128.0,285.0,5.389473684210526,3.0,11.0,0.7298245614035088,0.6907552083333334,0.2513976615155116,0.5495370410843256,0.0,0.4722280502319336,386.1468080878258,844.088895105524,0.6861196540748276,31364.54612469673,65710.43235224037,0.676903908537582,0.7480916030534351,0.25190839694656486,0.6492375340024491,0.6123120001899457,2.1087719298245613,0.543859649122807,0.23508771929824562,1.0
bace,143,root,968,72.0,249.0,3.887550200803213,2.0,8.0,0.6546184738955824,0.7303719008264463,0.24552465494999215,0.5819621704932983,0.0,0.4999998062849045,237.6678659915924,563.3393810375128,0.70328874442386,19312.40795081854,44107.27218573511,0.6954824131998845,0.6757679180887372,0.3242320819112628,0.5237288992470202,0.49279581588625515,1.8313253012048192,0.5943775100401606,0.17670682730923695,1.0
bace,143,branch_origin,56,56.0,45.0,1.2444444444444445,1.0,2.0,0.24444444444444444,0.8571428571428571,0.13476928642817906,0.6834374075489384,0.0,0.649044007062912,7.547080039978027,38.272494822740555,0.8352869911475412,560.2531588673592,2816.116166085005,0.8340663876054897,1.0,0.0,0.9493622215170977,0.9322272357358045,1.0,1.0,0.0,1.0
bace,143,branch_suffix,512,50.0,161.0,3.1801242236024843,2.0,7.0,0.5652173913043478,0.59765625,0.2752575430786237,0.4735879282134192,0.0,0.37796320021152496,140.93186205625534,242.47701924527064,0.632424106666892,11491.885015010834,18787.044000420254,0.6204659349360009,0.9565217391304348,0.043478260869565216,0.8904068296423993,0.8926604872448984,1.8633540372670807,0.6521739130434783,0.19875776397515527,1.0
bace,144,all,2112,128.0,355.0,5.949295774647887,3.0,12.600000000000023,0.6929577464788732,0.5984848484848485,0.34130955008423014,0.44300335678571806,0.0,0.2873958796262741,720.845769777894,935.6230895314366,0.5648298694377791,60031.45406614244,74167.29487915616,0.5526675580961478,0.9763560500695411,0.02364394993045897,0.8722298193346646,0.9248060183359476,2.4028169014084506,0.5492957746478874,0.24788732394366197,1.0
bace,144,root,1069,68.0,288.0,3.7118055555555554,2.0,8.0,0.6423611111111112,0.6529466791393826,0.28579075329207837,0.516710080680332,0.0,0.40824800729751587,305.5103152692318,552.3630762472749,0.6438748208180624,25808.05254434049,42985.908482742496,0.6248500281270284,0.9765100671140939,0.02348993288590604,0.8724664148943141,0.908565417969995,1.8993055555555556,0.6006944444444444,0.19444444444444445,1.0
bace,144,branch_origin,60,60.0,49.0,1.2244897959183674,1.0,2.0,0.22448979591836735,0.7833333333333333,0.30316301782925925,0.4469183527554075,0.0,0.3680400848388672,18.189781069755554,26.81510116532445,0.595826493340366,1505.5913351923227,2302.814427949488,0.6046662491261805,0.9090909090909091,0.09090909090909091,0.815384737398114,0.9209509067196869,1.0,1.0,0.0,1.0
bace,144,branch_suffix,983,56.0,216.0,4.550925925925926,2.0,11.5,0.6157407407407407,0.5279755849440488,0.4040139099073313,0.36260926970380186,0.2470012903213501,0.20412395894527435,397.14567343890667,356.44491211883724,0.47299544202111604,32717.810186609626,28878.57196846418,0.46883552179671967,0.9799498746867168,0.020050125313283207,0.8809854172440921,0.939560161149946,2.3518518518518516,0.5740740740740741,0.25925925925925924,1.0
bace,145,all,1728,128.0,299.0,5.7792642140468224,3.0,11.0,0.7725752508361204,0.7841435185185185,0.4223793846279107,0.579649058524309,0.4590194523334503,0.4641261100769043,729.8715766370296,1001.633573130006,0.5784756535461472,58334.47404024005,78578.87104209163,0.5739314235207598,0.9693593314763231,0.03064066852367688,0.8252470395212911,0.7665304216213745,2.277591973244147,0.48494983277591974,0.24749163879598662,1.0
bace,145,root,852,65.0,251.0,3.394422310756972,2.0,8.0,0.6613545816733067,0.7640845070422535,0.3373507862219788,0.5667799559573232,0.0,0.46415165066719055,287.42286986112595,482.89652247563936,0.6268783147348417,22783.860532402992,37656.01351213292,0.6230326271756556,0.9705882352941176,0.029411764705882353,0.7685951858608194,0.7304419832123982,1.8525896414342629,0.5617529880478087,0.18326693227091634,1.0
bace,145,branch_origin,63,63.0,53.0,1.1886792452830188,1.0,2.0,0.18867924528301888,0.8095238095238095,0.29431915283203125,0.6076583916705752,0.0,0.46760615706443787,18.54210662841797,38.28247867524624,0.6736956982733493,1432.1197764873505,3009.1277508437634,0.6775411035583605,0.8235294117647058,0.17647058823529413,0.8738029045414857,0.8295461581917768,1.0,1.0,0.0,1.0
bace,145,branch_suffix,813,59.0,193.0,4.212435233160622,2.0,9.0,0.6839378238341969,0.8031980319803198,0.5214103322847303,0.5909650331846499,0.4590195119380951,0.4523124694824219,423.90660014748573,480.4545719791204,0.531264042273432,34118.49373134971,37913.72977911495,0.5263440156558119,0.9743589743589743,0.02564102564102564,0.8662704437058804,0.7861141033561773,2.088082901554404,0.5440414507772021,0.22279792746113988,1.0
bace,146,all,1856,128.0,353.0,5.257790368271955,3.0,9.0,0.7337110481586402,0.8060344827586207,0.5117746325980487,0.6291023280618118,0.5827266573905945,0.6082940697669983,949.8537181019783,1167.6139208827226,0.5514199600436767,76270.11509096622,91849.10009682176,0.5463331481426853,0.9328018223234624,0.06719817767653759,0.8370696800217606,0.8343120803361896,2.13314447592068,0.5212464589235127,0.24645892351274787,1.0
bace,146,root,936,70.0,278.0,3.366906474820144,2.0,8.0,0.6366906474820144,0.7702991452991453,0.3661259842606691,0.5917659183803005,0.0,0.5263885259628296,342.6939212679863,553.8928996039613,0.6177794349746178,28394.942634642124,43931.48493907225,0.6074057078831623,0.9104477611940298,0.08955223880597014,0.8005484461796046,0.8075112969250476,1.7589928057553956,0.6258992805755396,0.1510791366906475,1.0
bace,146,branch_origin,58,58.0,49.0,1.183673469387755,1.0,2.0,0.1836734693877551,0.9655172413793104,0.45622993748763513,0.6620047401379923,0.0,0.5919722020626068,26.461336374282837,38.39627492800355,0.5920087736356303,2045.6916567087173,2879.082225125283,0.5846120642706755,0.7692307692307693,0.23076923076923078,0.7508531638987664,0.7692080533164017,1.0,1.0,0.0,1.0
bace,146,branch_suffix,862,58.0,228.0,3.780701754385965,2.0,8.0,0.6052631578947368,0.834106728538283,0.6736641072618436,0.667430100174893,0.716059148311615,0.644922286272049,580.6984604597092,575.3247463507578,0.49767577585065154,45829.48079961538,45038.53293262422,0.49564782020369763,0.9555125725338491,0.04448742746615087,0.8641279418011494,0.8362829023344243,1.9912280701754386,0.5657894736842105,0.24561403508771928,1.0
bace,147,all,1664,128.0,274.0,6.072992700729927,4.0,12.0,0.7664233576642335,0.5817307692307693,0.2668083598299955,0.44998274984419157,0.0,0.373437762260437,443.9691107571125,748.7712957407348,0.6277738992169254,35473.19116291404,57732.31018887763,0.6194088262126799,0.966824644549763,0.03317535545023697,0.8011241928217058,0.8643658447723789,2.31021897810219,0.5145985401459854,0.2773722627737226,1.0
bace,147,root,871,63.0,231.0,3.7705627705627704,2.0,8.0,0.6883116883116883,0.6394948335246843,0.2266001494346886,0.4471324746594278,0.0,0.3938767910003662,197.36873015761375,389.4523854283616,0.6636645735548725,15605.262322604656,29244.929343119264,0.6520580683598117,0.9436619718309859,0.056338028169014086,0.781610297901098,0.8444549388560821,1.9090909090909092,0.5800865800865801,0.19047619047619047,1.0
bace,147,branch_origin,65,65.0,51.0,1.2745098039215685,1.0,2.0,0.27450980392156865,0.6923076923076923,0.26984634089928405,0.5713722231296393,0.0,0.5178292989730835,17.540012158453465,37.13919450342655,0.6792197028951723,1335.3631661459804,2926.16357550025,0.6866467707228022,1.0,0.0,0.7732851919642094,0.35959839763311024,1.0392156862745099,0.9607843137254902,0.0,1.0
bace,147,branch_suffix,728,63.0,193.0,3.772020725388601,2.0,8.0,0.616580310880829,0.5027472527472527,0.3146433632431941,0.442554554682619,0.0,0.00828778525465168,229.06036844104528,322.17971580894664,0.5844635123864376,18532.5656741634,25561.217270258116,0.5797011633698345,0.9895833333333334,0.010416666666666666,0.8386627960469388,0.8126329506420683,2.0207253886010363,0.6217616580310881,0.23316062176165803,1.0
bace,148,all,1856,128.0,350.0,5.3028571428571425,3.0,10.0,0.7057142857142857,0.634698275862069,0.13354893245509472,0.4987326139066838,0.0,0.4024225026369095,247.8668186366558,925.6477314108051,0.7887824921926772,20182.868075743318,72406.03531679197,0.7820163395803811,0.8307692307692308,0.16923076923076924,0.7233624037051785,0.6968330999543444,2.0914285714285716,0.6028571428571429,0.21428571428571427,1.0
bace,148,root,1015,69.0,284.0,3.573943661971831,2.0,8.0,0.6232394366197183,0.7044334975369458,0.1806899501185112,0.5657899002310605,0.0,0.472228080034256,183.40029937028885,574.2767487345263,0.7579439685694181,14788.05774153769,46059.28210495657,0.7569645973210165,0.8345323741007195,0.16546762589928057,0.7451912737079509,0.7332009272134941,1.852112676056338,0.6338028169014085,0.17253521126760563,1.0
bace,148,branch_origin,61,59.0,44.0,1.3863636363636365,1.0,2.0,0.36363636363636365,0.819672131147541,0.06413059522871112,0.6067367958851525,0.0,0.553148090839386,3.911966308951378,37.0109445489943,0.9044064503981215,306.662267819047,2596.0114648528397,0.8943517955988916,0.3333333333333333,0.6666666666666666,0.8009157351548106,1.0,1.0454545454545454,0.9545454545454546,0.0,1.0
bace,148,branch_suffix,780,58.0,211.0,3.6966824644549763,2.0,8.0,0.6540284360189573,0.5294871794871795,0.0776340422530969,0.403025689906775,0.0,0.11630058288574219,60.55455295741558,314.3600381272845,0.838484405789008,5088.1480663865805,23750.74174698256,0.8235664375669616,0.8490566037735849,0.1509433962264151,0.6315388003376328,0.4299583156967751,1.8957345971563981,0.6682464454976303,0.1848341232227488,1.0
bace,149,all,1664,128.0,318.0,5.232704402515723,3.0,10.0,0.6886792452830188,0.7301682692307693,0.37237198001149896,0.5384574000545399,0.0,0.4051905572414398,619.6269747391343,895.9931136907544,0.5911726299556775,51044.36439695209,72465.11904711742,0.5867170441202014,0.9024390243902439,0.0975609756097561,0.729856953842734,0.7774667287772624,2.0660377358490565,0.5880503144654088,0.22955974842767296,1.0
bace,149,root,973,81.0,283.0,3.4381625441696113,2.0,8.0,0.6254416961130742,0.7286742034943474,0.3167226265614349,0.6019041351665324,0.0,0.4999980032444,308.17111564427614,585.6527235170361,0.6552216419586233,24891.329200439155,47311.11562960688,0.6552564215930681,0.8502024291497976,0.14979757085020243,0.7125454386379476,0.7484695704275285,1.773851590106007,0.6219081272084805,0.17314487632508835,1.0
bace,149,branch_origin,47,47.0,39.0,1.205128205128205,1.0,2.0,0.20512820512820512,0.8723404255319149,0.34168608645175363,0.47110869909854647,0.0,0.44874677062034607,16.059246063232422,22.142108857631683,0.5796157990599945,1537.2738684415817,1877.6864128187299,0.5498413621741328,0.875,0.125,0.6688845398555293,0.7359890011283854,1.1282051282051282,0.8717948717948718,0.0,1.0
bace,149,branch_suffix,644,45.0,143.0,4.503496503496503,2.0,8.0,0.6013986013986014,0.7220496894409938,0.4586903929062512,0.44751285918646994,0.2655256390571594,0.28917396068573,295.39661303162575,288.19828131608665,0.49383276671432697,24615.761328071356,23276.31700469181,0.48601601381680665,0.9453376205787781,0.05466237942122187,0.7662775156615145,0.8123755209528714,2.055944055944056,0.5874125874125874,0.21678321678321677,1.0
bace,150,all,1728,128.0,336.0,5.142857142857143,3.0,9.0,0.6845238095238095,0.8125,0.35986252639580657,0.5571950693044562,0.32774460315704346,0.37443143129348755,621.8424456119537,962.8330797581002,0.6075900487787609,50701.266548484564,74877.62808246328,0.5962596525675289,0.991701244813278,0.008298755186721992,0.8926194656639839,0.6642374455204229,2.125,0.5297619047619048,0.23809523809523808,1.0
bace,150,root,1023,82.0,279.0,3.6666666666666665,2.0,8.0,0.6200716845878136,0.820136852394917,0.3038472257634645,0.6062742170804014,0.0,0.4204277992248535,310.83571195602417,620.2185240732506,0.6661465036863315,24801.938508808613,47823.11111219204,0.6584933347620495,0.9871382636655949,0.012861736334405145,0.8830256234654897,0.6486869468861022,1.8673835125448028,0.5770609318996416,0.1863799283154122,1.0
bace,150,branch_origin,46,46.0,39.0,1.1794871794871795,1.0,2.0,0.1794871794871795,0.8478260869565217,0.32451534465603205,0.5533340969325408,0.0,0.33310411870479584,14.927705854177475,25.453368458896875,0.6303291552264398,1467.9220582842827,2097.9074288979173,0.5883364407746068,1.0,0.0,0.9691623146344465,0.8982989261249171,1.0256410256410255,0.9743589743589743,0.0,1.0
bace,150,branch_suffix,659,43.0,179.0,3.6815642458100557,2.0,7.0,0.5810055865921788,0.7981790591805766,0.449285322916164,0.4812764601304291,0.32774463295936584,0.31191185116767883,296.0790278017521,317.16118722595274,0.5171891527231683,24431.40598139167,24956.609541373327,0.5053171154421012,0.9949622166246851,0.005037783375314861,0.8967907711115125,0.640523746435024,1.9217877094972067,0.5977653631284916,0.20670391061452514,1.0
gigpo,1,all,5875,128.0,612.0,9.59967320261438,3.0,18.0,0.6650326797385621,0.8684255319148936,0.7296665411550172,0.6176420374437902,0.44798154306645693,0.44789733063112047,4286.790929285726,3628.6469699822674,0.4584265603698108,397721.1088175843,334874.90213115595,0.45710718748997825,0.9490395923167385,0.05096040768326147,0.8936284614655456,0.7923997300262168,4.480392156862745,0.3545751633986928,0.47058823529411764,1.0
gigpo,2,all,6062,128.0,696.0,8.709770114942529,3.0,16.0,0.6824712643678161,0.6309798746288353,0.429790001571892,0.29244399024578965,0.14981074975924286,0.12450822533046978,2605.3869895288094,1772.795468869977,0.4049158493769886,259195.8302988484,176213.75523797132,0.40470802915538956,0.9665359477124184,0.0334640522875817,0.8053807280030665,0.8337163808207304,4.109195402298851,0.3635057471264368,0.4454022988505747,1.0
gigpo,3,all,6121,128.0,795.0,7.69937106918239,2.0,13.0,0.6566037735849056,0.3564776997222676,0.2358533034064095,0.13658628325625208,0.08681035953430424,0.0,1443.6580701506325,836.0446398115189,0.366734064120755,169208.03014363768,97231.72520923594,0.36492949440094613,0.9903758020164987,0.009624197983501375,0.8047831177686168,0.8478260291577859,3.818867924528302,0.379874213836478,0.42138364779874216,1.0
gigpo,4,all,6040,128.0,646.0,9.34984520123839,3.0,17.0,0.6578947368421053,0.4370860927152318,0.3035388790461465,0.21018885817669852,0.08681035953430424,0.0,1833.374829438725,1269.540703387259,0.4091444610582174,197397.3977065618,132361.53568706568,0.4013887791451218,0.9928030303030303,0.007196969696969697,0.8523453181665046,0.8730317211304581,4.0588235294117645,0.37306501547987614,0.44891640866873067,1.0
gigpo,5,all,5912,128.0,597.0,9.90284757118928,3.0,19.0,0.7068676716917923,0.4145805142083897,0.2981649999263841,0.19575645295368016,0.07078943119324611,0.0,1762.751479564783,1157.3121498621572,0.3963311409379385,198494.11668982118,125557.02174975551,0.38746051735648246,0.9563443492452061,0.04365565075479396,0.774669817522455,0.8151450631369739,4.236180904522613,0.3165829145728643,0.4623115577889447,1.0
gigpo,6,all,6209,128.0,645.0,9.626356589147287,3.0,17.0,0.7116279069767442,0.28893541633113223,0.20431404761689398,0.12203549301149434,0.049990001999600076,0.0,1268.5859216532947,757.7183761083684,0.37394105956611456,141348.70419378055,78986.2937820929,0.35848273995374014,0.9894091415830546,0.010590858416945374,0.8228075827724514,0.8179355341579632,4.1937984496124034,0.324031007751938,0.5085271317829457,1.0
gigpo,7,all,6127,128.0,672.0,9.117559523809524,2.0,19.0,0.6517857142857143,0.35531255100375386,0.2399344395743882,0.16132624298704215,0.049990001999600076,0.0,1470.0783112722766,988.4458907816072,0.40204846873414796,151813.6740263827,100962.06207447074,0.39941358150842654,0.9632521819016996,0.03674781809830041,0.8409951880046272,0.8027255311012002,3.9672619047619047,0.375,0.43154761904761907,1.0
gigpo,8,all,5974,128.0,667.0,8.956521739130435,3.0,17.0,0.697151424287856,0.3732842316705725,0.28277849305131336,0.19778256521625806,0.04999000199960007,0.0,1689.3187174885459,1181.5530446019256,0.4115659432107682,176492.18692468756,122490.02592876792,0.4096900105184711,0.9753363228699552,0.02466367713004484,0.8480742583790849,0.9088509351090497,3.9550224887556222,0.3403298350824588,0.43778110944527737,1.0
gigpo,9,all,5989,128.0,705.0,8.495035460992908,2.0,16.0,0.675177304964539,0.2619802972115545,0.22192846902954444,0.1529416429443054,0.0707894311932461,0.0,1329.1296010179417,915.967499593445,0.4079856944022633,137296.3514925403,90430.51182381122,0.3971007658336197,0.9883805374001452,0.011619462599854757,0.7293290965822715,0.8940106622806357,3.801418439716312,0.3574468085106383,0.42836879432624114,1.0
gigpo,10,all,6061,128.0,722.0,8.394736842105264,3.0,16.899999999999977,0.667590027700831,0.2885662431941924,0.19585249909062763,0.13858956088741048,0.049990001999600076,0.0,1187.0619969882941,839.991328538595,0.41439034580911027,133984.24218629516,90866.96247044188,0.4041204164734694,0.9885204081632653,0.011479591836734694,0.7900004082855361,0.9016257395183478,3.789473684210526,0.3587257617728532,0.44321329639889195,1.0
gigpo,11,all,5896,128.0,699.0,8.434907010014307,2.0,16.0,0.6409155937052933,0.32140434192673,0.18947268345863735,0.1619170451136262,0.04999000199960007,0.0,1117.1309416721258,954.6628979899401,0.46079048972636033,121771.51454028756,95498.85241331122,0.4395392420619714,0.9509456264775413,0.04905437352245863,0.8860571862892365,0.8178729638264872,3.811158798283262,0.41201716738197425,0.4234620886981402,1.0
gigpo,12,all,6017,128.0,765.0,7.865359477124183,2.0,15.600000000000023,0.6483660130718955,0.26524846268904767,0.21983370613041692,0.12397663083050826,0.049990001999600076,0.0,1322.7394097867186,745.9673877071682,0.36059599582254104,129807.55548550149,72872.45425126533,0.35954435933721013,0.9680451127819549,0.03195488721804511,0.7804055136795032,0.8352452430444298,3.85359477124183,0.3869281045751634,0.43790849673202614,1.0
gigpo,13,all,5728,128.0,681.0,8.411160058737151,2.0,16.0,0.6284875183553598,0.3255935754189944,0.3179352739633949,0.20438789122292803,0.049990001999600076,0.0,1821.1332492623258,1170.7338409249317,0.3913054309012291,162737.52434424136,103753.18108556728,0.3893313311555437,0.9549597855227882,0.04504021447721179,0.7215577037553497,0.8193437858761248,3.9280469897209986,0.40381791483113066,0.4170337738619677,1.0
gigpo,14,all,6188,128.0,843.0,7.340450771055753,2.0,13.0,0.6037959667852907,0.20426632191338073,0.17289778450053123,0.10737933791574444,0.04999000199960007,0.0,1069.8914904892872,664.4633430226266,0.3831184542998893,98889.07108664516,59395.59341349048,0.37524540738714196,0.9604430379746836,0.03955696202531646,0.6706435262655532,0.8500443223376097,3.65717674970344,0.4223013048635824,0.38552787663107946,1.0
gigpo,15,all,5861,128.0,748.0,7.8355614973262036,2.0,15.0,0.6310160427807486,0.25558778365466644,0.18492949469355563,0.16123181114860197,0.0,0.0,1083.8717683989296,944.9796451419561,0.46577075030483117,92302.62991177686,82118.6267372524,0.4708063014503538,0.9472,0.0528,0.8163033393537796,0.7889589091211452,3.7606951871657754,0.39705882352941174,0.4077540106951872,1.0
gigpo,16,all,6059,128.0,765.0,7.920261437908497,2.0,13.0,0.6875816993464052,0.2604390163393299,0.1948939957075029,0.1264060216475904,0.04999000199960007,0.0,1180.86271999176,765.8940851627503,0.39342052542714107,121347.58296409388,76514.60216870323,0.3867065458584202,0.9841571609632446,0.015842839036755388,0.8164549881996914,0.893949813756371,3.929411764705882,0.36209150326797385,0.4130718954248366,1.0
gigpo,17,all,6001,128.0,734.0,8.17574931880109,2.0,14.0,0.6430517711171662,0.3342776203966006,0.24175705007178563,0.16862139747384677,0.049990001999600076,0.0,1450.7840574807856,1011.8970062405544,0.41089242985914043,140501.91109942336,94676.6344179631,0.40257343291955927,0.9277168494516451,0.07228315054835494,0.7908522718354795,0.681780515512023,3.826975476839237,0.385558583106267,0.4196185286103542,1.0
gigpo,18,all,5845,128.0,709.0,8.244005641748942,2.0,15.200000000000045,0.6361071932299013,0.1491873396065013,0.10487442444355531,0.08557648094609631,0.0,0.0,612.9910108725808,500.1945311299329,0.4493361728630887,62265.50497433101,44807.552718682025,0.4184764466813756,0.9578059071729957,0.04219409282700422,0.7026863414038425,0.8256069660752767,4.064880112834979,0.3991537376586742,0.4301833568406206,1.0
gigpo,19,all,6152,128.0,758.0,8.116094986807388,2.0,15.0,0.6477572559366754,0.33793888166449937,0.24747792455237325,0.17373806059307328,0.049990001999600076,0.0,1522.4841918462002,1068.836548768587,0.41246787092631637,128664.26835905365,90875.0198141175,0.413935111889567,0.9966329966329966,0.003367003367003367,0.8534625189561832,0.8362299033281174,4.010554089709762,0.3865435356200528,0.44063324538258575,1.0
gigpo,20,all,5356,128.0,587.0,9.12436115843271,3.0,16.399999999999977,0.7086882453151618,0.27184466019417475,0.24118443401987744,0.19737847673209508,0.0,0.0,1291.7838286104636,1057.1591213771012,0.45005738491124153,109365.8632574244,89925.49987192283,0.4512262772449299,0.8952599388379205,0.10474006116207951,0.728358888598872,0.7708507058964711,4.091993185689949,0.3339011925042589,0.4616695059625213,1.0
gigpo,21,all,5880,128.0,708.0,8.305084745762711,3.0,14.0,0.6807909604519774,0.3134353741496599,0.31169567344257054,0.19753710097710173,0.04999000199960007,0.0,1832.7705598423147,1161.5181537453582,0.3879112085867162,159619.77210702354,103151.10775490303,0.39255151791973286,0.956592512208356,0.04340748779164406,0.7360977800353927,0.7856903210672607,3.9279661016949152,0.3672316384180791,0.4152542372881356,1.0
gigpo,22,all,5669,128.0,743.0,7.629878869448183,2.0,12.800000000000068,0.6352624495289367,0.39107426353854297,0.3169234801140649,0.22032450025402553,0.049990001999600076,0.0,1796.639208766634,1249.0195919400708,0.4100983313200586,158736.82848652455,110767.96784764374,0.41100555297835484,0.9215155615696887,0.07848443843031123,0.8371408377003042,0.8791379565091536,3.7523553162853296,0.4226110363391655,0.39569313593539707,1.0
gigpo,23,all,6088,128.0,836.0,7.282296650717703,2.0,13.0,0.6220095693779905,0.3876478318002628,0.3248591653673144,0.21099481261581252,0.04999000199960007,0.0,1977.74259875621,1284.5364192050665,0.39375430860841026,167444.35288437735,110634.22248802535,0.39785237801892526,0.9199152542372881,0.08008474576271186,0.8021232409525194,0.847775021808364,3.6913875598086126,0.4055023923444976,0.4019138755980861,1.0
gigpo,24,all,5725,128.0,741.0,7.726045883940621,2.0,13.0,0.6329284750337382,0.4427947598253275,0.38074783839053017,0.2863431571363941,0.049990001999600076,0.0,2179.7813747857854,1639.314574605856,0.429241526353112,199251.09586339176,146928.97842888627,0.42442933415293826,0.9669594312003346,0.03304056879966541,0.7788471615544256,0.8765835251214814,3.6936572199730096,0.4048582995951417,0.37112010796221323,1.0
gigpo,25,all,5850,128.0,851.0,6.8742655699177435,2.0,12.0,0.6051703877790834,0.4042735042735043,0.3467652205913646,0.22396964535721703,0.1123579657395939,0.0,2028.576540459483,1310.2224253397196,0.3924232751839533,181940.14163350736,116776.73556190013,0.390927813179802,0.9661733615221987,0.03382663847780127,0.7380192692016502,0.8679700823693421,3.773207990599295,0.4171562867215041,0.4018801410105758,1.0
gigpo,26,all,5846,128.0,807.0,7.244114002478315,2.0,14.0,0.6456009913258984,0.23161135819363668,0.2423339549886303,0.1570345352026911,0.0,0.0,1416.6843008635328,918.0238927949322,0.393207123394893,122428.04325221377,79452.65480961258,0.39356241370475176,0.9098966026587888,0.09010339734121123,0.7123731064244502,0.7048501872041053,3.874845105328377,0.38909541511771994,0.40644361833952913,1.0
gigpo,27,all,5602,128.0,765.0,7.322875816993464,2.0,14.0,0.6522875816993464,0.27722242056408425,0.26855592253892685,0.16255496721122023,0.049990001999600076,0.0,1504.4502780630683,910.6329263172557,0.3770606845617606,133567.96541715445,81530.46190420934,0.379037926587907,0.9587894397939472,0.0412105602060528,0.7166482568023674,0.8056961499623627,3.758169934640523,0.3869281045751634,0.4065359477124183,1.0
gigpo,28,all,5290,128.0,844.0,6.267772511848341,2.0,10.0,0.5936018957345972,0.4784499054820416,0.3657290933467518,0.30200363510866285,0.0707894311932461,0.0,1934.7069038043169,1597.5992297248265,0.4522822114878977,176831.7912349262,147005.05700403446,0.45394789939271757,0.9322760394342049,0.06772396056579512,0.7586969746259833,0.7657758103982178,3.5331753554502368,0.43838862559241704,0.39454976303317535,1.0
gigpo,29,all,5673,128.0,819.0,6.926739926739927,2.0,13.0,0.6214896214896215,0.4182971972501322,0.41011838174329324,0.2746050016794572,0.1770352373265131,0.0,2326.6015796297024,1557.8341745275607,0.40104516411690166,194587.09316532948,132498.2241542589,0.40508765492765175,0.9418457648546145,0.05815423514538559,0.7625718567222518,0.8659136322388982,3.612942612942613,0.4175824175824176,0.3992673992673993,1.0
gigpo,30,all,5704,128.0,819.0,6.964590964590965,2.0,13.0,0.5921855921855922,0.26420056100981765,0.22802194656833455,0.1489491723202193,0.04999000199960007,0.0,1300.6371832257803,849.6060789145308,0.39512091207245487,124315.3255425664,80023.72954056424,0.3916222941718529,0.9742160278745644,0.02578397212543554,0.7481481999762809,0.8867410497041297,3.634920634920635,0.43956043956043955,0.36507936507936506,1.0
gigpo,31,all,5232,128.0,696.0,7.517241379310345,2.0,15.0,0.639367816091954,0.5898318042813455,0.5142831682498253,0.3803020885219013,0.37369645143857116,0.23958052876907693,2690.7295362830864,1989.7405271465875,0.4251155333079044,243666.7554123301,182076.63495991845,0.42766755533355394,0.979288919571971,0.020711080428028994,0.8051758818489699,0.8362193685651137,3.810344827586207,0.39511494252873564,0.4109195402298851,1.0
gigpo,32,all,5317,128.0,692.0,7.683526011560693,3.0,16.0,0.684971098265896,0.5194658642091405,0.441980109243538,0.35145796762935727,0.3050388729151457,0.11867806581946963,2350.0082408478916,1868.7020138852927,0.44295576160716443,216561.58518912343,172906.90259109638,0.4439560786460062,0.9028571428571428,0.09714285714285714,0.7255351187651484,0.7365569468520169,3.88728323699422,0.36416184971098264,0.42485549132947975,1.0
gigpo,33,all,5513,128.0,732.0,7.531420765027322,2.0,14.899999999999977,0.6215846994535519,0.25666606203518955,0.24410745881841053,0.1688827219518619,0.0,0.0,1345.7644204658973,931.0504461206147,0.40892672469083124,122264.97769519847,84346.49506579131,0.40823722873978147,0.9321554770318021,0.06784452296819787,0.7163311133369433,0.8175990682517219,3.7937158469945356,0.41530054644808745,0.412568306010929,1.0
gigpo,34,all,5415,128.0,732.0,7.397540983606557,2.0,13.0,0.6516393442622951,0.34182825484764545,0.28638839458121507,0.23542272867831587,0.0,0.0,1550.7931566572797,1274.8140757930805,0.4511646421174978,140232.04351815145,115746.47259281884,0.4521726055425726,0.9502205419029616,0.04977945809703844,0.8093012285606089,0.8032637129220398,3.5655737704918034,0.42213114754098363,0.4057377049180328,1.0
gigpo,35,all,5174,128.0,716.0,7.226256983240224,2.0,13.5,0.61731843575419,0.4584460765365288,0.4237517304912809,0.3010146066492898,0.26678959443215566,0.0,2192.4914535618873,1557.4495748034255,0.41532641794165864,213608.8919715881,141681.65974661283,0.39877688573882425,0.94002665482008,0.059973345179920035,0.7131504196622706,0.8242045558549537,3.5824022346368714,0.4231843575418994,0.40502793296089384,1.0
gigpo,36,all,5002,128.0,847.0,5.905548996458087,2.0,10.0,0.6056670602125147,0.5361855257896841,0.4289458364201877,0.33505610316614476,0.261511045209432,0.06834859416512624,2145.5870737737787,1675.950628037056,0.4385539954879699,196162.8843340256,150874.62225308237,0.434750190942869,0.9544324772162386,0.045567522783761395,0.818285248301647,0.8459878876125839,3.330578512396694,0.4462809917355372,0.358913813459268,1.0
gigpo,37,all,5551,128.0,720.0,7.709722222222222,2.0,14.0,0.6291666666666667,0.5285534137993154,0.4822646928016658,0.35745676301398577,0.25588480268001046,0.08192307541699205,2677.0513097420467,1984.2424914906348,0.4256849227066315,232911.765332795,174362.95663966567,0.42812123422542253,0.9420586230402181,0.05794137695978187,0.7984889077387649,0.8583410949169006,3.676388888888889,0.4166666666666667,0.40694444444444444,1.0
gigpo,38,all,5414,128.0,694.0,7.801152737752162,2.0,15.700000000000045,0.6296829971181557,0.328777244181751,0.2753447960700325,0.18317167738134477,0.049990001999600076,0.0,1490.7167259231558,991.6914613426006,0.3994876694452482,132442.14460261224,87339.40046722988,0.3973918758259488,0.9691011235955056,0.03089887640449438,0.7335556117271225,0.8863418640424604,3.7247838616714697,0.4265129682997118,0.40057636887608067,1.0
gigpo,39,all,5609,128.0,801.0,7.002496878901373,2.0,12.0,0.5980024968789014,0.49973257265109644,0.45134812942292113,0.3001543807368771,0.3581142983141589,0.0,2531.6116579331647,1683.5659215531437,0.39940569283401695,223455.82372535602,150199.9102444814,0.40197405416132587,0.9711023902961113,0.02889760970388869,0.7702923233078484,0.7880843676002415,3.4569288389513106,0.4606741573033708,0.3445692883895131,1.0
gigpo,40,all,5577,128.0,712.0,7.832865168539326,2.0,16.0,0.6207865168539326,0.4914828760982607,0.4159277154430668,0.3018075973890356,0.2666746503727699,0.0,2319.6288690259835,1683.1809706386516,0.4204998583644114,204318.70263456606,150124.1586852271,0.4235496749073437,0.9719080627508209,0.028091937249179133,0.8517641641613669,0.8388246562827569,3.6853932584269664,0.44241573033707865,0.39325842696629215,1.0
gigpo,41,all,4810,128.0,630.0,7.634920634920635,2.0,13.100000000000023,0.6460317460317461,0.4896049896049896,0.3095068897986133,0.29248691117183634,0.14122304649824033,0.0,1488.72813993133,1406.8620427365327,0.4858636595598327,132020.64063526414,125201.76439305552,0.48674517439206383,0.9898933183604717,0.010106681639528355,0.7858479151629558,0.8632960894126825,3.541269841269841,0.4174603174603175,0.3603174603174603,1.0
gigpo,42,all,5344,128.0,745.0,7.173154362416107,2.0,14.0,0.6389261744966444,0.48708832335329344,0.3771523353883603,0.29305768005829796,0.22647024612902567,0.0,2015.5020803153975,1566.1002422315444,0.43726245998128066,189701.39920177835,144839.23912177174,0.43294961068882415,0.9517970401691332,0.04820295983086681,0.7991875335410024,0.8230781626939933,3.610738255033557,0.4,0.3812080536912752,1.0
gigpo,43,all,5419,128.0,659.0,8.223065250379364,2.0,15.0,0.6191198786039454,0.4227717291013102,0.37674311654414877,0.27522840154210604,0.049990001999600076,0.0,2041.5709485527423,1491.4627079566726,0.4221478912913089,188021.00559967314,136427.71030711086,0.4204908314271379,0.9576604103011785,0.04233958969882148,0.8184289594917898,0.8825973548685899,3.675265553869499,0.4264036418816389,0.41274658573596357,1.0
gigpo,44,all,5090,128.0,658.0,7.735562310030395,2.0,17.0,0.6063829787234043,0.500392927308448,0.4092748095909613,0.3114150704259286,0.23872236311689082,0.016621463516925117,2083.208780817993,1585.1027084679765,0.43210690070829116,179008.5185244625,136929.0653888837,0.4334054331011151,0.954600729631131,0.04539927036886907,0.8235076444801102,0.8412975769396217,3.425531914893617,0.44224924012158057,0.3860182370820669,1.0
gigpo,45,all,5439,128.0,663.0,8.203619909502262,2.0,18.0,0.6229260935143288,0.41606913035484466,0.38701875905475397,0.30328549814798544,0.0,0.0,2104.995030498807,1649.5698244268929,0.4393504675416071,183875.67158794805,144870.76779303048,0.44067630988131334,0.9389846297158826,0.061015370284117375,0.8115575423927622,0.8548474703697564,3.6334841628959276,0.4358974358974359,0.39064856711915535,1.0
gigpo,46,all,5139,128.0,717.0,7.167364016736402,2.0,14.0,0.6220362622036262,0.4851138353765324,0.41129078222792964,0.3142482953032864,0.27219127019426487,0.0,2113.6233298693305,1614.9219895635888,0.43312387304151223,187779.42409020185,139773.6428204658,0.4267206048129775,0.9786956521739131,0.021304347826086957,0.8453896004421607,0.8835235542043377,3.3486750348675036,0.42677824267782427,0.37796373779637377,1.0
gigpo,47,all,5301,128.0,743.0,7.134589502018843,2.0,15.800000000000068,0.629878869448183,0.4985851726089417,0.4344773059397276,0.33758989781239723,0.2824682264196185,0.0,2303.164198786496,1789.5640483035177,0.4372545500854893,195116.447012503,150201.11713584437,0.4349651819949663,0.9391588403429971,0.06084115965700286,0.7559470219933899,0.8259939340992766,3.3956931359353972,0.43337819650067294,0.37012113055181695,1.0
gigpo,48,all,4875,128.0,739.0,6.596752368064952,2.0,14.200000000000045,0.5872801082543978,0.3641025641025641,0.37463122724427844,0.28999109722451044,0.0,0.0,1826.3272328158573,1413.7065989694884,0.43632464115058256,158905.30800488289,122880.89718298377,0.4360784698493639,0.8747731397459165,0.12522686025408347,0.7461722840822324,0.7804502763036406,3.334235453315291,0.462787550744249,0.36129905277401897,1.0
gigpo,49,all,5469,128.0,755.0,7.243708609271523,2.0,14.0,0.6211920529801325,0.494240263302249,0.4597800879268809,0.3135234759116633,0.3112712849404018,0.0,2514.5373008721117,1714.6598897608867,0.405433895009338,239369.7792541922,164197.68035681703,0.406865510205119,0.9874213836477987,0.012578616352201259,0.7770463655686206,0.8533278143033122,3.5880794701986756,0.4370860927152318,0.38145695364238413,1.0
gigpo,50,all,5351,128.0,756.0,7.078042328042328,2.0,14.0,0.6058201058201058,0.5959633713324612,0.4987297082344806,0.38085061814153776,0.3019754358788054,0.23193471543384928,2668.702668762706,2037.9316576753686,0.43299128768681105,259667.38871780736,200163.88430360198,0.435298545460788,0.9718125204850868,0.028187479514913145,0.8242214992844145,0.8702427937543231,3.441798941798942,0.4417989417989418,0.37566137566137564,1.0
gigpo,51,all,5938,128.0,853.0,6.961313012895662,2.0,14.0,0.6178194607268465,0.4637925227349276,0.4394608586546422,0.2822612317422992,0.23267692107345095,0.0,2609.5185786912652,1676.0671940857728,0.39109407277122105,255503.25755546783,165456.60657222045,0.39304603757196455,0.9727668845315904,0.027233115468409588,0.7928034073458812,0.8092700621823778,3.336459554513482,0.43141852286049237,0.365767878077374,1.0
gigpo,52,all,4814,128.0,759.0,6.342555994729908,2.0,16.200000000000045,0.5968379446640316,0.6670128791026174,0.5983672837113475,0.466203388666381,0.36986239764792345,0.3162276660168695,2880.5401037864267,2244.303113039958,0.43792619951206374,270045.6904032092,213239.007726266,0.44122855234522207,0.9500330906684316,0.0499669093315685,0.8137268050498002,0.8614314361094233,3.160737812911726,0.4624505928853755,0.3530961791831357,1.0
gigpo,53,all,5227,128.0,725.0,7.209655172413793,2.0,16.0,0.6317241379310344,0.7101587908934379,0.6487398773681105,0.44816544615062814,0.4390822150666461,0.29878706631397933,3390.963339003113,2342.5607870293334,0.40857258738882585,321556.87986151146,222963.13511572106,0.4094672904264935,0.9752155172413793,0.02478448275862069,0.823632073878523,0.8758593599516117,3.2248275862068967,0.43724137931034485,0.3696551724137931,1.0
gigpo,54,all,5134,128.0,684.0,7.505847953216374,2.0,16.0,0.6198830409356725,0.6268017140631087,0.618876497044246,0.4534193878877111,0.5252226796868783,0.31840272190493113,3177.311935825159,2327.8551374155086,0.4228491354477994,289871.3075101308,210835.71192410178,0.42107600600912853,0.9331883157240523,0.06681168427594779,0.7901047127123376,0.8464254051341181,3.195906432748538,0.4298245614035088,0.35964912280701755,1.0
gigpo,55,all,4481,128.0,554.0,8.088447653429602,2.0,18.0,0.6299638989169675,0.5980807855389422,0.4716754255245792,0.40752156332616524,0.34997163052955205,0.23807244092163873,2113.5775817756394,1826.1041252645464,0.4635156495006461,191371.5383982728,165934.38075430604,0.46440423138763565,0.8365791701947503,0.1634208298052498,0.7428357022054551,0.79978913316363,3.384476534296029,0.44404332129963897,0.38086642599277976,1.0
gigpo,56,all,4816,128.0,713.0,6.754558204768584,2.0,15.0,0.576437587657784,0.6393272425249169,0.6171037712841891,0.47039266668023805,0.5409040395804077,0.31622742353858235,2971.9717625046546,2265.4110827320264,0.43254639763300523,264931.48755436786,200772.8050826205,0.43111650087176845,0.9011220196353437,0.09887798036465638,0.7114942083110587,0.81964315409155,3.0729312762973353,0.48667601683029454,0.33099579242636745,1.0
gigpo,57,all,4269,128.0,568.0,7.515845070422535,2.0,15.0,0.5933098591549296,0.4211759194190677,0.35677765148215895,0.29541484514764293,0.0,0.0,1523.0837941773366,1261.1259739352877,0.45295652230621486,138935.4327765186,115037.73118848873,0.4529523095768446,0.8909892879647133,0.1090107120352867,0.7363844990549002,0.7870983725464397,3.153169014084507,0.45774647887323944,0.34507042253521125,1.0
gigpo,58,all,5799,128.0,725.0,7.998620689655173,2.0,18.0,0.6648275862068965,0.3360924297292637,0.3381572916983793,0.23560871739873643,0.04999000199960007,0.0,1960.9741345589018,1366.2949521952726,0.41063554421687115,182016.57761491064,127643.25832302094,0.41220475989855476,0.9579271421241662,0.04207285787583376,0.7662006685946717,0.8583261786353108,3.3972413793103446,0.40827586206896554,0.3917241379310345,1.0
gigpo,59,all,5144,128.0,678.0,7.587020648967552,2.0,17.0,0.6224188790560472,0.47064541213063765,0.4276156587848439,0.32086725032602303,0.31574815984085375,0.0,2199.654948789237,1650.5411356770626,0.4286901496617812,192967.61881707536,144005.71735697024,0.42735048117454544,0.9564068692206077,0.043593130779392336,0.8178860835485158,0.7986622542198091,3.2787610619469025,0.4498525073746313,0.36430678466076694,1.0
gigpo,60,all,4606,128.0,575.0,8.010434782608696,3.0,18.0,0.6313043478260869,0.5972644376899696,0.541285939527192,0.4154081963230697,0.34182332112509706,0.2522626204273477,2493.163037462246,1913.370152264059,0.4342121277391083,217821.74880373158,168281.41959979,0.43584573598711535,0.9359124658069559,0.06408753419304415,0.780949201439706,0.7938631206260097,3.217391304347826,0.45565217391304347,0.3982608695652174,1.0
gigpo,61,all,4764,128.0,656.0,7.262195121951219,2.0,15.0,0.6234756097560976,0.38371116708648195,0.36121121091482233,0.29020866953995905,0.049990001999600076,0.0,1720.8102087982136,1382.5541016883649,0.4455017082643426,153592.28610177687,121275.91125745684,0.44121478011134774,0.9560509554140127,0.04394904458598726,0.7901677036567568,0.8738257615227589,3.3033536585365852,0.43140243902439024,0.38109756097560976,1.0
gigpo,62,all,4296,128.0,559.0,7.68515205724508,3.0,18.0,0.6171735241502684,0.523975791433892,0.4481762316950817,0.3621716393394583,0.26678959443215566,0.1855145477503849,1925.3650913620709,1555.8893626023128,0.4469335359357304,162753.4857135777,131475.46291928674,0.4468474755124804,0.921326076199901,0.07867392380009897,0.7842816907987,0.8224541393152074,3.250447227191413,0.4364937388193202,0.4007155635062612,1.0
gigpo,63,all,4834,128.0,676.0,7.150887573964497,2.0,16.0,0.6094674556213018,0.5426148117501034,0.5444882899839694,0.3961429664718408,0.5402047452857603,0.18787371689818025,2632.056393782508,1914.9550999248784,0.4211458674725116,221254.5225608081,161427.37746844222,0.42183175492779645,0.9553466509988249,0.04465334900117509,0.8357151212321732,0.8538994784308025,3.1405325443786984,0.4718934911242604,0.34615384615384615,1.0
gigpo,64,all,4665,128.0,675.0,6.911111111111111,2.0,16.0,0.6281481481481481,0.6042872454448017,0.4727887668133683,0.4354789401240058,0.41972145052226606,0.30515938197042564,2205.559597184363,2031.509255678487,0.4794609967940128,185431.3107241282,165801.84160883975,0.47205635489573633,0.911726525313717,0.088273474686283,0.7839775934367171,0.8243702234526407,3.0207407407407407,0.46074074074074073,0.33037037037037037,1.0
gigpo,65,all,4717,128.0,633.0,7.451816745655608,2.0,16.800000000000068,0.6334913112164297,0.6735213059147763,0.6085025083842001,0.4498036650756308,0.3290767881953171,0.2672063523166068,2870.3063320482715,2121.7238881617504,0.4250222443710459,232787.74685464858,172419.77771831074,0.42550981228697754,0.9589863287762588,0.04101367122374125,0.8132006040995665,0.8622342011887486,3.1658767772511847,0.4391785150078989,0.3665086887835703,1.0
gigpo,66,all,4394,128.0,581.0,7.562822719449225,2.0,17.0,0.6247848537005164,0.38393263541192535,0.2564745641616385,0.21824324960068928,0.0,0.0,1126.9492349262396,958.9608387454286,0.4597325890743903,91984.25295190745,79241.51463259083,0.46278965923447185,0.9701289884589274,0.02987101154107264,0.8584239126345303,0.8691658258964762,3.1118760757314976,0.43717728055077454,0.35972461273666095,1.0
gigpo,67,all,4724,128.0,716.0,6.597765363128492,2.0,15.0,0.5796089385474861,0.5715495342929721,0.5314617164905665,0.4208654697023772,0.4808811029166871,0.24253543997469357,2510.625148701436,1988.16847887403,0.44193369233198476,204734.51261416473,161392.25230524916,0.44080976254432613,0.9335590351248413,0.0664409648751587,0.7775316313759814,0.8205984067702168,3.060055865921788,0.49860335195530725,0.35335195530726254,1.0
gigpo,68,all,4238,128.0,574.0,7.383275261324042,2.0,17.700000000000045,0.6114982578397212,0.5219443133553563,0.38538963445505303,0.3737918318473635,0.04999000199960007,0.20284898254180786,1633.2812708205147,1584.1297833691265,0.4923616400541384,135937.6110750477,129920.04244177556,0.4886827244698988,0.9747652582159625,0.02523474178403756,0.7969158881349858,0.8230722867482914,3.1445993031358883,0.43902439024390244,0.367595818815331,1.0
gigpo,69,all,4464,128.0,722.0,6.1828254847645425,2.0,14.0,0.6135734072022161,0.5956541218637993,0.5673548695266303,0.39408057305805155,0.37369645143857105,0.21821758114946982,2532.6721375668776,1759.1756781311421,0.4098877112316789,210222.9982652829,147205.02958290238,0.41184523348411434,0.9747292418772563,0.02527075812274368,0.8008638079964946,0.8293898761128315,3.012465373961219,0.45706371191135736,0.3490304709141274,1.0
gigpo,70,all,4290,128.0,674.0,6.364985163204747,2.0,14.700000000000045,0.6602373887240356,0.7463869463869464,0.582433637234767,0.5222223670735269,0.3736964514385711,0.3333327899324782,2498.6403037371506,2240.33395474543,0.4727465971639999,211219.0785408672,189899.51741407256,0.47342486568587117,0.9464285714285714,0.05357142857142857,0.8076367248939855,0.8141753871713883,3.091988130563798,0.43768545994065283,0.3827893175074184,1.0
gigpo,71,all,4339,128.0,730.0,5.943835616438356,2.0,15.0,0.5876712328767123,0.6082046554505647,0.6280526546819369,0.466489157574214,0.5918433886209725,0.3709251664115846,2725.1204686649244,2024.0964547145145,0.42619583130648225,232548.47862348688,172099.58679863397,0.42530683204701125,0.9154325798908808,0.08456742010911925,0.7568582891030595,0.8225061293378875,2.9232876712328766,0.4684931506849315,0.34794520547945207,1.0
gigpo,72,all,4845,128.0,649.0,7.465331278890601,2.0,16.0,0.6163328197226502,0.5186790505675954,0.44447834628374716,0.3573112128979048,0.26690454884994297,0.16508866864949107,2153.497587744755,1731.1728264903488,0.4456421373989892,179643.8033849575,144633.68236992165,0.44601826745150613,0.9454787234042553,0.05452127659574468,0.8324799601968162,0.8099798670802895,3.1417565485362093,0.4637904468412943,0.3605546995377504,1.0
gigpo,73,all,3625,128.0,659.0,5.500758725341426,2.0,11.0,0.6054628224582701,0.6620689655172414,0.6378351213271711,0.5051713920904282,0.5684044590905887,0.37764969317151004,2312.1523148109954,1831.2462963278022,0.4419672033013716,190078.58721941363,150541.2452926995,0.4419626543247329,0.8657907085875176,0.1342092914124824,0.7508754631942195,0.7588898176211356,2.779969650986343,0.4628224582701062,0.3505311077389985,1.0
gigpo,74,all,3316,128.0,578.0,5.737024221453288,2.0,14.0,0.5934256055363322,0.5971049457177322,0.6074119504562724,0.4664078847812217,0.6331731517394332,0.3677101100580927,2014.1780277129992,1546.608545934531,0.43434463536247425,166035.2529151575,128190.22124835901,0.4356870240851986,0.920045045045045,0.07995495495495496,0.797456023980894,0.8306103768260362,2.884083044982699,0.486159169550173,0.35121107266435986,1.0
gigpo,75,all,4324,128.0,688.0,6.284883720930233,2.0,13.300000000000068,0.5959302325581395,0.6075393154486587,0.592461353433349,0.4315856204865928,0.4719371573500814,0.30021703345758044,2561.802892245801,1866.1762229840274,0.4214509992979417,212305.35770957556,152662.35103813314,0.41829002231993095,0.9570798235058163,0.04292017649418371,0.8046898321651935,0.7860965513304161,2.925872093023256,0.48255813953488375,0.34156976744186046,1.0
gigpo,76,all,3202,128.0,610.0,5.249180327868852,2.0,12.0,0.5934426229508196,0.6246096189881324,0.5144283977405449,0.496244787326466,0.6153235077516959,0.4099021740790829,1647.199729565225,1588.975809019344,0.4910042085400368,135319.4477310926,129145.68805199671,0.48832783825963444,0.925531914893617,0.07446808510638298,0.7863639526234619,0.7436209149366246,2.7426229508196722,0.46229508196721314,0.34098360655737703,1.0
gigpo,77,all,4708,128.0,789.0,5.967046894803548,2.0,13.0,0.6172370088719898,0.7145284621920136,0.6960154653365609,0.5129873002138358,0.5189327578017482,0.38285274007413145,3276.8408108045287,2415.144209406739,0.42430614290638036,273632.09115886886,200512.23711789848,0.42289283064218275,0.9413023540201774,0.05869764597982268,0.8174340049862252,0.7979725622886398,2.9987325728770595,0.4917617237008872,0.3396704689480355,1.0
gigpo,78,all,3753,128.0,625.0,6.0048,2.0,13.0,0.6064,0.6533439914734879,0.6717838727565958,0.5129778528237271,0.6378406775874885,0.47143237753556866,2521.204874455504,1925.2058816474478,0.43297976440997776,207796.2468197056,157317.5476412311,0.4308726485491975,0.9421265141318977,0.05787348586810229,0.8112674558768805,0.8117260532398068,3.0368,0.4768,0.3536,1.0
gigpo,79,all,3810,128.0,685.0,5.562043795620438,2.0,14.0,0.6,0.479002624671916,0.3385680929353826,0.34835033846549496,0.04999000199960007,0.0,1289.9444340838077,1327.2147895535359,0.5071203836459611,107724.20745076316,108918.65562592185,0.5027567217267063,0.9171597633136095,0.08284023668639054,0.8011532564618941,0.7862455330126646,2.81021897810219,0.48759124087591244,0.34306569343065696,1.0
gigpo,80,all,3481,128.0,639.0,5.447574334898278,2.0,13.0,0.594679186228482,0.5458201666187877,0.4999227113231065,0.38384910283163554,0.19245907463881723,0.137350564676647,1740.2309581157338,1336.1787269569234,0.43433055533543663,139353.39093648453,105313.88236673822,0.43043714406470657,0.8944815039417829,0.1055184960582171,0.775622565455123,0.7842443677207974,2.782472613458529,0.4726134585289515,0.3411580594679186,1.0
gigpo,81,all,3339,128.0,623.0,5.359550561797753,2.0,12.0,0.6019261637239165,0.8280922431865828,0.8097938727786355,0.6376674682196561,0.7596842400178138,0.5732025617534493,2703.901741207864,2129.171676385432,0.44054196831251236,221085.83543421706,174487.81934959278,0.44110070840019516,0.8358089120835006,0.1641910879164994,0.7048812942308488,0.7377752268248278,2.8009630818619584,0.48475120385232745,0.33868378812199035,1.0
gigpo,82,all,4643,128.0,730.0,6.36027397260274,2.0,15.0,0.6315068493150685,0.6650872280852896,0.6442954953220533,0.4872096287840545,0.47893274712508993,0.3872929082596705,2991.4639847802937,2262.114306444365,0.4305854374004283,237605.38679143653,179353.9308094639,0.4301473147102939,0.9490725126475548,0.05092748735244519,0.8376956028489467,0.8327750704220717,3.0356164383561643,0.4684931506849315,0.35753424657534244,1.0
gigpo,83,all,3479,128.0,618.0,5.6294498381877025,2.0,12.0,0.5631067961165048,0.7930439781546421,0.6501872541724747,0.5736637473778222,0.6628025172417216,0.4420986326824019,2262.0014572660393,1995.7761771274436,0.4687365918327813,187852.94405418495,163654.00667042774,0.4655782946341852,0.8962730130220027,0.1037269869779973,0.7727162349564831,0.818985916424084,2.8478964401294498,0.5064724919093851,0.33171521035598706,1.0
gigpo,84,all,3426,128.0,602.0,5.691029900332226,2.0,12.0,0.5963455149501661,0.6339754816112084,0.5389548727424416,0.44705044886004675,0.41162776855101674,0.26648114982696053,1846.4593940156049,1531.5948377945201,0.45339557410652254,145022.3800270933,120354.832946862,0.4535236149257242,0.8728388176240937,0.1271611823759063,0.7357276128518834,0.7487016740801741,2.8156146179401995,0.4883720930232558,0.3289036544850498,1.0
gigpo,85,all,3768,128.0,594.0,6.343434343434343,3.0,15.0,0.6245791245791246,0.5817409766454352,0.45408549700526485,0.4246536744219063,0.35411175411127316,0.23570176997646503,1710.994152715838,1600.095045221743,0.48325337964873116,138406.8592335927,130584.66963925133,0.48546015626008987,0.8894654903995849,0.11053450960041515,0.6905874638751357,0.7423611037184473,2.974747474747475,0.4478114478114478,0.3771043771043771,1.0
gigpo,86,all,3935,128.0,620.0,6.346774193548387,2.0,14.0,0.6048387096774194,0.666581956797967,0.49976151094776794,0.4926469047545498,0.31581670386644145,0.33602334430864367,1966.5615455794668,1938.5655702091535,0.4964154847537325,150989.79084648896,149266.32892525813,0.4971300136654317,0.869605142332415,0.13039485766758493,0.7113891997869598,0.765555906418237,2.9741935483870967,0.45806451612903226,0.3725806451612903,1.0
gigpo,87,all,3324,128.0,553.0,6.010849909584087,3.0,12.0,0.6256781193490054,0.7084837545126353,0.6235513263934623,0.5450007700928412,0.733891802070213,0.4975655033074713,2072.6846089318688,1811.5825597886042,0.4663897927457349,164466.70739372607,142918.40243219121,0.4649490097719138,0.8635448136958711,0.1364551863041289,0.7334901417856384,0.7443739888188691,2.8047016274864376,0.44665461121157324,0.3471971066907776,1.0
gigpo,88,all,3413,128.0,591.0,5.774957698815567,2.0,15.0,0.626057529610829,0.692938763551128,0.5358788386370984,0.5262693302793278,0.2503759552419511,0.36260768523565473,1828.9544762684168,1796.1572242433458,0.49547638049050435,148879.68707055142,144392.48933498608,0.4923497725038865,0.8916309012875536,0.10836909871244635,0.7743224377073384,0.8033500503976461,2.8155668358714045,0.4619289340101523,0.350253807106599,1.0
gigpo,89,all,4021,128.0,610.0,6.591803278688524,2.0,15.100000000000023,0.6081967213114754,0.6896294454115891,0.5311274731644043,0.4958813439715347,0.3290767881953171,0.3197489113879075,2135.66356959407,1993.938884109541,0.4828403960098599,172751.02317631844,159719.64181814436,0.48040220878074896,0.9344484629294756,0.06555153707052441,0.7961677200924079,0.846625369674642,2.8491803278688526,0.4786885245901639,0.3590163934426229,1.0
gigpo,90,all,2925,128.0,559.0,5.232558139534884,2.0,10.0,0.6028622540250447,0.7302564102564103,0.5192575021032184,0.54655768161604,0.44285295862107815,0.4472134846966612,1518.8281936519138,1598.681218726917,0.5128071826756844,121042.41167527522,125697.9007057695,0.5094339854431746,0.9009836065573771,0.09901639344262295,0.7011525150743155,0.7452867077765749,2.559928443649374,0.4847942754919499,0.33273703041144903,1.0
gigpo,91,all,3923,128.0,701.0,5.596291012838802,2.0,12.0,0.5877318116975749,0.6288554677542697,0.5884674077761793,0.4855744006679822,0.5273610666728933,0.3712388667190306,2308.5576407059516,1904.908373820494,0.4521000922407078,178571.50634577224,147353.70160461805,0.45210894404659563,0.9251637043966323,0.07483629560336763,0.801476246542271,0.8285248570979311,2.7146932952924394,0.49072753209700426,0.3152639087018545,1.0
gigpo,92,all,3611,128.0,690.0,5.233333333333333,2.0,12.0,0.5840579710144927,0.6524508446413736,0.5375528869769323,0.49368044473082723,0.4117226899832648,0.3399895532403907,1941.1034748737022,1782.680085923017,0.47872816902967497,153086.76833230103,138995.50485977484,0.4758779207677905,0.8848996832101372,0.11510031678986272,0.7774587120075424,0.7809725230815582,2.5608695652173914,0.5318840579710145,0.28695652173913044,1.0
gigpo,93,all,2850,128.0,573.0,4.973821989528796,2.0,11.0,0.6003490401396161,0.8185964912280702,0.4905279680840155,0.6237509664165525,0.23267692107345095,0.557143209664691,1398.0047090394442,1777.6902542871744,0.5597799142600899,110122.77988488879,137660.8331774756,0.5555687540274421,0.9406015037593985,0.059398496240601506,0.8327356263607714,0.8444931043604177,2.56020942408377,0.47469458987783597,0.33507853403141363,1.0
gigpo,94,all,3757,128.0,662.0,5.675226586102719,2.0,14.0,0.5709969788519638,0.5783870109129625,0.3586279055302834,0.38187563887058235,0.19972498206647293,0.23379170923991652,1347.3650410772748,1434.706775236778,0.515697246499413,106807.61290378177,113457.06642478185,0.5150942346754589,0.9479305740987984,0.0520694259012016,0.8110663736498511,0.6289609273751174,2.6676737160120845,0.5151057401812689,0.3187311178247734,1.0
gigpo,95,all,3638,128.0,733.0,4.963165075034106,2.0,11.0,0.6030013642564802,0.8413963716327653,0.7923600302393075,0.6628257260117207,0.6593825342494272,0.5773495527248802,2882.6057900106007,2411.35999123064,0.4554921755964324,229446.78323192336,191937.06907476115,0.4554922264440944,0.8775123246113007,0.12248767538869929,0.7476551587419666,0.7695484660376148,2.626193724420191,0.47748976807639837,0.31923601637107774,1.0
gigpo,96,all,3441,128.0,634.0,5.427444794952681,2.0,12.0,0.5993690851735016,0.6931124673060157,0.5022302666936844,0.5170799202037951,0.4684002488539541,0.3636902882384613,1728.1743476929682,1779.2720054212589,0.5072841681075065,132447.58595357486,136819.5681513329,0.5081182983722825,0.8840490797546012,0.11595092024539877,0.7838336992346844,0.8316410588076515,2.6230283911671926,0.5,0.3217665615141956,1.0
gigpo,97,all,3328,128.0,675.0,4.930370370370371,2.0,12.0,0.6118518518518519,0.7025240384615384,0.5816829131201943,0.5259388878527108,0.5358222209492454,0.40824814726663516,1935.8407348640067,1750.3246187738216,0.47483616464639844,150415.4407221814,135663.1767070109,0.4742164161940173,0.8903076030179918,0.10969239698200813,0.751741862239276,0.7820484166343045,2.6296296296296298,0.4725925925925926,0.33185185185185184,1.0
gigpo,98,all,2650,128.0,533.0,4.971857410881801,2.0,10.0,0.5891181988742964,0.7218867924528302,0.42460858782561683,0.5516467425324743,0.08275059006826457,0.4480249142073459,1125.2127577378847,1461.8638677110566,0.5650640005521196,86794.13941869405,110572.1000235182,0.560238166041022,0.8465430016863407,0.15345699831365936,0.7091251583395696,0.7821571773049767,2.525328330206379,0.5046904315196998,0.28142589118198874,1.0
gigpo,99,all,3706,128.0,712.0,5.205056179775281,2.0,11.0,0.5828651685393258,0.7085806799784133,0.7386769932258342,0.5427340144940237,0.6972842397391492,0.4200612419794563,2737.536936894942,2011.3722577148517,0.42354405512698395,208451.84175939247,153133.66878418537,0.42350609833335645,0.8859005704971475,0.11409942950285248,0.7871973657103104,0.8177646614512879,2.63061797752809,0.5280898876404494,0.3103932584269663,1.0
gigpo,100,all,3412,128.0,621.0,5.494363929146538,2.0,12.0,0.6119162640901772,0.7066236811254396,0.5808865207367157,0.5446309395380712,0.48582736217168604,0.41782836595329137,1981.9848087536739,1858.2807657038989,0.483893816631777,157192.23588382173,146323.679148781,0.48209557358158095,0.8459595959595959,0.15404040404040403,0.7086115723399233,0.7434878562579974,2.634460547504026,0.499194847020934,0.2946859903381642,1.0
gigpo,101,all,2950,128.0,561.0,5.258467023172906,2.0,10.0,0.6221033868092691,0.7311864406779661,0.43801184260761006,0.5287470520707408,0.3541117541112732,0.384739425589368,1292.1349356924497,1559.8038036086853,0.5469275276196548,98336.96273838231,116542.68304543031,0.5423625984691088,0.92152466367713,0.07847533632286996,0.7688846769780499,0.7970830765846187,2.5240641711229945,0.5044563279857398,0.28342245989304815,1.0
gigpo,102,all,3285,128.0,596.0,5.511744966442953,2.0,12.0,0.6208053691275168,0.6779299847792999,0.5282388948028047,0.5235573004267009,0.31117034337734045,0.39670258210272014,1735.2647694272137,1719.8857319017125,0.49777447646353074,134484.7892301854,129901.78653195326,0.4913327621021967,0.8519218651543793,0.14807813484562066,0.7630933269205742,0.7627606414650427,2.6476510067114094,0.49328859060402686,0.3288590604026846,1.0
gigpo,103,all,2652,128.0,527.0,5.032258064516129,2.0,11.0,0.6261859582542695,0.7119155354449472,0.477166755499595,0.5557641189213831,0.3952405426381909,0.4713303291373824,1265.446235584926,1473.8864433795081,0.5380458002409146,99223.94170825693,113016.6469656828,0.5324930903735272,0.8365853658536585,0.16341463414634147,0.7364203564312853,0.703723702573767,2.5635673624288424,0.4838709677419355,0.34345351043643263,1.0
gigpo,104,all,3177,128.0,576.0,5.515625,2.0,11.0,0.6180555555555556,0.6109537299339,0.5649282655359679,0.43535171066051015,0.341823321125097,0.21937315171359179,1794.77709960777,1383.1123847684407,0.43522985666064845,138872.14617568487,105148.66938853722,0.43090040964502835,0.9114735002912056,0.0885264997087944,0.7995493736333436,0.8276000063118438,2.6684027777777777,0.5034722222222222,0.3003472222222222,1.0
gigpo,105,all,3223,128.0,609.0,5.292282430213465,2.0,12.0,0.6091954022988506,0.552901023890785,0.4285914276743883,0.41216139293902593,0.15097438620713483,0.18568533871553936,1381.3501713945534,1328.3961694424806,0.4902289743593276,107021.5273194959,102527.20250700202,0.4892761821648476,0.8404580152671756,0.15954198473282444,0.7383456076300329,0.7018236570380171,2.592775041050903,0.4876847290640394,0.30870279146141216,1.0
gigpo,106,all,3089,128.0,530.0,5.8283018867924525,3.0,12.0,0.6245283018867924,0.5849789575914536,0.41824755750962184,0.4248452957772471,0.19972498206647296,0.2131370206276648,1291.9667051472218,1312.3471186559163,0.5039128182868016,101944.49532121992,101630.87305225158,0.49922971459790516,0.9249806651198763,0.07501933488012374,0.8294490190931804,0.8343128763655162,2.762264150943396,0.49056603773584906,0.33584905660377357,1.0
gigpo,107,all,2635,128.0,567.0,4.64726631393298,2.0,9.0,0.5767195767195767,0.6933586337760911,0.5148678386571219,0.5420391745861175,0.4595683985416887,0.44571522179508294,1356.6767548615162,1428.2732250344197,0.5128541752436749,102224.78639266733,107628.7738957753,0.5128756154903453,0.8770008424599831,0.12299915754001685,0.7477832350345072,0.7610387862990978,2.3315696649029984,0.5485008818342152,0.26102292768959434,1.0
gigpo,108,all,1652,128.0,365.0,4.526027397260274,3.0,10.0,0.6356164383561644,0.8135593220338984,0.2555391445337353,0.6166872495779838,0.0,0.5336037237483242,422.15066676973066,1018.7673363028292,0.7070265859198421,31639.44736996049,76257.62116524506,0.7067626785463879,0.9790575916230366,0.020942408376963352,0.819312997542756,0.8703332749437637,2.276712328767123,0.4986301369863014,0.29863013698630136,1.0
gigpo,109,all,2478,128.0,433.0,5.722863741339492,3.0,12.800000000000011,0.6581986143187067,0.8099273607748184,0.5334206069216287,0.5915825494976011,0.4719371573500815,0.44208361467401946,1321.816263951796,1465.9415576550557,0.5258496797293866,106931.28916674611,114481.7482214919,0.5170506198365962,0.9702062643239114,0.029793735676088617,0.8156411735964865,0.8537517561283613,2.6859122401847575,0.46882217090069284,0.3418013856812933,1.0
gigpo,110,all,2087,128.0,418.0,4.992822966507177,3.0,10.0,0.6172248803827751,0.6358409199808337,0.48106054518881197,0.5037625154041543,0.0,0.42211434390486746,1003.9733578090506,1051.35236964847,0.5115259131938242,75429.65183606702,77128.61396508862,0.5055682401740067,0.9055489964580874,0.09445100354191263,0.8134014111421203,0.8052210035613824,2.3995215311004783,0.5047846889952153,0.3277511961722488,1.0
gigpo,111,all,1805,128.0,373.0,4.839142091152815,2.0,9.800000000000011,0.5951742627345844,0.8415512465373961,0.3042498190370736,0.6792358820752532,0.0,0.650106609644724,549.1709233619179,1226.020767145832,0.6906413395812812,41552.47145498734,91765.5535599288,0.688320679440471,0.8960784313725491,0.10392156862745099,0.8152667432102051,0.7963581553960849,2.2680965147453085,0.5549597855227882,0.2680965147453083,1.0
gigpo,112,all,3351,128.0,567.0,5.91005291005291,2.0,13.0,0.6684303350970018,0.5884810504327067,0.2978329904769807,0.45617236527674304,0.04999000199960007,0.26551947290847366,998.0383510883623,1528.633596042366,0.6049988395914521,79294.61408651495,117866.745294113,0.5978186885319983,0.8145161290322581,0.18548387096774194,0.6455150055781557,0.7016954808960905,2.63668430335097,0.4585537918871252,0.30687830687830686,1.0
gigpo,113,all,2282,128.0,480.0,4.754166666666666,2.0,10.0,0.5833333333333334,0.7020157756354075,0.4313629211690332,0.5156687012952148,0.2972185947941567,0.3535527038551537,984.3701861077337,1176.75597635568,0.5445105412144586,75852.95362779248,89061.56366981825,0.5400468383816963,0.8501469147894222,0.14985308521057786,0.6628899979878611,0.6133941579065808,2.24375,0.5541666666666667,0.2791666666666667,1.0
gigpo,114,all,2701,128.0,464.0,5.821120689655173,3.0,11.0,0.625,0.8441318030359126,0.6047446558119703,0.6736800350552972,0.8142497974651869,0.6454943085041192,1633.4153153481318,1819.6097746843577,0.5269610637747311,119193.44997716925,132980.26674582248,0.5273359510812893,0.91454802259887,0.08545197740112995,0.7865430634312112,0.7891914707326596,2.5086206896551726,0.49353448275862066,0.2995689655172414,1.0
gigpo,115,all,2368,128.0,424.0,5.584905660377358,3.0,10.0,0.6556603773584906,0.6790540540540541,0.4448570432699228,0.5310168309956107,0.0,0.4739036354061698,1053.4214784631772,1257.447855797606,0.5441449402416544,79037.8881510247,93105.08215969974,0.5408590428737323,0.8974619289340101,0.10253807106598985,0.7629245501099993,0.7809304513682268,2.3891509433962264,0.5235849056603774,0.2830188679245283,1.0
gigpo,116,all,2036,128.0,359.0,5.671309192200557,3.0,12.0,0.6880222841225627,0.7863457760314342,0.3489458069214039,0.5907751494789295,0.0,0.47924104916930366,710.4536628919784,1202.8182043391005,0.6286708255841549,49952.874418743275,86172.43852930612,0.6330375788534849,0.926865671641791,0.07313432835820896,0.7862204986073155,0.791646438209839,2.3537604456824512,0.479108635097493,0.2924791086350975,1.0
gigpo,117,all,3069,128.0,510.0,6.017647058823529,3.0,13.100000000000023,0.6529411764705882,0.4923427826653633,0.25209366071233363,0.3804773706710621,0.0,0.0,773.6754447261519,1167.6850505894895,0.6014777025735437,59493.264290927356,87639.76312851597,0.5956498324381964,0.9559659090909091,0.04403409090909091,0.8145798579256325,0.8540517019044456,2.56078431372549,0.48627450980392156,0.3352941176470588,1.0
gigpo,118,all,2558,128.0,429.0,5.962703962703963,3.0,12.0,0.6806526806526807,0.6430805316653636,0.3613023972151376,0.46426163715100405,0.0,0.3535511745406833,924.211532076322,1187.5812678322684,0.5623569073081757,67435.23816951946,84856.5496588098,0.5571971467986458,0.9689234184239733,0.03107658157602664,0.8355913045988307,0.8815101265449244,2.4195804195804196,0.5034965034965035,0.289044289044289,1.0
gigpo,119,all,2448,128.0,407.0,6.014742014742015,2.0,14.0,0.6044226044226044,0.8419117647058824,0.5411942156769647,0.5968784013102474,0.3158167038664414,0.48313616107179935,1324.8434399772095,1461.1583264074857,0.5244642498211992,99566.00297727785,109369.62532183077,0.5234608678863478,0.8964817320703654,0.10351826792963464,0.7741522336441444,0.7690073496253307,2.506142506142506,0.538083538083538,0.3071253071253071,1.0
gigpo,120,all,2632,128.0,472.0,5.576271186440678,3.0,11.0,0.6483050847457628,0.682370820668693,0.4758047675415084,0.48985263436357296,0.1924590746388172,0.3535532264638218,1252.3181481692502,1289.292133644924,0.5072737322752096,89225.11966370442,91078.71846403403,0.5051402089372506,0.9137792103142627,0.0862207896857373,0.7314409577275813,0.8257844929111967,2.4766949152542375,0.4766949152542373,0.3072033898305085,1.0
gigpo,121,all,2746,128.0,433.0,6.341801385681293,3.0,14.0,0.674364896073903,0.6809905316824472,0.5243396481315917,0.4931885838461383,0.42366428421736757,0.3535532473960536,1439.836673769351,1354.2958512414957,0.48469277642306463,110069.6292872581,101352.14264546728,0.4793836591139612,0.9159779614325069,0.08402203856749312,0.7987116021580752,0.8292543331983867,2.6258660508083143,0.48729792147806006,0.3441108545034642,1.0
gigpo,122,all,1913,128.0,390.0,4.9051282051282055,3.0,9.100000000000023,0.6307692307692307,0.8201777313120753,0.4179328976944687,0.6364098056537798,0.0,0.5773499267112024,799.5056332895185,1217.4519582156809,0.6036081092350235,58987.811784322446,87643.67496794646,0.5977138806211435,0.8787061994609164,0.12129380053908356,0.7821597680378954,0.8123417491395288,2.141025641025641,0.5692307692307692,0.24102564102564103,1.0
gigpo,123,all,2665,128.0,419.0,6.360381861575179,3.0,13.0,0.7088305489260143,0.6547842401500938,0.4286754387697638,0.4692488934646822,0.3581142983141589,0.3443502032609094,1142.4200443214204,1250.548301083378,0.5225929141456457,83434.3150144915,91224.35690819198,0.5223007589830665,0.9401197604790419,0.059880239520958084,0.7928959275779145,0.7675646354144989,2.41527446300716,0.5107398568019093,0.29594272076372313,1.0
gigpo,124,all,1957,128.0,366.0,5.3469945355191255,4.0,11.0,0.7076502732240437,0.8579458354624425,0.42691394182456677,0.6823602940525818,0.0,0.6635059538082041,835.4705841506772,1335.3790954609026,0.6151412085335339,61781.33158677667,95386.21465076212,0.6069078313826823,0.8639365918097754,0.13606340819022458,0.7487483915735829,0.7014655328815143,2.2349726775956285,0.4781420765027322,0.2978142076502732,1.0
gigpo,125,all,2479,128.0,399.0,6.213032581453634,4.0,13.0,0.6992481203007519,0.8660750302541347,0.5268538614872341,0.6678281564747944,0.45091257569201687,0.5529065377543313,1306.0707226268535,1655.5459999010154,0.5590007603981701,92623.10653138254,114785.71875533796,0.5534273606567078,0.9026479750778816,0.09735202492211838,0.8098293995051961,0.8658536207109845,2.4536340852130327,0.49624060150375937,0.3132832080200501,1.0
gigpo,126,all,1970,128.0,322.0,6.118012422360248,4.0,10.0,0.7267080745341615,0.8812182741116751,0.378867403734252,0.66791851941179,0.0,0.569403480704117,746.3687853564765,1315.7994832412264,0.6380660120117084,53509.46655219125,91776.50663404597,0.6316955768083733,0.8544152744630071,0.14558472553699284,0.7446624617918015,0.7047636410039445,2.142857142857143,0.5124223602484472,0.2732919254658385,1.0
gigpo,127,all,1437,128.0,275.0,5.225454545454546,4.0,10.0,0.7163636363636363,0.826722338204593,0.12379845214616432,0.642943591826566,0.0,0.5773429282875847,177.89837573403813,923.9099414547754,0.8385396325670021,12823.284145953447,63585.84495666875,0.8321760201097047,0.7673267326732673,0.23267326732673269,0.6457780160131353,0.6801661676724107,2.0545454545454547,0.49454545454545457,0.2690909090909091,1.0
gigpo,128,all,2409,128.0,401.0,6.007481296758105,3.0,12.0,0.7007481296758105,0.8613532586135326,0.40595439821922646,0.64983784265344,0.41972145052226617,0.47907945171540667,977.9441453101166,1565.459362952137,0.6154978389652831,70391.25785513755,108325.42983087942,0.6061293505013575,0.8759757155247181,0.12402428447528187,0.709174812717412,0.6665566432592706,2.2369077306733165,0.5211970074812967,0.24438902743142144,1.0
gigpo,129,all,1955,128.0,301.0,6.495016611295681,3.0,13.0,0.6744186046511628,0.7560102301790281,0.2999363329648427,0.5111726142498905,0.0,0.3535511745406833,586.3755309462674,999.3424608585358,0.6302144933861298,44095.36715510228,76006.63900329184,0.6328507027855306,0.9069444444444444,0.09305555555555556,0.7912316623770222,0.7685466847529955,2.006644518272425,0.5614617940199336,0.24916943521594684,1.0
gigpo,130,all,2647,128.0,348.0,7.60632183908046,4.0,17.0,0.6695402298850575,0.7344163203626747,0.4237846667707869,0.5317917778089767,0.2873611872541846,0.37796201754984965,1121.758012942273,1407.6528358603614,0.5565141133662457,80460.8419103298,101676.20937524298,0.5582401200501748,0.9398258115597783,0.060174188440221696,0.8254035790938393,0.8511983403750835,2.5258620689655173,0.4827586206896552,0.3218390804597701,1.0
gigpo,131,all,2520,128.0,371.0,6.7924528301886795,3.0,15.0,0.6900269541778976,0.7265873015873016,0.4174353919686362,0.5660460360844533,0.0,0.44647948952542116,1051.9371877609633,1426.4360109328222,0.5755533555981874,79553.03892087689,106082.41645953666,0.5714555780421752,0.87243947858473,0.12756052141527002,0.7547641207882976,0.7780314073002372,2.555256064690027,0.49326145552560646,0.31805929919137466,1.0
gigpo,132,all,1778,128.0,329.0,5.404255319148936,3.0,10.0,0.6382978723404256,0.8295838020247469,0.4565416714949927,0.6591548368272258,0.0,0.6165528016564717,811.731091918097,1171.9772998788073,0.5908012007839487,60755.871381394376,83905.51065899414,0.5800131968569764,0.938858695652174,0.06114130434782609,0.8221908095083719,0.8212666627501983,2.094224924012158,0.5531914893617021,0.22796352583586627,1.0
gigpo,133,all,2004,128.0,382.0,5.2460732984293195,3.0,9.900000000000034,0.6465968586387435,0.6347305389221557,0.3715710057166008,0.4934830510205367,0.0,0.3868849218357424,744.628295456068,988.9400342451555,0.57046498675688,54226.60139710171,71983.24929780117,0.5703457289701738,0.8188512518409425,0.18114874815905743,0.6985614566066286,0.6985500677946883,2.2460732984293195,0.5026178010471204,0.2643979057591623,1.0
gigpo,134,all,2338,128.0,408.0,5.730392156862745,3.0,12.0,0.6397058823529411,0.6822070145423439,0.24062591707611405,0.5139109529181477,0.0,0.39460323181340723,562.5833941239547,1201.5238079226294,0.6810945539640174,39948.52590919935,86311.61217447909,0.6836014397297457,0.9658273381294964,0.0341726618705036,0.8338163499552478,0.8184208324937731,2.235294117647059,0.5490196078431373,0.25980392156862747,1.0
gigpo,135,all,1323,128.0,264.0,5.011363636363637,4.0,9.0,0.6704545454545454,0.7490551776266062,0.29778116461025605,0.5694996724433863,0.0,0.47434077503044575,393.9644807793687,753.4480666426001,0.6566496665349031,29550.61615324782,56621.82657347678,0.6570757980371918,0.9080779944289693,0.09192200557103064,0.7670240658833275,0.7261881004273925,1.9545454545454546,0.5681818181818182,0.2196969696969697,1.0
gigpo,136,all,1689,128.0,338.0,4.997041420118343,2.5,9.0,0.6035502958579881,0.7803433984606276,0.4474220178745579,0.6142821357925463,0.10481848462604,0.5773475484541589,755.6957881901283,1037.5225273536107,0.5785812683041959,55738.41618020902,74991.30158346571,0.5736362233951308,0.80306905370844,0.1969309462915601,0.6441202936784868,0.6819838560088399,1.9585798816568047,0.5946745562130178,0.19230769230769232,1.0
gigpo,137,all,1733,128.0,332.0,5.219879518072289,3.0,10.0,0.6656626506024096,0.7951529140219273,0.2794793958948996,0.5600911619476256,0.0,0.3535529252787319,484.337793085861,970.6379836552353,0.6671162497490524,37809.344869532644,71786.49082256682,0.6550111176144054,0.8912685337726524,0.10873146622734761,0.8417079196719098,0.7097035532693166,2.0240963855421685,0.5301204819277109,0.23795180722891565,1.0
gigpo,138,all,2244,128.0,357.0,6.285714285714286,4.0,11.0,0.6834733893557423,0.6867201426024956,0.2511090952613591,0.54739875633852,0.0,0.43850041491267316,563.4888097664898,1228.3628092236388,0.6855270805938342,40571.401447537166,90676.32633239267,0.6908792088533112,0.7953736654804271,0.20462633451957296,0.7417081387687502,0.6379462748317305,2.19327731092437,0.5378151260504201,0.2773109243697479,1.0
gigpo,139,all,2900,128.0,406.0,7.142857142857143,3.5,14.5,0.6822660098522167,0.5734482758620689,0.362248923350277,0.4104406276366193,0.04999000199960007,0.24253461576861168,1050.5218777158032,1190.277820146196,0.5311843897881047,78121.43433753766,88476.04113837324,0.5310767218148297,0.916162489196197,0.08383751080380294,0.7556400224075506,0.7916629755563238,2.334975369458128,0.5369458128078818,0.29802955665024633,1.0
gigpo,140,all,2701,128.0,337.0,8.014836795252226,4.0,18.0,0.7299703264094956,0.7049241021843762,0.5403492300390444,0.5176353497165828,0.5542436039843166,0.3779640935319058,1459.483270335459,1398.1330795844901,0.4892654955671904,110036.02407886632,105736.07784508544,0.49003590780402095,0.9346991037131882,0.06530089628681178,0.8336828796815186,0.8802476942067965,2.4243323442136497,0.5281899109792285,0.3264094955489614,1.0
gigpo,141,all,1818,128.0,305.0,5.960655737704918,3.0,10.600000000000023,0.6557377049180327,0.6232123212321232,0.2046057165828564,0.4718522379819921,0.0,0.3333329150630682,371.97319274763294,857.8273686512616,0.697533726668237,26626.80023330663,62759.163994685034,0.7021143032546903,0.8645833333333334,0.13541666666666666,0.7804347953705855,0.7726012864027891,2.0229508196721313,0.5868852459016394,0.21967213114754097,1.0
gigpo,142,all,2297,128.0,271.0,8.476014760147601,6.0,16.0,0.7343173431734318,0.5380931649978232,0.24831650922428344,0.364891743860608,0.0,0.20412318988891193,570.383021688179,838.1563356478166,0.5950535434331358,44304.357207293186,63248.984803320374,0.5880708457862597,0.98989898989899,0.010101010101010102,0.8378627264038648,0.8932951902689134,2.284132841328413,0.4907749077490775,0.26199261992619927,1.0
gigpo,143,all,1767,128.0,275.0,6.425454545454546,5.0,10.0,0.7854545454545454,0.5625353706847764,0.16609619407413742,0.43860266968180345,0.0,0.18683807394375615,293.49197492900083,775.0109173277467,0.7253241174582808,21271.10226022473,56793.98444999195,0.7275209295650357,0.8226415094339623,0.17735849056603772,0.702435185436403,0.5978134129726084,2.1454545454545455,0.5018181818181818,0.2727272727272727,1.0
gigpo,144,all,2073,128.0,288.0,7.197916666666667,4.5,14.0,0.6875,0.4785335262904004,0.2019004071029016,0.3597058627785316,0.0,0.0,418.539543924315,745.6702535398961,0.640494741724434,31416.345698569232,53750.99849102775,0.6311221631071282,0.8568281938325991,0.14317180616740088,0.762245683299572,0.7574290376181257,2.1979166666666665,0.5486111111111112,0.2465277777777778,1.0
gigpo,145,all,2160,128.0,341.0,6.334310850439882,3.0,12.0,0.6832844574780058,0.7976851851851852,0.4502217152269897,0.5743688441429916,0.232676921073451,0.4472134104382538,972.4789048902978,1240.6367033488618,0.5605837755289972,75249.73628474431,94899.65839050672,0.5577431443211023,0.9527856468366384,0.047214353163361665,0.8535442540549045,0.9086736425976459,2.090909090909091,0.5865102639296188,0.2287390029325513,1.0
gigpo,146,all,2057,128.0,299.0,6.879598662207358,4.0,12.0,0.8060200668896321,0.8074866310160428,0.3580157786725678,0.6401886939486037,0.0,0.5625613524881916,736.4384567294719,1316.8681434522778,0.641340237904906,61508.29795058418,104649.90439874845,0.6298208750401106,0.9344262295081968,0.06557377049180328,0.8378059900779384,0.9026607012489867,2.260869565217391,0.5150501672240803,0.26755852842809363,1.0
gigpo,147,all,1807,128.0,302.0,5.983443708609271,4.0,9.0,0.7582781456953642,0.7603763143331489,0.24929508567210001,0.5485154796915424,0.0,0.40824805129840513,450.47621980948475,991.167471802617,0.6875259660688103,35624.16242103156,74097.63212006676,0.6753228237833107,0.989010989010989,0.01098901098901099,0.9063232988473747,0.9123609053179564,2.0298013245033113,0.5364238410596026,0.20198675496688742,1.0
gigpo,148,all,1674,128.0,285.0,5.873684210526315,4.0,11.0,0.6771929824561403,0.7974910394265233,0.3091128551804451,0.6312812951018062,0.0,0.5665163517172963,517.4549195720651,1056.7648880004235,0.6712943662105215,41545.10965602238,81143.37752383923,0.6613772766215859,0.9939271255060729,0.006072874493927126,0.8824155810990446,0.7873820013941695,1.9684210526315788,0.6,0.21754385964912282,1.0
gigpo,149,all,1712,128.0,335.0,5.11044776119403,3.0,9.0,0.6835820895522388,0.8452102803738317,0.2777522019735449,0.6446712620419599,0.0,0.5351387444973938,475.5117697787088,1103.6772006158353,0.6988886202390916,36681.98358697952,84013.64579067973,0.6960786088434007,0.8275316455696202,0.17246835443037975,0.5190763310437247,0.6092697079084185,2.056716417910448,0.5104477611940299,0.2298507462686567,1.0
gigpo,150,all,2088,128.0,369.0,5.658536585365853,3.0,10.0,0.6612466124661247,0.6623563218390804,0.31275811119716457,0.5310658347085221,0.0,0.4622090491754428,653.0389361796796,1108.8654628713941,0.6293562031337264,53015.19912231184,89452.89945883886,0.6278802086200789,0.8835978835978836,0.1164021164021164,0.7925420769368156,0.7954610623734065,2.1734417344173442,0.5013550135501355,0.2682926829268293,1.0
