step,phase,task_family,Q,pair_round,expected_information_gain
29,early,pick_and_place,3,1,0.11403893108086063
29,early,pick_and_place,3,2,0.057019465540430414
29,early,pick_and_place,3,1,0.0650122896372832
29,early,pick_and_place,3,2,0.017263912636869314
29,early,pick_and_place,3,1,0.11602333750461231
29,early,pick_and_place,3,2,0.05256556068294914
30,early,pick_and_place,4,1,0.08194037961523129
30,early,pick_and_place,4,2,0.08194037961523121
30,early,pick_and_place,4,1,0.09065316939120432
30,early,pick_and_place,4,2,0.09065316939120406
30,early,pick_and_place,4,1,0.11360196946070063
30,early,pick_and_place,4,2,0.11360196946070081
30,early,pick_and_place,4,1,0.0906531693912041
30,early,pick_and_place,4,2,0.09065316939120406
31,early,pick_and_place,3,1,0.10783120150532674
31,early,pick_and_place,3,2,0.04716620818145086
31,early,pick_and_place,3,1,0.08031701107253068
31,early,pick_and_place,3,2,0.040158505536266445
31,early,pick_and_place,3,1,0.12132998664775244
31,early,pick_and_place,3,2,0.06066499332387577
31,early,pick_and_place,3,1,0.08271705159621898
31,early,pick_and_place,3,2,0.041358525798109454
31,early,pick_and_place,3,1,0.08271705159621907
31,early,pick_and_place,3,2,0.04135852579810958
31,early,pick_and_place,3,1,0.11562152606041062
31,early,pick_and_place,3,2,0.035172394161686424
32,early,pick_and_place,3,1,0.11587882111200129
32,early,pick_and_place,3,2,0.05601727012214508
32,early,pick_and_place,3,1,0.11419740954969959
32,early,pick_and_place,3,2,0.05709870477484971
32,early,pick_and_place,3,1,0.031941366207963326
32,early,pick_and_place,3,2,0.013787570178683744
32,early,pick_and_place,3,1,0.12149026968216797
32,early,pick_and_place,3,2,0.04693106064284732
32,early,pick_and_place,3,1,0.11419740954969729
32,early,pick_and_place,3,2,0.0570987047748493
33,early,pick_and_place,4,1,0.11388526579332978
33,early,pick_and_place,4,2,0.11388526579333007
33,early,pick_and_place,4,1,0.0813845007980729
33,early,pick_and_place,4,2,0.03610063963538339
33,early,pick_and_place,4,1,0.0588252923971125
33,early,pick_and_place,4,2,0.04419232440218207
34,early,pick_and_place,4,1,0.07719639618358742
34,early,pick_and_place,4,2,0.035396921029418604
35,early,pick_and_place,4,1,0.11374141494608747
35,early,pick_and_place,4,2,0.10820493364984128
35,early,pick_and_place,4,1,0.07484298892754379
35,early,pick_and_place,4,2,0.06364654741810538
36,early,pick_and_place,4,1,0.07466153600041595
36,early,pick_and_place,4,2,0.034271786601999726
36,early,pick_and_place,4,1,0.07466153600041622
36,early,pick_and_place,4,2,0.0371098437524545
36,early,pick_and_place,4,1,0.07466153600041622
36,early,pick_and_place,4,2,0.061342547913034805
36,early,pick_and_place,4,1,0.07466153600041622
36,early,pick_and_place,4,2,0.038425730040314326
36,early,look_at_obj_in_light,3,1,0.06341852629542799
36,early,look_at_obj_in_light,3,2,0.031709263147713974
36,early,pick_and_place,4,1,0.10659157307510939
36,early,pick_and_place,4,2,0.09074589712094114
37,early,pick_and_place,5,1,0.049743349804903775
37,early,pick_and_place,5,2,0.031352703887135416
37,early,pick_and_place,5,3,0.011624429616352336
37,early,pick_and_place,5,1,0.0497433498049039
37,early,pick_and_place,5,2,0.03529128922431815
37,early,pick_and_place,5,3,0.01236678758553542
37,early,pick_and_place,5,1,0.06693207766808923
37,early,pick_and_place,5,2,0.0440403485624062
37,early,pick_and_place,5,3,0.01751121370199303
37,early,pick_and_place,5,1,0.04974334980490297
37,early,pick_and_place,5,2,0.037343789686268905
37,early,pick_and_place,5,3,0.019628978150977812
38,early,pick_and_place,5,1,0.12082636532715238
38,early,pick_and_place,5,2,0.12082636532715198
38,early,pick_and_place,5,3,0.06041318266357599
38,early,pick_and_place,5,1,0.11345264278059566
38,early,pick_and_place,5,2,0.11345264278059575
38,early,pick_and_place,5,3,0.05672632139029797
38,early,pick_and_place,5,1,0.12082636532715181
38,early,pick_and_place,5,2,0.11569775284899692
38,early,pick_and_place,5,3,0.047862636838323466
38,early,pick_and_place,5,1,0.12082636532715238
38,early,pick_and_place,5,2,0.12082636532715212
38,early,pick_and_place,5,3,0.06041318266357601
39,early,pick_and_place,5,1,0.07115831485511409
39,early,pick_and_place,5,2,0.0621572707883392
39,early,pick_and_place,5,3,0.025031296936654797
39,early,pick_and_place,5,1,0.11652978210764539
39,early,pick_and_place,5,2,0.11652978210764534
39,early,pick_and_place,5,3,0.05826489105382274
40,early,pick_and_place,5,1,0.06927022076042416
40,early,pick_and_place,5,2,0.05119926485948521
40,early,pick_and_place,5,3,0.016114755029446266
40,early,pick_and_place,5,1,0.10417600589462221
40,early,pick_and_place,5,2,0.1041760058946219
40,early,pick_and_place,5,3,0.05208800294731088
40,early,pick_and_place,5,1,0.06927022076042404
40,early,pick_and_place,5,2,0.035578390456672056
40,early,pick_and_place,5,3,0.011923496705830098
40,early,pick_and_place,5,1,0.0692702207604233
40,early,pick_and_place,5,2,0.06927022076042386
40,early,pick_and_place,5,3,0.02420195509297922
41,early,pick_and_place,5,1,0.12319807944023664
41,early,pick_and_place,5,2,0.11031980762400762
41,early,pick_and_place,5,3,0.04382659540827915
41,early,pick_and_place,5,1,0.08765319081655906
41,early,pick_and_place,5,2,0.07204976337184119
41,early,pick_and_place,5,3,0.020190411590704307
41,early,pick_and_place,5,1,0.06641068434532046
41,early,pick_and_place,5,2,0.05434088343143853
41,early,pick_and_place,5,3,0.019232298342792435
41,early,look_at_obj_in_light,3,1,0.05421277940221239
41,early,look_at_obj_in_light,3,2,0.027106389701106105
41,early,pick_and_place,5,1,0.023408762861222815
41,early,pick_and_place,5,2,0.018186198220923395
41,early,pick_and_place,5,3,0.006392012375376
41,early,pick_and_place,5,1,0.06641068434532134
41,early,pick_and_place,5,2,0.06641068434531999
41,early,pick_and_place,5,3,0.02280302146565455
42,early,pick_and_place,5,1,0.10961025436159841
42,early,pick_and_place,5,2,0.10961025436159853
42,early,pick_and_place,5,3,0.05480512718079934
42,early,pick_and_place,5,1,0.12418693914367596
42,early,pick_and_place,5,2,0.09571543673514483
42,early,pick_and_place,5,3,0.03790820028248121
42,early,pick_and_place,5,1,0.11918062657469976
42,early,pick_and_place,5,2,0.11918062657469955
42,early,pick_and_place,5,3,0.05959031328734972
43,early,pick_and_place,5,1,0.11571460771179451
43,early,pick_and_place,5,2,0.10558394080211268
43,early,pick_and_place,5,3,0.04047126066589017
43,early,pick_and_place,5,1,0.11571460771179451
43,early,pick_and_place,5,2,0.11571460771179458
43,early,pick_and_place,5,3,0.057857303855897275
43,early,pick_and_place,5,1,0.12284754486017074
43,early,pick_and_place,5,2,0.11553137260155365
43,early,pick_and_place,5,3,0.033319560706480365
43,early,pick_and_place,5,1,0.10358843207377774
43,early,pick_and_place,5,2,0.10358843207377733
43,early,pick_and_place,5,3,0.051794216036888635
43,early,pick_and_place,5,1,0.10600506959771605
43,early,pick_and_place,5,2,0.09868889733909728
43,early,pick_and_place,5,3,0.0379436710328334
43,early,pick_and_place,5,1,0.10600506959771527
43,early,pick_and_place,5,2,0.04333350743375792
43,early,pick_and_place,5,3,0.023288330365588604
44,early,pick_and_place,4,1,0.10709546989735744
44,early,pick_and_place,4,2,0.10709546989735728
44,early,pick_and_place,4,1,0.07182148349814428
44,early,pick_and_place,4,2,0.030862602670103385
44,early,pick_and_place,4,1,0.12269590465480261
44,early,pick_and_place,4,2,0.10846732010173413
44,early,pick_and_place,4,1,0.029864187161565244
44,early,pick_and_place,4,2,0.021140782334021085
44,early,pick_and_place,4,1,0.11461752104381503
44,early,pick_and_place,4,2,0.1070954698973568
45,early,pick_and_place,4,1,0.11103619607228876
45,early,pick_and_place,4,2,0.10899611112277732
45,early,pick_and_place,4,1,0.11760860878745795
45,early,pick_and_place,4,2,0.10725160788778199
45,early,pick_and_place,4,1,0.11760860878745863
45,early,pick_and_place,4,2,0.11653265958820877
46,early,pick_and_place,4,1,0.09273066971699781
46,early,pick_and_place,4,2,0.09273066971699773
46,early,pick_and_place,4,1,0.02573265854198207
46,early,pick_and_place,4,2,0.019084077157526018
46,early,pick_and_place,4,1,0.11070184577127892
46,early,pick_and_place,4,2,0.09181233805245134
47,early,pick_and_place,4,1,0.11021595452480848
47,early,pick_and_place,4,2,0.10316393910641504
47,early,pick_and_place,4,1,0.07870449254051856
47,early,pick_and_place,4,2,0.03239048349327961
48,early,pick_and_place,4,1,0.12154413778504394
48,early,pick_and_place,4,2,0.11912490427828164
48,early,pick_and_place,4,1,0.11427842742905345
48,early,pick_and_place,4,2,0.11427842742905299
48,early,pick_and_place,4,1,0.1215441377850441
48,early,pick_and_place,4,2,0.09370084271291426
48,early,pick_and_place,4,1,0.12154413778504394
48,early,pick_and_place,4,2,0.10993729218624645
49,early,pick_and_place,4,1,0.11071232181285595
49,early,pick_and_place,4,2,0.10770731446363425
49,early,pick_and_place,4,1,0.07300017007187029
49,early,pick_and_place,4,2,0.053673654463211234
49,early,pick_and_place,4,1,0.09216465005392857
49,early,pick_and_place,4,2,0.09216465005392833
49,early,pick_and_place,4,1,0.09216465005392863
49,early,pick_and_place,4,2,0.09216465005392853
49,early,pick_and_place,4,1,0.07300017007186883
49,early,pick_and_place,4,2,0.05992598630389964
49,early,pick_and_place,4,1,0.11541922748581596
49,early,pick_and_place,4,2,0.11241422013659397
50,early,pick_and_place,3,1,0.12194079263371436
50,early,pick_and_place,3,2,0.060970396316857155
50,early,pick_and_place,3,1,0.11657992544003057
50,early,pick_and_place,3,2,0.05601322677089802
50,early,pick_and_place,3,1,0.016474834814240134
50,early,pick_and_place,3,2,0.008161608324363207
52,middle,pick_and_place,4,1,0.07194787508281307
52,middle,pick_and_place,4,2,0.07194787508281211
52,middle,pick_and_place,4,1,0.09085666708392763
52,middle,pick_and_place,4,2,0.08156273253965449
52,middle,pick_and_place,4,1,0.12240683645321657
52,middle,pick_and_place,4,2,0.10663175176857215
53,middle,pick_and_place,4,1,0.06550815511812906
53,middle,pick_and_place,4,2,0.03727335580070515
53,middle,pick_and_place,4,1,0.07037440120234827
53,middle,pick_and_place,4,2,0.036260695517608466
54,middle,pick_and_place,5,1,0.10247113088171196
54,middle,pick_and_place,5,2,0.1024711308817119
54,middle,pick_and_place,5,3,0.051235565440856
55,middle,pick_and_place,4,1,0.12360776349478236
55,middle,pick_and_place,4,2,0.11511791865929615
55,middle,pick_and_place,4,1,0.06227845364772448
55,middle,pick_and_place,4,2,0.037256310516491184
55,middle,pick_and_place,4,1,0.12360776349478315
55,middle,pick_and_place,4,2,0.08564157660464983
55,middle,pick_and_place,4,1,0.06227845364772426
55,middle,pick_and_place,4,2,0.062278453647724226
55,middle,pick_and_place,4,1,0.06227845364772373
55,middle,pick_and_place,4,2,0.03326938013047663
55,middle,pick_and_place,4,1,0.03098798357101165
55,middle,pick_and_place,4,2,0.02457419179797414
56,middle,pick_and_place,5,1,0.0557971230394987
56,middle,pick_and_place,5,2,0.046601308528731775
56,middle,pick_and_place,5,3,0.014675606126727634
56,middle,pick_and_place,5,1,0.055797123039498894
56,middle,pick_and_place,5,2,0.055797123039498644
56,middle,pick_and_place,5,3,0.02789856151974955
57,middle,pick_and_place,5,1,0.12028748854803054
57,middle,pick_and_place,5,2,0.12028748854803054
57,middle,pick_and_place,5,3,0.06014374427401516
57,middle,pick_and_place,5,1,0.0380982376612629
57,middle,pick_and_place,5,2,0.028540170107754732
57,middle,pick_and_place,5,3,0.007942788235909536
57,middle,pick_and_place,5,1,0.11010461672297765
57,middle,pick_and_place,5,2,0.11010461672297753
57,middle,pick_and_place,5,3,0.05505230836148872
57,middle,pick_and_place,5,1,0.12028748854803054
57,middle,pick_and_place,5,2,0.12028748854803026
57,middle,pick_and_place,5,3,0.06014374427401506
57,middle,pick_and_place,5,1,0.05000489335052095
57,middle,pick_and_place,5,2,0.026191581972004864
57,middle,pick_and_place,5,3,0.014738806592241992
57,middle,pick_and_place,5,1,0.050004893350520815
57,middle,pick_and_place,5,2,0.042506437139601005
57,middle,pick_and_place,5,3,0.013723525133999477
58,middle,pick_and_place,4,1,0.05375249276282601
58,middle,pick_and_place,4,2,0.027076154997228187
58,middle,pick_and_place,5,1,0.11905329145735244
58,middle,pick_and_place,5,2,0.11758581366086873
58,middle,pick_and_place,5,3,0.05348674988169162
58,middle,pick_and_place,5,1,0.1190532914573527
58,middle,pick_and_place,5,2,0.11905329145735231
58,middle,pick_and_place,5,3,0.05952664572867608
59,middle,pick_and_place,5,1,0.12383360727447248
59,middle,pick_and_place,5,2,0.08437769095246839
59,middle,pick_and_place,5,3,0.04218884547623442
59,middle,pick_and_place,5,1,0.12383360727447287
59,middle,pick_and_place,5,2,0.12383360727447255
59,middle,pick_and_place,5,3,0.042251984949495856
59,middle,pick_and_place,5,1,0.061214939491131534
59,middle,pick_and_place,5,2,0.06121493949113081
59,middle,pick_and_place,5,3,0.030607469745565784
60,middle,pick_and_place,5,1,0.04418216992040452
60,middle,pick_and_place,5,2,0.02702602472419435
60,middle,pick_and_place,5,3,0.005497253116575094
60,middle,pick_and_place,5,1,0.04764100813729158
60,middle,pick_and_place,5,2,0.035106615884288345
60,middle,pick_and_place,5,3,0.011592997788655787
60,middle,pick_and_place,5,1,0.11799023627420446
60,middle,pick_and_place,5,2,0.11799023627420467
60,middle,pick_and_place,5,3,0.05782382195448141
60,middle,pick_and_place,5,1,0.05868655061739146
60,middle,pick_and_place,5,2,0.03164777766740293
60,middle,pick_and_place,5,3,0.015012312351509249
60,middle,pick_and_place,5,1,0.05868655061739146
60,middle,pick_and_place,5,2,0.03510661588428976
60,middle,pick_and_place,5,3,0.015942294979829692
61,middle,look_at_obj_in_light,3,1,0.05570133136926193
61,middle,look_at_obj_in_light,3,2,0.027850665684630946
61,middle,pick_and_place,5,1,0.04047122584052081
61,middle,pick_and_place,5,2,0.020827792428834143
61,middle,pick_and_place,5,3,0.007761591975256632
61,middle,pick_and_place,5,1,0.1105233853105803
61,middle,pick_and_place,5,2,0.11052338531058009
61,middle,pick_and_place,5,3,0.05526169265529002
61,middle,look_at_obj_in_light,3,1,0.11791979772192582
61,middle,look_at_obj_in_light,3,2,0.05895989886096288
61,middle,pick_and_place,5,1,0.05335532317166391
61,middle,pick_and_place,5,2,0.05335532317166459
61,middle,pick_and_place,5,3,0.026677661585832322
61,middle,look_at_obj_in_light,3,1,0.051580696885356866
61,middle,look_at_obj_in_light,3,2,0.025790348442678426
62,middle,pick_and_place,5,1,0.05490602671982075
62,middle,pick_and_place,5,2,0.028212274643043524
62,middle,pick_and_place,5,3,0.015274643072571707
62,middle,pick_and_place,5,1,0.11921443821695135
62,middle,pick_and_place,5,2,0.11769758277033639
62,middle,pick_and_place,5,3,0.0533766867618937
62,middle,pick_and_place,5,1,0.05490602671982094
62,middle,pick_and_place,5,2,0.044700941834366195
62,middle,pick_and_place,5,3,0.01596634134600745
63,middle,pick_and_place,5,1,0.053348138332562606
63,middle,pick_and_place,5,2,0.030349627152828722
63,middle,pick_and_place,5,3,0.01380940589496304
63,middle,pick_and_place,5,1,0.11919372393895225
63,middle,pick_and_place,5,2,0.10937620485308751
63,middle,pick_and_place,5,3,0.049779342883611064
63,middle,pick_and_place,5,1,0.10802540626727763
63,middle,pick_and_place,5,2,0.10802540626727748
63,middle,pick_and_place,5,3,0.054012703133638706
63,middle,pick_and_place,5,1,0.053348138332562606
63,middle,pick_and_place,5,2,0.027527271013571032
63,middle,pick_and_place,5,3,0.012886092174384934
63,middle,pick_and_place,5,1,0.12451109193944357
63,middle,pick_and_place,5,2,0.09136758133725457
63,middle,pick_and_place,5,3,0.039689443442741536
63,middle,pick_and_place,5,1,0.05334813833256067
63,middle,pick_and_place,5,2,0.053348138332561454
63,middle,pick_and_place,5,3,0.026674069166281365
64,middle,pick_heat_then_place_in_recep,3,1,0.1207023045210481
64,middle,pick_heat_then_place_in_recep,3,2,0.048025263038574226
64,middle,pick_heat_then_place_in_recep,3,1,0.1154700082018989
64,middle,pick_heat_then_place_in_recep,3,2,0.057735004100949394
64,middle,pick_heat_then_place_in_recep,3,1,0.12123497608873302
64,middle,pick_heat_then_place_in_recep,3,2,0.04928196392567244
64,middle,pick_and_place,5,1,0.11895008730671694
64,middle,pick_and_place,5,2,0.1152666948867011
64,middle,pick_and_place,5,3,0.05579165123334274
65,middle,pick_and_place,5,1,0.04487491398567579
65,middle,pick_and_place,5,2,0.02234187130360293
65,middle,pick_and_place,5,3,0.008253763532059625
65,middle,pick_heat_then_place_in_recep,3,1,0.11090583423809464
65,middle,pick_heat_then_place_in_recep,3,2,0.05376440662728823
65,middle,look_at_obj_in_light,3,1,0.043883288117228476
65,middle,look_at_obj_in_light,3,2,0.013519410904830137
65,middle,pick_and_place,5,1,0.05969559228654555
65,middle,pick_and_place,5,2,0.04692908346716748
65,middle,pick_and_place,5,3,0.015027117842403527
65,middle,pick_heat_then_place_in_recep,3,1,0.10772430342979344
65,middle,pick_heat_then_place_in_recep,3,2,0.04700365365964761
65,middle,pick_heat_then_place_in_recep,3,1,0.08309693183407955
65,middle,pick_heat_then_place_in_recep,3,2,0.04154846591704016
65,middle,look_at_obj_in_light,3,1,0.10997883833921515
65,middle,look_at_obj_in_light,3,2,0.05102381571984298
66,middle,look_at_obj_in_light,4,1,0.10859898206321081
66,middle,look_at_obj_in_light,4,2,0.09678531519456438
66,middle,pick_heat_then_place_in_recep,3,1,0.11482269912871881
66,middle,pick_heat_then_place_in_recep,3,2,0.05741134956435981
66,middle,look_at_obj_in_light,4,1,0.04722929776568266
66,middle,look_at_obj_in_light,4,2,0.03611033434549632
66,middle,pick_heat_then_place_in_recep,3,1,0.08200870474584956
66,middle,pick_heat_then_place_in_recep,3,2,0.041004352372924935
66,middle,pick_and_place,4,1,0.02157153629960306
66,middle,pick_and_place,4,2,0.016213628488563628
66,middle,pick_and_place,5,1,0.05285894892088514
66,middle,pick_and_place,5,2,0.04165203158800428
66,middle,pick_and_place,5,3,0.013692095290059355
66,middle,pick_and_place,5,1,0.10439743990584875
66,middle,pick_and_place,5,2,0.10439743990584847
66,middle,pick_and_place,5,3,0.05219871995292416
66,middle,pick_and_place,5,1,0.12432817578332578
66,middle,pick_and_place,5,2,0.11428821330696075
66,middle,pick_and_place,5,3,0.04049561184100888
66,middle,pick_and_place,3,1,0.03225869692250312
66,middle,pick_and_place,3,2,0.006076127478971075
66,middle,look_at_obj_in_light,4,1,0.03611033434549687
66,middle,look_at_obj_in_light,4,2,0.027046400953191867
66,middle,pick_heat_then_place_in_recep,3,1,0.08200870474584979
66,middle,pick_heat_then_place_in_recep,3,2,0.04100435237292482
66,middle,pick_and_place,4,1,0.04770798123680949
66,middle,pick_and_place,4,2,0.025832678484637987
67,middle,pick_and_place,5,1,0.050767848499491015
67,middle,pick_and_place,5,2,0.05076784849949084
67,middle,pick_and_place,5,3,0.018680787940465418
67,middle,pick_and_place,5,1,0.12075662290451045
67,middle,pick_and_place,5,2,0.12075662290451106
67,middle,pick_and_place,5,3,0.060378311452255355
67,middle,pick_and_place,5,1,0.03864123201686146
67,middle,pick_and_place,5,2,0.025858755118004333
67,middle,pick_and_place,5,3,0.009072051123239494
67,middle,look_at_obj_in_light,4,1,0.11744792510567513
67,middle,look_at_obj_in_light,4,2,0.10285868333846818
67,middle,look_at_obj_in_light,4,1,0.11015330422207228
67,middle,look_at_obj_in_light,4,2,0.1028586833384682
68,middle,pick_and_place,5,1,0.12479154472901138
68,middle,pick_and_place,5,2,0.12479154472901097
68,middle,pick_and_place,5,3,0.03802105914506933
68,middle,look_at_obj_in_light,4,1,0.06009107532150137
68,middle,look_at_obj_in_light,4,2,0.03385916180994575
68,middle,pick_and_place,5,1,0.026161587974127303
68,middle,pick_and_place,5,2,0.020546606176660855
68,middle,pick_and_place,5,3,0.007460719941924857
68,middle,look_at_obj_in_light,4,1,0.10859328262824136
68,middle,look_at_obj_in_light,4,2,0.10154785178669573
68,middle,pick_and_place,5,1,0.0499344121030481
68,middle,pick_and_place,5,2,0.02883679986228016
68,middle,pick_and_place,5,3,0.013080793987063879
68,middle,pick_and_place,5,1,0.03804800003858772
68,middle,pick_and_place,5,2,0.02658505552036701
68,middle,pick_and_place,5,3,0.009429688991354815
69,middle,pick_and_place,6,1,0.12123187191390791
69,middle,pick_and_place,6,2,0.12123187191390766
69,middle,pick_and_place,6,3,0.12123187191390755
69,middle,pick_and_place,6,1,0.09899512111057976
69,middle,pick_and_place,6,2,0.05370575837024566
69,middle,pick_and_place,6,3,0.03424832719778617
70,middle,pick_and_place,5,1,0.03254880527403872
70,middle,pick_and_place,5,2,0.018549253310188293
70,middle,pick_and_place,5,3,0.005153013472822912
70,middle,look_at_obj_in_light,4,1,0.11096976553897006
70,middle,look_at_obj_in_light,4,2,0.10967030165211206
70,middle,pick_and_place,5,1,0.032548805274038646
70,middle,pick_and_place,5,2,0.020643815097111492
70,middle,pick_and_place,5,3,0.006923970468691114
70,middle,pick_and_place,6,1,0.03756312713284036
70,middle,pick_and_place,6,2,0.025777542226755983
70,middle,pick_and_place,6,3,0.016145204114841955
71,middle,pick_clean_then_place_in_recep,3,1,0.12157568474754675
71,middle,pick_clean_then_place_in_recep,3,2,0.060787842373773875
71,middle,pick_and_place,6,1,0.02552650603122607
71,middle,pick_and_place,6,2,0.019416084814344346
71,middle,pick_and_place,6,3,0.015696269546025755
71,middle,pick_clean_then_place_in_recep,3,1,0.026034499956763733
71,middle,pick_clean_then_place_in_recep,3,2,0.013374877114502942
71,middle,pick_heat_then_place_in_recep,3,1,0.12144242291455667
71,middle,pick_heat_then_place_in_recep,3,2,0.05270436900021694
71,middle,pick_clean_then_place_in_recep,3,1,0.10864846799119761
71,middle,pick_clean_then_place_in_recep,3,2,0.04847586869703332
71,middle,pick_and_place,5,1,0.12346458623561674
71,middle,pick_and_place,5,2,0.12346458623561644
71,middle,pick_and_place,5,3,0.050702673709368117
71,middle,pick_and_place,5,1,0.12489106727080088
71,middle,pick_and_place,5,2,0.03172658743794158
71,middle,pick_and_place,5,3,0.011276939883788561
71,middle,pick_heat_then_place_in_recep,3,1,0.11580178707346529
71,middle,pick_heat_then_place_in_recep,3,2,0.05790089353673293
72,middle,pick_and_place,6,1,0.04323270198736452
72,middle,pick_and_place,6,2,0.03417283149388218
72,middle,pick_and_place,6,3,0.02314931220486588
72,middle,pick_clean_then_place_in_recep,3,1,0.08321772814571515
72,middle,pick_clean_then_place_in_recep,3,2,0.041608864072857576
72,middle,pick_clean_then_place_in_recep,3,1,0.0967993164765249
72,middle,pick_clean_then_place_in_recep,3,2,0.04839965823826241
72,middle,look_at_obj_in_light,3,1,0.11857357232906919
72,middle,look_at_obj_in_light,3,2,0.05928678616453481
72,middle,pick_and_place,5,1,0.03029855589469045
72,middle,pick_and_place,5,2,0.021572664571623303
72,middle,pick_and_place,5,3,0.006639619048840495
72,middle,pick_clean_then_place_in_recep,3,1,0.08321772814571515
72,middle,pick_clean_then_place_in_recep,3,2,0.041608864072857576
72,middle,pick_clean_then_place_in_recep,3,1,0.0793418000561312
72,middle,pick_clean_then_place_in_recep,3,2,0.03967090002806557
72,middle,pick_and_place,6,1,0.0708862628620011
72,middle,pick_and_place,6,2,0.07088626286200249
72,middle,pick_and_place,6,3,0.040014296409450124
72,middle,look_at_obj_in_light,3,1,0.025333305369773906
72,middle,look_at_obj_in_light,3,2,0.00857785486307127
73,middle,pick_and_place,5,1,0.030783713293144742
73,middle,pick_and_place,5,2,0.02057063527350229
73,middle,pick_and_place,5,3,0.0073713219302323696
73,middle,look_at_obj_in_light,4,1,0.12435861840277274
73,middle,look_at_obj_in_light,4,2,0.12435861840277257
73,middle,pick_heat_then_place_in_recep,3,1,0.07783099548154963
73,middle,pick_heat_then_place_in_recep,3,2,0.01761919211283807
73,middle,pick_heat_then_place_in_recep,3,1,0.11563054372355684
73,middle,pick_heat_then_place_in_recep,3,2,0.05781527186177827
73,middle,pick_heat_then_place_in_recep,3,1,0.07074201899878058
73,middle,pick_heat_then_place_in_recep,3,2,0.02302375331861016
73,middle,pick_and_place,3,1,0.02478363518218565
73,middle,pick_and_place,3,2,0.008996294388204085
73,middle,pick_and_place,5,1,0.03815486243820855
73,middle,pick_and_place,5,2,0.020814330722298355
73,middle,pick_and_place,5,3,0.010378300814547738
73,middle,pick_heat_then_place_in_recep,3,1,0.10748777468139306
73,middle,pick_heat_then_place_in_recep,3,2,0.04664993801190807
73,middle,pick_and_place,5,1,0.03815486243820855
73,middle,pick_and_place,5,2,0.02153602932335781
73,middle,pick_and_place,5,3,0.010663439396879817
74,middle,pick_and_place,3,1,0.020214707420362254
74,middle,pick_and_place,3,2,0.005118629782217757
74,middle,pick_cool_then_place_in_recep,3,1,0.1003871381865604
74,middle,pick_cool_then_place_in_recep,3,2,0.03506008562713875
74,middle,pick_and_place,6,1,0.03502645911769921
74,middle,pick_and_place,6,2,0.03502645911770007
74,middle,pick_and_place,6,3,0.02881612574938086
74,middle,pick_and_place,6,1,0.035026459117699964
74,middle,pick_and_place,6,2,0.028751277465482613
74,middle,pick_and_place,6,3,0.019970227922870586
74,middle,look_at_obj_in_light,4,1,0.11647100950863001
74,middle,look_at_obj_in_light,4,2,0.11647100950862946
74,middle,pick_heat_then_place_in_recep,4,1,0.09296096096599682
74,middle,pick_heat_then_place_in_recep,4,2,0.09296096096599334
74,middle,pick_and_place,6,1,0.035026459117699645
74,middle,pick_and_place,6,2,0.019888573506541357
74,middle,pick_and_place,6,3,0.016127114467971188
74,middle,look_at_obj_in_light,4,1,0.025802217264112505
74,middle,look_at_obj_in_light,4,2,0.016878897420028655
74,middle,pick_heat_then_place_in_recep,4,1,0.1057847755050821
74,middle,pick_heat_then_place_in_recep,4,2,0.10578477550508203
75,middle,pick_cool_then_place_in_recep,3,1,0.07111552901257434
75,middle,pick_cool_then_place_in_recep,3,2,0.03555776450628641
75,middle,look_at_obj_in_light,4,1,0.12463941357518396
75,middle,look_at_obj_in_light,4,2,0.07803541188617974
75,middle,pick_heat_then_place_in_recep,4,1,0.07438115953186805
75,middle,pick_heat_then_place_in_recep,4,2,0.04710811978404213
75,middle,pick_clean_then_place_in_recep,3,1,0.09656908321918295
75,middle,pick_clean_then_place_in_recep,3,2,0.04828454160959147
75,middle,pick_clean_then_place_in_recep,3,1,0.0830255847554854
75,middle,pick_clean_then_place_in_recep,3,2,0.041512792377742656
75,middle,pick_clean_then_place_in_recep,3,1,0.1077445482228157
75,middle,pick_clean_then_place_in_recep,3,2,0.04703430526876343
75,middle,look_at_obj_in_light,4,1,0.10133741273068189
75,middle,look_at_obj_in_light,4,2,0.07803541188617975
75,middle,pick_and_place,5,1,0.12482316749904154
75,middle,pick_and_place,5,2,0.12482316749904175
75,middle,pick_and_place,5,3,0.062411583749520536
75,middle,pick_heat_then_place_in_recep,4,1,0.09465385119389441
75,middle,pick_heat_then_place_in_recep,4,2,0.029781967510564097
75,middle,pick_and_place,6,1,0.02770860768784694
75,middle,pick_and_place,6,2,0.027708607687847775
75,middle,pick_and_place,6,3,0.016298842484465687
76,middle,pick_clean_then_place_in_recep,3,1,0.08399979752078279
76,middle,pick_clean_then_place_in_recep,3,2,0.018353447765382308
76,middle,pick_cool_then_place_in_recep,4,1,0.12242650400105005
76,middle,pick_cool_then_place_in_recep,4,2,0.09078512833456354
76,middle,look_at_obj_in_light,5,1,0.050426339324989855
76,middle,look_at_obj_in_light,5,2,0.0504263393249891
76,middle,look_at_obj_in_light,5,3,0.017794748835971604
76,middle,pick_heat_then_place_in_recep,4,1,0.1166085741161014
76,middle,pick_heat_then_place_in_recep,4,2,0.11042223739452113
76,middle,look_at_obj_in_light,5,1,0.04082674742178409
76,middle,look_at_obj_in_light,5,2,0.026370395900649997
76,middle,look_at_obj_in_light,5,3,0.012795118937240713
76,middle,pick_clean_then_place_in_recep,3,1,0.07897832752237274
76,middle,pick_clean_then_place_in_recep,3,2,0.039489163761186385
76,middle,pick_clean_then_place_in_recep,3,1,0.10811006183572625
76,middle,pick_clean_then_place_in_recep,3,2,0.0527889664244959
76,middle,pick_cool_then_place_in_recep,4,1,0.10966448368795659
76,middle,pick_cool_then_place_in_recep,4,2,0.1006996529491607
76,middle,pick_heat_then_place_in_recep,4,1,0.1104222373945207
76,middle,pick_heat_then_place_in_recep,4,2,0.08502176720820878
76,middle,pick_and_place,6,1,0.031023108967188098
76,middle,pick_and_place,6,2,0.024612296322841527
76,middle,pick_and_place,6,3,0.01613957516940466
76,middle,pick_heat_then_place_in_recep,4,1,0.03731122440543189
76,middle,pick_heat_then_place_in_recep,4,2,0.042009813176625596
76,middle,pick_heat_then_place_in_recep,4,1,0.1166085741161014
76,middle,pick_heat_then_place_in_recep,4,2,0.11431683730337776
76,middle,pick_heat_then_place_in_recep,4,1,0.038807479556014955
76,middle,pick_heat_then_place_in_recep,4,2,0.020924719930590266
77,middle,pick_heat_then_place_in_recep,4,1,0.11349993242572998
77,middle,pick_heat_then_place_in_recep,4,2,0.10936838927313494
77,middle,pick_heat_then_place_in_recep,4,1,0.07036585752071112
77,middle,pick_heat_then_place_in_recep,4,2,0.05768700808410255
77,middle,pick_cool_then_place_in_recep,3,1,0.11794923396333334
77,middle,pick_cool_then_place_in_recep,3,2,0.05098848451849752
77,middle,pick_cool_then_place_in_recep,3,1,0.09258205170680489
77,middle,pick_cool_then_place_in_recep,3,2,0.0462910258534024
77,middle,pick_clean_then_place_in_recep,3,1,0.11578835905191348
77,middle,pick_clean_then_place_in_recep,3,2,0.05789417952595665
77,middle,pick_heat_then_place_in_recep,4,1,0.07036585752071112
77,middle,pick_heat_then_place_in_recep,4,2,0.04210387115416525
77,middle,pick_clean_then_place_in_recep,3,1,0.10773134888131759
77,middle,pick_clean_then_place_in_recep,3,2,0.05270847498369889
77,middle,pick_and_place,5,1,0.018307126876264963
77,middle,pick_and_place,5,2,0.01297931074080108
77,middle,pick_and_place,5,3,0.0065740152031569755
77,middle,pick_and_place,4,1,0.09399024296009278
77,middle,pick_and_place,4,2,0.042572040289663174
77,middle,pick_cool_then_place_in_recep,3,1,0.11424777920802598
77,middle,pick_cool_then_place_in_recep,3,2,0.057123889604013406
77,middle,pick_and_place,6,1,0.025095546115317037
77,middle,pick_and_place,6,2,0.014502969375531858
77,middle,pick_and_place,6,3,0.014409174604016917
78,middle,pick_and_place,5,1,0.01848097656773055
78,middle,pick_and_place,5,2,0.013399771951328276
78,middle,pick_and_place,5,3,0.00698393938207258
78,middle,pick_heat_then_place_in_recep,5,1,0.10684882544336832
78,middle,pick_heat_then_place_in_recep,5,2,0.08880385056529848
78,middle,pick_heat_then_place_in_recep,5,3,0.018519420859769722
78,middle,pick_heat_then_place_in_recep,5,1,0.07193640394834312
78,middle,pick_heat_then_place_in_recep,5,2,0.03735518078585112
78,middle,pick_heat_then_place_in_recep,5,3,0.017814893301141284
78,middle,pick_heat_then_place_in_recep,5,1,0.11504335223147236
78,middle,pick_heat_then_place_in_recep,5,2,0.11504335223147169
78,middle,pick_heat_then_place_in_recep,5,3,0.04207855088588823
78,middle,pick_cool_then_place_in_recep,3,1,0.03394612424632034
78,middle,pick_cool_then_place_in_recep,3,2,0.01838557986659454
78,middle,pick_cool_then_place_in_recep,3,1,0.12251240563357531
78,middle,pick_cool_then_place_in_recep,3,2,0.05605240652190657
78,middle,pick_and_place,6,1,0.12416854945316932
78,middle,pick_and_place,6,2,0.12416854945316882
78,middle,pick_and_place,6,3,0.12416854945316844
78,middle,look_at_obj_in_light,5,1,0.07632908003641273
78,middle,look_at_obj_in_light,5,2,0.0763290800364125
78,middle,look_at_obj_in_light,5,3,0.02684501011107179
78,middle,pick_heat_then_place_in_recep,5,1,0.1222369263076057
78,middle,pick_heat_then_place_in_recep,5,2,0.09146072457912968
78,middle,pick_heat_then_place_in_recep,5,3,0.04573036228956494
78,middle,pick_heat_then_place_in_recep,5,1,0.11504335223147184
78,middle,pick_heat_then_place_in_recep,5,2,0.11504335223147197
78,middle,pick_heat_then_place_in_recep,5,3,0.057521676115736
78,middle,pick_cool_then_place_in_recep,3,1,0.11595874173629603
78,middle,pick_cool_then_place_in_recep,3,2,0.05797937086814865
78,middle,pick_and_place,5,1,0.08983799600774248
78,middle,pick_and_place,5,2,0.0395112711102168
78,middle,pick_and_place,5,3,0.012822728639902324
78,middle,pick_and_place,6,1,0.12437615713644992
78,middle,pick_and_place,6,2,0.10635458783355684
78,middle,pick_and_place,6,3,0.04941935904972106
79,middle,pick_cool_then_place_in_recep,4,1,0.10710702867747098
79,middle,pick_cool_then_place_in_recep,4,2,0.10710702867747088
79,middle,pick_heat_then_place_in_recep,4,1,0.08665826109004188
79,middle,pick_heat_then_place_in_recep,4,2,0.043386565546583544
79,middle,look_at_obj_in_light,5,1,0.11081331711963055
79,middle,look_at_obj_in_light,5,2,0.10674587189716297
79,middle,look_at_obj_in_light,5,3,0.04225927419136026
79,middle,pick_heat_then_place_in_recep,4,1,0.07436072739711129
79,middle,pick_heat_then_place_in_recep,4,2,0.05685578421464453
79,middle,pick_cool_then_place_in_recep,4,1,0.11761836236413241
79,middle,pick_cool_then_place_in_recep,4,2,0.11761836236413248
79,middle,pick_cool_then_place_in_recep,4,1,0.07234768607466208
79,middle,pick_cool_then_place_in_recep,4,2,0.0723476860746607
80,middle,look_at_obj_in_light,5,1,0.11124620612644323
80,middle,look_at_obj_in_light,5,2,0.11124620612644298
80,middle,look_at_obj_in_light,5,3,0.05562310306322143
80,middle,pick_cool_then_place_in_recep,4,1,0.09501289102181529
80,middle,pick_cool_then_place_in_recep,4,2,0.09187735241494016
80,middle,pick_and_place,6,1,0.12437171460092086
80,middle,pick_and_place,6,2,0.12437171460092063
80,middle,pick_and_place,6,3,0.12437171460092061
80,middle,pick_cool_then_place_in_recep,4,1,0.07232567514172215
80,middle,pick_cool_then_place_in_recep,4,2,0.07232567514172192
80,middle,pick_clean_then_place_in_recep,4,1,0.11640015520132874
80,middle,pick_clean_then_place_in_recep,4,2,0.11048030860382735
80,middle,pick_and_place,3,1,0.01751230548743838
80,middle,pick_and_place,3,2,0.006438253197032479
80,middle,pick_clean_then_place_in_recep,4,1,0.09270022000397071
80,middle,pick_clean_then_place_in_recep,4,2,0.09270022000397057
80,middle,pick_and_place,6,1,0.02830959928003257
80,middle,pick_and_place,6,2,0.01589677119035295
80,middle,pick_and_place,6,3,0.015558076353912598
80,middle,pick_heat_then_place_in_recep,5,1,0.10662223178797454
80,middle,pick_heat_then_place_in_recep,5,2,0.03516118968133222
80,middle,pick_heat_then_place_in_recep,5,3,0.014129295399301129
80,middle,pick_cool_then_place_in_recep,4,1,0.08648838870380254
80,middle,pick_cool_then_place_in_recep,4,2,0.08648838870380247
80,middle,pick_clean_then_place_in_recep,4,1,0.09270022000397113
80,middle,pick_clean_then_place_in_recep,4,2,0.09270022000397071
80,middle,pick_and_place,6,1,0.02830959928003257
80,middle,pick_and_place,6,2,0.022103185235192835
80,middle,pick_and_place,6,3,0.015862345612253487
80,middle,pick_and_place,6,1,0.028309599280033456
80,middle,pick_and_place,6,2,0.022477116466883287
80,middle,pick_and_place,6,3,0.01588583608455114
80,middle,pick_clean_then_place_in_recep,4,1,0.11640015520132874
80,middle,pick_clean_then_place_in_recep,4,2,0.11421660549973352
81,middle,pick_clean_then_place_in_recep,3,1,0.060748204890454856
81,middle,pick_clean_then_place_in_recep,3,2,0.010238967603937013
81,middle,pick_clean_then_place_in_recep,3,1,0.09330653346083118
81,middle,pick_clean_then_place_in_recep,3,2,0.046653266730415574
81,middle,pick_clean_then_place_in_recep,3,1,0.06374548122826447
81,middle,pick_clean_then_place_in_recep,3,2,0.024779258328031496
81,middle,look_at_obj_in_light,4,1,0.04188661507095955
81,middle,look_at_obj_in_light,4,2,0.041886615070959574
81,middle,pick_and_place,6,1,0.029037523858291597
81,middle,pick_and_place,6,2,0.022655136474493475
81,middle,pick_and_place,6,3,0.016964206072643033
81,middle,pick_clean_then_place_in_recep,3,1,0.079472545950388
81,middle,pick_clean_then_place_in_recep,3,2,0.03973627297519395
81,middle,pick_and_place,3,1,0.017746685700608583
81,middle,pick_and_place,3,2,0.006523610830482401
81,middle,pick_and_place,6,1,0.023373739739669122
81,middle,pick_and_place,6,2,0.017417770320455092
81,middle,pick_and_place,6,3,0.016539900328808116
81,middle,pick_heat_then_place_in_recep,4,1,0.09038647014877907
81,middle,pick_heat_then_place_in_recep,4,2,0.02711597876464878
81,middle,pick_and_place,4,1,0.019626539239803446
81,middle,pick_and_place,4,2,0.01374308483791089
82,middle,pick_two_obj_and_place,3,1,0.06665875265472383
82,middle,pick_two_obj_and_place,3,2,0.025977902573463135
82,middle,pick_two_obj_and_place,3,1,0.11497755484350247
82,middle,pick_two_obj_and_place,3,2,0.05748877742175093
82,middle,pick_two_obj_and_place,3,1,0.08168861713652635
82,middle,pick_two_obj_and_place,3,2,0.04084430856826317
82,middle,pick_heat_then_place_in_recep,4,1,0.05806485796542707
82,middle,pick_heat_then_place_in_recep,4,2,0.05806485796542852
82,middle,pick_cool_then_place_in_recep,4,1,0.10048295810369931
82,middle,pick_cool_then_place_in_recep,4,2,0.10048295810369923
82,middle,look_at_obj_in_light,5,1,0.04202582577389725
82,middle,look_at_obj_in_light,5,2,0.04202582577389887
82,middle,look_at_obj_in_light,5,3,0.014443009489129932
82,middle,pick_cool_then_place_in_recep,4,1,0.1064675463559071
82,middle,pick_cool_then_place_in_recep,4,2,0.09956581620825473
82,middle,pick_two_obj_and_place,3,1,0.11497755484350247
82,middle,pick_two_obj_and_place,3,2,0.057488777421751194
82,middle,pick_and_place,4,1,0.01579522524640928
82,middle,pick_and_place,4,2,0.011294507384106622
82,middle,pick_and_place,6,1,0.12371043519947533
82,middle,pick_and_place,6,2,0.1049457728051644
82,middle,pick_and_place,6,3,0.0475190643386471
82,middle,pick_two_obj_and_place,3,1,0.08168861713652639
82,middle,pick_two_obj_and_place,3,2,0.04084430856826317
82,middle,pick_heat_then_place_in_recep,4,1,0.1033861609834967
82,middle,pick_heat_then_place_in_recep,4,2,0.09315743944646228
82,middle,pick_two_obj_and_place,3,1,0.08136170016252127
82,middle,pick_two_obj_and_place,3,2,0.0406808500812597
82,middle,pick_heat_then_place_in_recep,4,1,0.10989196635997532
82,middle,pick_heat_then_place_in_recep,4,2,0.10166212651025777
83,middle,pick_and_place,6,1,0.049590382039773936
83,middle,pick_and_place,6,2,0.04959038203977241
83,middle,pick_and_place,6,3,0.03780259876827585
83,middle,pick_and_place,5,1,0.12287638478640373
83,middle,pick_and_place,5,2,0.06239885223283896
83,middle,pick_and_place,5,3,0.016771264189900135
83,middle,pick_and_place,6,1,0.02147785825109537
83,middle,pick_and_place,6,2,0.016878263892954683
83,middle,pick_and_place,6,3,0.011451850355029988
83,middle,pick_and_place,6,1,0.021477858251094523
83,middle,pick_and_place,6,2,0.012865976100496824
83,middle,pick_and_place,6,3,0.012421288766799654
83,middle,pick_heat_then_place_in_recep,5,1,0.10537096320475237
83,middle,pick_heat_then_place_in_recep,5,2,0.08751327281912846
83,middle,pick_heat_then_place_in_recep,5,3,0.03437992682574451
83,middle,pick_clean_then_place_in_recep,4,1,0.11524169425674385
83,middle,pick_clean_then_place_in_recep,4,2,0.10625342751415359
83,middle,look_at_obj_in_light,5,1,0.0819924184910461
83,middle,look_at_obj_in_light,5,2,0.08199241849104603
83,middle,look_at_obj_in_light,5,3,0.04099620924552296
83,middle,pick_clean_then_place_in_recep,4,1,0.07257241284891855
83,middle,pick_clean_then_place_in_recep,4,2,0.05956183533112705
83,middle,pick_and_place,6,1,0.05741270353132568
83,middle,pick_and_place,6,2,0.0411948546358394
83,middle,pick_and_place,6,3,0.028898277335017437
83,middle,pick_and_place,6,1,0.02147785825109533
83,middle,pick_and_place,6,2,0.01687882260072986
83,middle,pick_and_place,6,3,0.012428266975575974
83,middle,pick_two_obj_and_place,3,1,0.1156023096967966
83,middle,pick_two_obj_and_place,3,2,0.05780115484839817
83,middle,pick_two_obj_and_place,3,1,0.10844707232884801
83,middle,pick_two_obj_and_place,3,2,0.0481407293581426
83,middle,pick_clean_then_place_in_recep,4,1,0.11625352362910038
83,middle,pick_clean_then_place_in_recep,4,2,0.10841051115512611
83,middle,pick_clean_then_place_in_recep,4,1,0.053401677169696946
83,middle,pick_clean_then_place_in_recep,4,2,0.04014178536782305
83,middle,pick_and_place,5,1,0.08815331373508628
83,middle,pick_and_place,5,2,0.0455972362520092
83,middle,pick_and_place,5,3,0.022798618126004474
84,middle,look_at_obj_in_light,4,1,0.04161743205829289
84,middle,look_at_obj_in_light,4,2,0.022423686798593863
84,middle,pick_and_place,6,1,0.02750874914031051
84,middle,pick_and_place,6,2,0.016112119739043744
84,middle,pick_and_place,6,3,0.012650573681262448
84,middle,pick_two_obj_and_place,3,1,0.12097226998397545
84,middle,pick_two_obj_and_place,3,2,0.060486134991987656
84,middle,pick_cool_then_place_in_recep,3,1,0.12294108890501906
84,middle,pick_cool_then_place_in_recep,3,2,0.06147054445250949
84,middle,pick_heat_then_place_in_recep,5,1,0.09629427777263042
84,middle,pick_heat_then_place_in_recep,5,2,0.09629427777263029
84,middle,pick_heat_then_place_in_recep,5,3,0.048147138886315125
84,middle,pick_two_obj_and_place,3,1,0.08152276901987356
84,middle,pick_two_obj_and_place,3,2,0.04076138450993679
84,middle,pick_heat_then_place_in_recep,5,1,0.048425723614908975
84,middle,pick_heat_then_place_in_recep,5,2,0.03208034718484655
84,middle,pick_heat_then_place_in_recep,5,3,0.015015699094630037
84,middle,pick_clean_then_place_in_recep,4,1,0.050459577641454145
84,middle,pick_clean_then_place_in_recep,4,2,0.025331381204209732
84,middle,pick_heat_then_place_in_recep,5,1,0.11370105106752702
84,middle,pick_heat_then_place_in_recep,5,2,0.11179641222897836
84,middle,pick_heat_then_place_in_recep,5,3,0.0541270764266438
84,middle,pick_heat_then_place_in_recep,5,1,0.1137010510675268
84,middle,pick_heat_then_place_in_recep,5,2,0.11002528254113317
84,middle,pick_heat_then_place_in_recep,5,3,0.04128582907252271
84,middle,look_at_obj_in_light,4,1,0.04161743205829289
84,middle,look_at_obj_in_light,4,2,0.041617432058292846
84,middle,pick_heat_then_place_in_recep,5,1,0.059633883872647
84,middle,pick_heat_then_place_in_recep,5,2,0.05963388387264698
84,middle,pick_heat_then_place_in_recep,5,3,0.029816941936323484
84,middle,pick_heat_then_place_in_recep,5,1,0.059633883872647
84,middle,pick_heat_then_place_in_recep,5,2,0.032080347184846605
84,middle,pick_heat_then_place_in_recep,5,3,0.017574682648756102
84,middle,pick_cool_then_place_in_recep,3,1,0.06550892716587713
84,middle,pick_cool_then_place_in_recep,3,2,0.03275446358293851
84,middle,look_at_obj_in_light,4,1,0.0416174320582937
84,middle,look_at_obj_in_light,4,2,0.03434264501001354
84,middle,pick_clean_then_place_in_recep,4,1,0.11365313843039808
84,middle,pick_clean_then_place_in_recep,4,2,0.1136531384303983
85,middle,pick_and_place,6,1,0.022269203292766684
85,middle,pick_and_place,6,2,0.01592315292375283
85,middle,pick_and_place,6,3,0.011204540596466042
85,middle,pick_and_place,6,1,0.08977719659578011
85,middle,pick_and_place,6,2,0.043578484828750604
85,middle,pick_and_place,6,3,0.028388828456316725
85,middle,pick_two_obj_and_place,3,1,0.07993297813536496
85,middle,pick_two_obj_and_place,3,2,0.03996648906768245
85,middle,pick_two_obj_and_place,3,1,0.12047845926958825
85,middle,pick_two_obj_and_place,3,2,0.04831063818455669
85,middle,pick_two_obj_and_place,3,1,0.1204784592695897
85,middle,pick_two_obj_and_place,3,2,0.05540928472079471
85,middle,pick_two_obj_and_place,3,1,0.07993297813536496
85,middle,pick_two_obj_and_place,3,2,0.03996648906768245
85,middle,pick_heat_then_place_in_recep,5,1,0.06603930368694937
85,middle,pick_heat_then_place_in_recep,5,2,0.06603930368695049
85,middle,pick_heat_then_place_in_recep,5,3,0.03301965184347451
85,middle,look_at_obj_in_light,5,1,0.03666652781078813
85,middle,look_at_obj_in_light,5,2,0.02194584701203394
85,middle,look_at_obj_in_light,5,3,0.010083879465708661
85,middle,look_at_obj_in_light,5,1,0.07738648673785502
85,middle,look_at_obj_in_light,5,2,0.07738648673785486
85,middle,look_at_obj_in_light,5,3,0.03869324336892754
85,middle,pick_two_obj_and_place,3,1,0.08308900759941373
85,middle,pick_two_obj_and_place,3,2,0.04154450379970752
85,middle,pick_and_place,3,1,0.02150293063344886
85,middle,pick_and_place,3,2,0.006142104609088983
86,middle,pick_heat_then_place_in_recep,5,1,0.12315270231152803
86,middle,pick_heat_then_place_in_recep,5,2,0.08785820786930676
86,middle,pick_heat_then_place_in_recep,5,3,0.03462637084661432
86,middle,pick_heat_then_place_in_recep,5,1,0.0758166166688928
86,middle,pick_heat_then_place_in_recep,5,2,0.037194894441166845
86,middle,pick_heat_then_place_in_recep,5,3,0.020822283563715953
86,middle,pick_heat_then_place_in_recep,5,1,0.06039483066221183
86,middle,pick_heat_then_place_in_recep,5,2,0.04746706589416591
86,middle,pick_heat_then_place_in_recep,5,3,0.017269650563059326
86,middle,look_at_obj_in_light,5,1,0.09517111057819064
86,middle,look_at_obj_in_light,5,2,0.09517111057819036
86,middle,look_at_obj_in_light,5,3,0.04758555528909512
86,middle,pick_clean_then_place_in_recep,4,1,0.10514344199232163
86,middle,pick_clean_then_place_in_recep,4,2,0.0970848315292483
86,middle,pick_clean_then_place_in_recep,4,1,0.08772435849943092
86,middle,pick_clean_then_place_in_recep,4,2,0.08772435849943071
86,middle,pick_cool_then_place_in_recep,4,1,0.07349432241429665
86,middle,pick_cool_then_place_in_recep,4,2,0.06439801193864614
86,middle,pick_heat_then_place_in_recep,5,1,0.09748149601802247
86,middle,pick_heat_then_place_in_recep,5,2,0.09748149601802225
86,middle,pick_heat_then_place_in_recep,5,3,0.04874074800901107
86,middle,pick_two_obj_and_place,3,1,0.10834184111262007
86,middle,pick_two_obj_and_place,3,2,0.047969139899727474
86,middle,pick_heat_then_place_in_recep,5,1,0.10550545509041734
86,middle,pick_heat_then_place_in_recep,5,2,0.06252655115523682
86,middle,pick_heat_then_place_in_recep,5,3,0.01871002832272401
86,middle,pick_cool_then_place_in_recep,4,1,0.12171230520879897
86,middle,pick_cool_then_place_in_recep,4,2,0.12171230520879883
86,middle,look_at_obj_in_light,5,1,0.09517111057819064
86,middle,look_at_obj_in_light,5,2,0.09517111057819036
86,middle,look_at_obj_in_light,5,3,0.04758555528909512
86,middle,pick_two_obj_and_place,3,1,0.11540556013418471
86,middle,pick_two_obj_and_place,3,2,0.05770278006709145
86,middle,look_at_obj_in_light,5,1,0.029107435498205565
86,middle,look_at_obj_in_light,5,2,0.019664083411354408
86,middle,look_at_obj_in_light,5,3,0.007002708298710919
86,middle,pick_and_place,5,1,0.018712192173518664
86,middle,pick_and_place,5,2,0.013754801538537994
86,middle,pick_and_place,5,3,0.006850234171032215
87,middle,pick_two_obj_and_place,3,1,0.09491064923611976
87,middle,pick_two_obj_and_place,3,2,0.047455324618059846
87,middle,look_at_obj_in_light,5,1,0.05033954314923294
87,middle,look_at_obj_in_light,5,2,0.0503395431492301
87,middle,look_at_obj_in_light,5,3,0.015738555607632477
87,middle,pick_clean_then_place_in_recep,4,1,0.1012002337900388
87,middle,pick_clean_then_place_in_recep,4,2,0.10120023379003869
87,middle,pick_and_place,5,1,0.022786760730256532
87,middle,pick_and_place,5,2,0.018120340813122932
87,middle,pick_and_place,5,3,0.006500394283813751
87,middle,pick_clean_then_place_in_recep,4,1,0.08337040844983189
87,middle,pick_clean_then_place_in_recep,4,2,0.021461967671473597
87,middle,pick_and_place,5,1,0.022786760730256532
87,middle,pick_and_place,5,2,0.012979269404122334
87,middle,pick_and_place,5,3,0.00626868149167491
87,middle,pick_cool_then_place_in_recep,4,1,0.08810702300910406
87,middle,pick_cool_then_place_in_recep,4,2,0.0881070230091027
87,middle,pick_cool_then_place_in_recep,4,1,0.12309670107360307
87,middle,pick_cool_then_place_in_recep,4,2,0.09793383267401773
87,middle,pick_heat_then_place_in_recep,4,1,0.05972272052999157
87,middle,pick_heat_then_place_in_recep,4,2,0.03367012064046253
87,middle,pick_heat_then_place_in_recep,4,1,0.08310673784876896
87,middle,pick_heat_then_place_in_recep,4,2,0.08310673784877047
87,middle,pick_heat_then_place_in_recep,4,1,0.0597227205299931
87,middle,pick_heat_then_place_in_recep,4,2,0.03357028249758062
87,middle,pick_and_place,6,1,0.12422325748043747
87,middle,pick_and_place,6,2,0.12422325748043701
87,middle,pick_and_place,6,3,0.12422325748043642
87,middle,pick_clean_then_place_in_recep,4,1,0.05587772406769167
87,middle,pick_clean_then_place_in_recep,4,2,0.028141668086679485
87,middle,pick_clean_then_place_in_recep,4,1,0.10653619370325823
87,middle,pick_clean_then_place_in_recep,4,2,0.09969706740550305
87,middle,pick_clean_then_place_in_recep,4,1,0.06858489899301065
87,middle,pick_clean_then_place_in_recep,4,2,0.04103528028781449
88,middle,pick_two_obj_and_place,3,1,0.07754571425156245
88,middle,pick_two_obj_and_place,3,2,0.03877285712578061
88,middle,pick_clean_then_place_in_recep,5,1,0.04911186851523695
88,middle,pick_clean_then_place_in_recep,5,2,0.031081197355019685
88,middle,pick_clean_then_place_in_recep,5,3,0.00895468103688965
88,middle,pick_clean_then_place_in_recep,5,1,0.06597765425456875
88,middle,pick_clean_then_place_in_recep,5,2,0.03752249913096199
88,middle,pick_clean_then_place_in_recep,5,3,0.01779218885831481
88,middle,pick_two_obj_and_place,3,1,0.08274282429255302
88,middle,pick_two_obj_and_place,3,2,0.041371412146276466
88,middle,pick_two_obj_and_place,3,1,0.09536861360911593
88,middle,pick_two_obj_and_place,3,2,0.046246065229880826
88,middle,pick_and_place,6,1,0.030141568696006645
88,middle,pick_and_place,6,2,0.030141568696007412
88,middle,pick_and_place,6,3,0.023490474426223592
88,middle,pick_two_obj_and_place,3,1,0.07754571425156245
88,middle,pick_two_obj_and_place,3,2,0.03877285712577972
88,middle,pick_heat_then_place_in_recep,4,1,0.05217505743443964
88,middle,pick_heat_then_place_in_recep,4,2,0.02788572734298213
88,middle,pick_two_obj_and_place,3,1,0.12041976739322144
88,middle,pick_two_obj_and_place,3,2,0.04838382579611267
88,middle,pick_two_obj_and_place,3,1,0.0775457142515639
88,middle,pick_two_obj_and_place,3,2,0.038772857125780165
88,middle,pick_two_obj_and_place,3,1,0.09399661016071933
88,middle,pick_two_obj_and_place,3,2,0.03836079910631556
88,middle,pick_cool_then_place_in_recep,4,1,0.05080396336825268
88,middle,pick_cool_then_place_in_recep,4,2,0.030530721948338772
88,middle,look_at_obj_in_light,5,1,0.045400427107565006
88,middle,look_at_obj_in_light,5,2,0.03670289678740918
88,middle,look_at_obj_in_light,5,3,0.012089907726845534
88,middle,pick_heat_then_place_in_recep,5,1,0.057415663870207106
88,middle,pick_heat_then_place_in_recep,5,2,0.029194673735655857
88,middle,pick_heat_then_place_in_recep,5,3,0.014782703781220412
88,middle,pick_clean_then_place_in_recep,5,1,0.06597765425456961
88,middle,pick_clean_then_place_in_recep,5,2,0.06597765425456807
88,middle,pick_clean_then_place_in_recep,5,3,0.020986779525963013
88,middle,pick_two_obj_and_place,3,1,0.09676765159222557
88,middle,pick_two_obj_and_place,3,2,0.04838382579611276
89,middle,pick_cool_then_place_in_recep,4,1,0.11071599917737052
89,middle,pick_cool_then_place_in_recep,4,2,0.10603084571290189
89,middle,pick_and_place,6,1,0.029098633227156005
89,middle,pick_and_place,6,2,0.029098633227155175
89,middle,pick_and_place,6,3,0.02410570555377586
89,middle,pick_and_place,4,1,0.12464761390047155
89,middle,pick_and_place,4,2,0.07021180620703224
89,middle,pick_heat_then_place_in_recep,5,1,0.03829738779104541
89,middle,pick_heat_then_place_in_recep,5,2,0.026017236661326278
89,middle,pick_heat_then_place_in_recep,5,3,0.010440238172710382
89,middle,pick_two_obj_and_place,4,1,0.10769583711175447
89,middle,pick_two_obj_and_place,4,2,0.10196590525619413
89,middle,pick_clean_then_place_in_recep,5,1,0.05782920428170552
89,middle,pick_clean_then_place_in_recep,5,2,0.057829204281703614
89,middle,pick_clean_then_place_in_recep,5,3,0.028914602140851335
89,middle,look_at_obj_in_light,5,1,0.022057005246528146
89,middle,look_at_obj_in_light,5,2,0.013096255122789894
89,middle,look_at_obj_in_light,5,3,0.00718698609872208
89,middle,pick_two_obj_and_place,4,1,0.11074413442432032
89,middle,pick_two_obj_and_place,4,2,0.0906215984747569
89,middle,pick_clean_then_place_in_recep,5,1,0.057829204281703975
89,middle,pick_clean_then_place_in_recep,5,2,0.05782920428170391
89,middle,pick_clean_then_place_in_recep,5,3,0.018223652492102504
89,middle,pick_cool_then_place_in_recep,4,1,0.05582863294787039
89,middle,pick_cool_then_place_in_recep,4,2,0.030322533117862056
89,middle,pick_two_obj_and_place,4,1,0.09357821357973752
89,middle,pick_two_obj_and_place,4,2,0.09357821357973733
89,middle,pick_clean_then_place_in_recep,5,1,0.11917975948372277
89,middle,pick_clean_then_place_in_recep,5,2,0.10554275179727525
89,middle,pick_clean_then_place_in_recep,5,3,0.041416949845718566
89,middle,pick_two_obj_and_place,4,1,0.11525939673238514
89,middle,pick_two_obj_and_place,4,2,0.10725548090595562
89,middle,pick_clean_then_place_in_recep,5,1,0.02935296085716581
89,middle,pick_clean_then_place_in_recep,5,2,0.018933335390587697
89,middle,pick_clean_then_place_in_recep,5,3,0.00854963785808673
89,middle,pick_two_obj_and_place,4,1,0.1152593967323837
89,middle,pick_two_obj_and_place,4,2,0.11525939673238485
89,middle,pick_two_obj_and_place,4,1,0.10769583711175504
89,middle,pick_two_obj_and_place,4,2,0.10196590525619377
90,middle,pick_cool_then_place_in_recep,4,1,0.05643973502739878
90,middle,pick_cool_then_place_in_recep,4,2,0.04716488496553403
90,middle,pick_two_obj_and_place,4,1,0.08062712849748281
90,middle,pick_two_obj_and_place,4,2,0.08062712849748269
90,middle,look_at_obj_in_light,5,1,0.03653609198499079
90,middle,look_at_obj_in_light,5,2,0.03653609198499068
90,middle,look_at_obj_in_light,5,3,0.01001583765400301
90,middle,pick_clean_then_place_in_recep,5,1,0.11052059351325441
90,middle,pick_clean_then_place_in_recep,5,2,0.11052059351325391
90,middle,pick_clean_then_place_in_recep,5,3,0.05526029675662679
90,middle,pick_and_place,5,1,0.0945404697352774
90,middle,pick_and_place,5,2,0.05363483014755081
90,middle,pick_and_place,5,3,0.012121860663787846
90,middle,pick_clean_then_place_in_recep,5,1,0.04116558987959648
90,middle,pick_clean_then_place_in_recep,5,2,0.02281695569531052
90,middle,pick_clean_then_place_in_recep,5,3,0.008018066400018503
90,middle,pick_cool_then_place_in_recep,4,1,0.05643973502739898
90,middle,pick_cool_then_place_in_recep,4,2,0.02870795351977283
90,middle,pick_and_place,3,1,0.02488876002018408
90,middle,pick_and_place,3,2,0.007046488039013916
90,middle,pick_and_place,6,1,0.03496958635043531
90,middle,pick_and_place,6,2,0.020931847513829087
90,middle,pick_and_place,6,3,0.015230322932043761
90,middle,pick_cool_then_place_in_recep,4,1,0.08665582802647968
90,middle,pick_cool_then_place_in_recep,4,2,0.08665582802647939
90,middle,pick_two_obj_and_place,4,1,0.09180738380316723
90,middle,pick_two_obj_and_place,4,2,0.09180738380316722
90,middle,pick_heat_then_place_in_recep,3,1,0.02785144126119191
90,middle,pick_heat_then_place_in_recep,3,2,0.006111411215172525
90,middle,pick_and_place,4,1,0.022158574917691812
90,middle,pick_and_place,4,2,0.01272211025733473
90,middle,pick_cool_then_place_in_recep,4,1,0.11060589977899171
90,middle,pick_cool_then_place_in_recep,4,2,0.10530804207716263
90,middle,pick_cool_then_place_in_recep,4,1,0.1053080420771628
90,middle,pick_cool_then_place_in_recep,4,2,0.10530804207716248
91,middle,pick_cool_then_place_in_recep,4,1,0.08767786913836752
91,middle,pick_cool_then_place_in_recep,4,2,0.0876778691383672
91,middle,pick_two_obj_and_place,4,1,0.09113484288509408
91,middle,pick_two_obj_and_place,4,2,0.09113484288509402
91,middle,pick_clean_then_place_in_recep,5,1,0.05732142004952458
91,middle,pick_clean_then_place_in_recep,5,2,0.04509997266422338
91,middle,pick_clean_then_place_in_recep,5,3,0.014579228045641959
91,middle,pick_and_place,6,1,0.025876131366179944
91,middle,pick_and_place,6,2,0.017844637412597716
91,middle,pick_and_place,6,3,0.017844637412597734
91,middle,pick_cool_then_place_in_recep,4,1,0.08767786913836752
91,middle,pick_cool_then_place_in_recep,4,2,0.0876778691383672
91,middle,pick_cool_then_place_in_recep,4,1,0.08917679658518593
91,middle,pick_cool_then_place_in_recep,4,2,0.08917679658518703
91,middle,pick_two_obj_and_place,4,1,0.08139745724761249
91,middle,pick_two_obj_and_place,4,2,0.06345180113241444
91,middle,look_at_obj_in_light,5,1,0.025445399728203807
91,middle,look_at_obj_in_light,5,2,0.018304080451944364
91,middle,look_at_obj_in_light,5,3,0.006300162605107186
91,middle,pick_cool_then_place_in_recep,4,1,0.0876778691383674
91,middle,pick_cool_then_place_in_recep,4,2,0.0876778691383672
91,middle,pick_clean_then_place_in_recep,5,1,0.04323993807040517
91,middle,pick_clean_then_place_in_recep,5,2,0.028302375685608276
91,middle,pick_clean_then_place_in_recep,5,3,0.008194831605653532
91,middle,pick_clean_then_place_in_recep,5,1,0.05732142004952381
91,middle,pick_clean_then_place_in_recep,5,2,0.05732142004952363
91,middle,pick_clean_then_place_in_recep,5,3,0.028660710024761733
91,middle,pick_cool_then_place_in_recep,4,1,0.1166401908090767
91,middle,pick_cool_then_place_in_recep,4,2,0.10488406055865415
91,middle,pick_two_obj_and_place,4,1,0.12062103460125692
91,middle,pick_two_obj_and_place,4,2,0.12062103460125678
91,middle,pick_cool_then_place_in_recep,4,1,0.10530157175418814
91,middle,pick_cool_then_place_in_recep,4,2,0.09104396919596353
92,middle,pick_two_obj_and_place,4,1,0.11414644152506893
92,middle,pick_two_obj_and_place,4,2,0.11414644152506867
92,middle,pick_two_obj_and_place,4,1,0.09582546157648744
92,middle,pick_two_obj_and_place,4,2,0.095825461576489
92,middle,look_at_obj_in_light,6,1,0.027082006994097036
92,middle,look_at_obj_in_light,6,2,0.021509975047186713
92,middle,look_at_obj_in_light,6,3,0.01546156264039224
92,middle,pick_heat_then_place_in_recep,5,1,0.035974685869884476
92,middle,pick_heat_then_place_in_recep,5,2,0.0359746858698838
92,middle,pick_heat_then_place_in_recep,5,3,0.017987342934942196
92,middle,pick_two_obj_and_place,4,1,0.09160322944688615
92,middle,pick_two_obj_and_place,4,2,0.0916032294468862
92,middle,look_at_obj_in_light,4,1,0.020596642057191125
92,middle,look_at_obj_in_light,4,2,0.011798102758490808
92,middle,pick_two_obj_and_place,4,1,0.09728179223323384
92,middle,pick_two_obj_and_place,4,2,0.09582546157648919
92,middle,pick_clean_then_place_in_recep,5,1,0.049379143438020315
92,middle,pick_clean_then_place_in_recep,5,2,0.027227328631880123
92,middle,pick_clean_then_place_in_recep,5,3,0.0123450112536733
92,middle,pick_two_obj_and_place,4,1,0.05851541338023295
92,middle,pick_two_obj_and_place,4,2,0.03956880901539607
92,middle,pick_two_obj_and_place,4,1,0.1044180453625208
92,middle,pick_two_obj_and_place,4,2,0.1044180453625204
92,middle,pick_clean_then_place_in_recep,5,1,0.04937914343801795
92,middle,pick_clean_then_place_in_recep,5,2,0.04937914343802127
92,middle,pick_clean_then_place_in_recep,5,3,0.024689571719011396
92,middle,pick_clean_then_place_in_recep,4,1,0.03434503241087852
92,middle,pick_clean_then_place_in_recep,4,2,0.019317064797951967
92,middle,pick_two_obj_and_place,4,1,0.1044180453625208
92,middle,pick_two_obj_and_place,4,2,0.1044180453625204
92,middle,pick_and_place,6,1,0.017976386711318914
92,middle,pick_and_place,6,2,0.012312101722190629
92,middle,pick_and_place,6,3,0.010705600289944663
93,middle,look_at_obj_in_light,6,1,0.12499973512506693
93,middle,look_at_obj_in_light,6,2,0.11796830431545113
93,middle,look_at_obj_in_light,6,3,0.07611981305568588
93,middle,pick_two_obj_and_place,3,1,0.07792263445208594
93,middle,pick_two_obj_and_place,3,2,0.021871686826354084
93,middle,pick_two_obj_and_place,3,1,0.10715970958070951
93,middle,pick_two_obj_and_place,3,2,0.04617171218838471
93,middle,pick_cool_then_place_in_recep,3,1,0.056064257515297
93,middle,pick_cool_then_place_in_recep,3,2,0.020605728116563443
93,middle,pick_clean_then_place_in_recep,4,1,0.016569883369032288
93,middle,pick_clean_then_place_in_recep,4,2,0.012491267209357743
93,middle,pick_two_obj_and_place,3,1,0.07792263445208594
93,middle,pick_two_obj_and_place,3,2,0.03896131722604296
93,middle,pick_two_obj_and_place,3,1,0.07792263445208594
93,middle,pick_two_obj_and_place,3,2,0.01778054504710563
93,middle,pick_and_place,6,1,0.12480695360804034
93,middle,pick_and_place,6,2,0.12480695360803992
93,middle,pick_and_place,6,3,0.12044953190807878
93,middle,pick_two_obj_and_place,3,1,0.07792263445208594
93,middle,pick_two_obj_and_place,3,2,0.03896131722604296
93,middle,pick_clean_then_place_in_recep,6,1,0.03793971810542497
93,middle,pick_clean_then_place_in_recep,6,2,0.026006681233289794
93,middle,pick_clean_then_place_in_recep,6,3,0.016300368689034717
93,middle,look_at_obj_in_light,6,1,0.024341885600251852
93,middle,look_at_obj_in_light,6,2,0.02434188560025101
93,middle,look_at_obj_in_light,6,3,0.014084903474193075
93,middle,pick_two_obj_and_place,3,1,0.07792263445208523
93,middle,pick_two_obj_and_place,3,2,0.017780545047105602
93,middle,pick_heat_then_place_in_recep,5,1,0.1249655010047717
93,middle,pick_heat_then_place_in_recep,5,2,0.07217877974978562
93,middle,pick_heat_then_place_in_recep,5,3,0.03608938987489182
93,middle,pick_two_obj_and_place,3,1,0.11329545787505221
93,middle,pick_two_obj_and_place,3,2,0.05664772893752605
94,middle,pick_and_place,4,1,0.019040748069986527
94,middle,pick_and_place,4,2,0.010795475165724946
94,middle,pick_clean_then_place_in_recep,4,1,0.11691722132394654
94,middle,pick_clean_then_place_in_recep,4,2,0.03566209028643334
94,middle,pick_and_place,6,1,0.02375626186032347
94,middle,pick_and_place,6,2,0.02375626186032522
94,middle,pick_and_place,6,3,0.023756261860323476
94,middle,pick_and_place,6,1,0.05915200409239067
94,middle,pick_and_place,6,2,0.059152004092390485
94,middle,pick_and_place,6,3,0.03337476710768578
94,middle,pick_two_obj_and_place,5,1,0.07239990034219769
94,middle,pick_two_obj_and_place,5,2,0.07239990034219773
94,middle,pick_two_obj_and_place,5,3,0.03619995017109873
94,middle,pick_clean_then_place_in_recep,6,1,0.04205365410170298
94,middle,pick_clean_then_place_in_recep,6,2,0.042053654101702975
94,middle,pick_clean_then_place_in_recep,6,3,0.025164605479886498
94,middle,pick_clean_then_place_in_recep,6,1,0.12478031257824632
94,middle,pick_clean_then_place_in_recep,6,2,0.10843997937121845
94,middle,pick_clean_then_place_in_recep,6,3,0.07496576704117192
94,middle,look_at_obj_in_light,6,1,0.028189250579314835
94,middle,look_at_obj_in_light,6,2,0.022686290551628595
94,middle,look_at_obj_in_light,6,3,0.015834429642185645
94,middle,pick_heat_then_place_in_recep,5,1,0.03441731854808433
94,middle,pick_heat_then_place_in_recep,5,2,0.034417318548083456
94,middle,pick_heat_then_place_in_recep,5,3,0.010600172284496778
94,middle,pick_heat_then_place_in_recep,5,1,0.0964120525102428
94,middle,pick_heat_then_place_in_recep,5,2,0.09641205251024276
94,middle,pick_heat_then_place_in_recep,5,3,0.04820602625512134
94,middle,pick_two_obj_and_place,5,1,0.11652402524666705
94,middle,pick_two_obj_and_place,5,2,0.11427643949365511
94,middle,pick_two_obj_and_place,5,3,0.05601442687032157
94,middle,pick_cool_then_place_in_recep,3,1,0.08838026907192276
94,middle,pick_cool_then_place_in_recep,3,2,0.02505560103095294
94,middle,pick_cool_then_place_in_recep,3,1,0.06815981219623003
94,middle,pick_cool_then_place_in_recep,3,2,0.03407990609811499
94,middle,pick_cool_then_place_in_recep,3,1,0.07092731306171425
94,middle,pick_cool_then_place_in_recep,3,2,0.0354636565308571
94,middle,pick_two_obj_and_place,5,1,0.10679658992630772
94,middle,pick_two_obj_and_place,5,2,0.10679658992630799
94,middle,pick_two_obj_and_place,5,3,0.05339829496315392
94,middle,look_at_obj_in_light,6,1,0.11574622583093777
94,middle,look_at_obj_in_light,6,2,0.11574622583093758
94,middle,look_at_obj_in_light,6,3,0.11574622583093737
95,middle,pick_heat_then_place_in_recep,5,1,0.09561150145774501
95,middle,pick_heat_then_place_in_recep,5,2,0.05355821467585382
95,middle,pick_heat_then_place_in_recep,5,3,0.016893191725360926
95,middle,pick_cool_then_place_in_recep,3,1,0.0684915112681261
95,middle,pick_cool_then_place_in_recep,3,2,0.03424575563406303
95,middle,pick_and_place,5,1,0.02260360505735033
95,middle,pick_and_place,5,2,0.013539352774244234
95,middle,pick_and_place,5,3,0.006350071067739849
95,middle,pick_two_obj_and_place,5,1,0.07542504879503498
95,middle,pick_two_obj_and_place,5,2,0.058943776377520206
95,middle,pick_two_obj_and_place,5,3,0.022750720365827266
95,middle,pick_two_obj_and_place,5,1,0.0754250487950344
95,middle,pick_two_obj_and_place,5,2,0.0641797613469225
95,middle,pick_two_obj_and_place,5,3,0.0222005334601052
95,middle,pick_heat_then_place_in_recep,5,1,0.043425969701260295
95,middle,pick_heat_then_place_in_recep,5,2,0.03519812176718521
95,middle,pick_heat_then_place_in_recep,5,3,0.01173593592912403
95,middle,pick_clean_then_place_in_recep,5,1,0.04630064093458444
95,middle,pick_clean_then_place_in_recep,5,2,0.036562389516949255
95,middle,pick_clean_then_place_in_recep,5,3,0.012368529450591385
95,middle,pick_two_obj_and_place,5,1,0.10494581530219668
95,middle,pick_two_obj_and_place,5,2,0.10494581530219649
95,middle,pick_two_obj_and_place,5,3,0.052472907651098244
95,middle,pick_cool_then_place_in_recep,3,1,0.10545537486122275
95,middle,pick_cool_then_place_in_recep,3,2,0.04848975319675446
95,middle,pick_clean_then_place_in_recep,5,1,0.037440399440900135
95,middle,pick_clean_then_place_in_recep,5,2,0.025702714557103278
95,middle,pick_clean_then_place_in_recep,5,3,0.012409674050109473
95,middle,look_at_obj_in_light,5,1,0.03147659436763948
95,middle,look_at_obj_in_light,5,2,0.01750201242290149
95,middle,look_at_obj_in_light,5,3,0.008667671083820501
95,middle,pick_clean_then_place_in_recep,5,1,0.04630064093458444
95,middle,pick_clean_then_place_in_recep,5,2,0.04630064093458482
95,middle,pick_clean_then_place_in_recep,5,3,0.02315032046729274
95,middle,pick_two_obj_and_place,5,1,0.0616251313171551
95,middle,pick_two_obj_and_place,5,2,0.03871839749400238
95,middle,pick_two_obj_and_place,5,3,0.019775395797780586
95,middle,pick_clean_then_place_in_recep,5,1,0.11935341045963628
95,middle,pick_clean_then_place_in_recep,5,2,0.10532381682920727
95,middle,pick_clean_then_place_in_recep,5,3,0.04961048918185557
95,middle,pick_two_obj_and_place,5,1,0.10494581530219652
95,middle,pick_two_obj_and_place,5,2,0.1049458153021965
95,middle,pick_two_obj_and_place,5,3,0.05247290765109824
95,middle,pick_heat_then_place_in_recep,5,1,0.0914521381892662
95,middle,pick_heat_then_place_in_recep,5,2,0.09145213818926594
95,middle,pick_heat_then_place_in_recep,5,3,0.045726069094632865
96,middle,pick_cool_then_place_in_recep,4,1,0.06563098122272026
96,middle,pick_cool_then_place_in_recep,4,2,0.04175808198132758
96,middle,pick_two_obj_and_place,5,1,0.07618969426698431
96,middle,pick_two_obj_and_place,5,2,0.06227091685072586
96,middle,pick_two_obj_and_place,5,3,0.017580262531542965
96,middle,pick_clean_then_place_in_recep,5,1,0.12489324394105297
96,middle,pick_clean_then_place_in_recep,5,2,0.07420837300420001
96,middle,pick_clean_then_place_in_recep,5,3,0.020917272010232482
96,middle,pick_and_place,6,1,0.024427561552342176
96,middle,pick_and_place,6,2,0.019416227220880156
96,middle,pick_and_place,6,3,0.01314667267948525
96,middle,pick_cool_then_place_in_recep,4,1,0.11606051983613663
96,middle,pick_cool_then_place_in_recep,4,2,0.1105681136478407
96,middle,pick_clean_then_place_in_recep,5,1,0.04469744362328699
96,middle,pick_clean_then_place_in_recep,5,2,0.04469744362328576
96,middle,pick_clean_then_place_in_recep,5,3,0.013778586922793903
96,middle,pick_clean_then_place_in_recep,5,1,0.03428053955539639
96,middle,pick_clean_then_place_in_recep,5,2,0.023863635487506495
96,middle,pick_clean_then_place_in_recep,5,3,0.012387077481811568
96,middle,pick_and_place,6,1,0.12130997900213566
96,middle,pick_and_place,6,2,0.12130997900213553
96,middle,pick_and_place,6,3,0.12130997900213547
96,middle,pick_heat_then_place_in_recep,5,1,0.03964998738361674
96,middle,pick_heat_then_place_in_recep,5,2,0.026412125386169348
96,middle,pick_heat_then_place_in_recep,5,3,0.0076966483428516815
96,middle,pick_and_place,5,1,0.08066966665241339
96,middle,pick_and_place,5,2,0.03954647096477045
96,middle,pick_and_place,5,3,0.014447700520936857
96,middle,look_at_obj_in_light,5,1,0.02230476103155682
96,middle,look_at_obj_in_light,5,2,0.01641580995148601
96,middle,look_at_obj_in_light,5,3,0.008285885735770038
96,middle,pick_two_obj_and_place,5,1,0.10445462349825929
96,middle,pick_two_obj_and_place,5,2,0.10445462349825893
96,middle,pick_two_obj_and_place,5,3,0.0522273117491294
96,middle,pick_clean_then_place_in_recep,5,1,0.10961329741791606
96,middle,pick_clean_then_place_in_recep,5,2,0.03526053238924648
96,middle,pick_clean_then_place_in_recep,5,3,0.021640592699297582
96,middle,pick_two_obj_and_place,5,1,0.07618969426698431
96,middle,pick_two_obj_and_place,5,2,0.07618969426698491
96,middle,pick_two_obj_and_place,5,3,0.028907569018750166
97,middle,pick_clean_then_place_in_recep,5,1,0.04667371709463415
97,middle,pick_clean_then_place_in_recep,5,2,0.04667371709463534
97,middle,pick_clean_then_place_in_recep,5,3,0.02333685854731772
97,middle,pick_cool_then_place_in_recep,4,1,0.087354449653817
97,middle,pick_cool_then_place_in_recep,4,2,0.08735444965381695
97,middle,pick_cool_then_place_in_recep,4,1,0.087354449653817
97,middle,pick_cool_then_place_in_recep,4,2,0.08735444965381695
97,middle,pick_two_obj_and_place,5,1,0.1218051794831871
97,middle,pick_two_obj_and_place,5,2,0.10127780326665033
97,middle,pick_two_obj_and_place,5,3,0.04644735033725694
97,middle,pick_two_obj_and_place,5,1,0.11512407278357026
97,middle,pick_two_obj_and_place,5,2,0.1064156141769178
97,middle,pick_two_obj_and_place,5,3,0.037354519995587795
97,middle,pick_cool_then_place_in_recep,4,1,0.10516880400719221
97,middle,pick_cool_then_place_in_recep,4,2,0.09713155843508546
97,middle,pick_cool_then_place_in_recep,4,1,0.11656332335171612
97,middle,pick_cool_then_place_in_recep,4,2,0.11656332335171585
97,middle,pick_two_obj_and_place,5,1,0.07570069258992439
97,middle,pick_two_obj_and_place,5,2,0.07570069258992328
97,middle,pick_two_obj_and_place,5,3,0.03785034629496205
97,middle,pick_cool_then_place_in_recep,4,1,0.052444902377739216
97,middle,pick_cool_then_place_in_recep,4,2,0.03857005076536529
97,middle,pick_cool_then_place_in_recep,4,1,0.06447213918985019
97,middle,pick_cool_then_place_in_recep,4,2,0.03857005076536426
97,middle,pick_two_obj_and_place,5,1,0.07570069258992353
97,middle,pick_two_obj_and_place,5,2,0.07570069258992443
97,middle,pick_two_obj_and_place,5,3,0.028678037674573414
97,middle,pick_heat_then_place_in_recep,5,1,0.11259560964362768
97,middle,pick_heat_then_place_in_recep,5,2,0.11259560964362733
97,middle,pick_heat_then_place_in_recep,5,3,0.05159237521603206
97,middle,pick_clean_then_place_in_recep,5,1,0.046673717094635574
97,middle,pick_clean_then_place_in_recep,5,2,0.038676491314355445
97,middle,pick_clean_then_place_in_recep,5,3,0.012585439035750507
98,middle,pick_clean_then_place_in_recep,6,1,0.04661590739012268
98,middle,pick_clean_then_place_in_recep,6,2,0.026999370656495634
98,middle,pick_clean_then_place_in_recep,6,3,0.01938706415950788
98,middle,pick_two_obj_and_place,5,1,0.10641600590249059
98,middle,pick_two_obj_and_place,5,2,0.10641600590249028
98,middle,pick_two_obj_and_place,5,3,0.05320800295124514
98,middle,pick_and_place,5,1,0.016203690964896884
98,middle,pick_and_place,5,2,0.011805136316317846
98,middle,pick_and_place,5,3,0.005809864403982224
98,middle,look_at_obj_in_light,5,1,0.025028094540142022
98,middle,look_at_obj_in_light,5,2,0.025028094540140256
98,middle,look_at_obj_in_light,5,3,0.007904873581208642
98,middle,pick_two_obj_and_place,5,1,0.12243830287392662
98,middle,pick_two_obj_and_place,5,2,0.09074204378780118
98,middle,pick_two_obj_and_place,5,3,0.04537102189390039
98,middle,pick_cool_then_place_in_recep,4,1,0.07282985461932011
98,middle,pick_cool_then_place_in_recep,4,2,0.07282985461932
98,middle,pick_heat_then_place_in_recep,4,1,0.04397285773877893
98,middle,pick_heat_then_place_in_recep,4,2,0.02348428640592473
98,middle,pick_heat_then_place_in_recep,4,1,0.07256431839294784
98,middle,pick_heat_then_place_in_recep,4,2,0.07256431839294776
98,middle,look_at_obj_in_light,5,1,0.02502809454014034
98,middle,look_at_obj_in_light,5,2,0.014178944383803415
98,middle,look_at_obj_in_light,5,3,0.007293722900192245
98,middle,pick_two_obj_and_place,5,1,0.07304153019822132
98,middle,pick_two_obj_and_place,5,2,0.05961655297379444
98,middle,pick_two_obj_and_place,5,3,0.017179143798598306
98,middle,pick_two_obj_and_place,5,1,0.09074204378780293
98,middle,pick_two_obj_and_place,5,2,0.06579731997255048
98,middle,pick_two_obj_and_place,5,3,0.025060733342384574
98,middle,look_at_obj_in_light,5,1,0.12489131496882355
98,middle,look_at_obj_in_light,5,2,0.12489131496882308
98,middle,look_at_obj_in_light,5,3,0.06046182689042609
98,middle,pick_and_place,6,1,0.12407887811219076
98,middle,pick_and_place,6,2,0.12407887811219043
98,middle,pick_and_place,6,3,0.10752674968056673
98,middle,pick_two_obj_and_place,5,1,0.11626370167930142
98,middle,pick_two_obj_and_place,5,2,0.11626370167930136
98,middle,pick_two_obj_and_place,5,3,0.04190599064192867
98,middle,pick_heat_then_place_in_recep,4,1,0.11910769429433912
98,middle,pick_heat_then_place_in_recep,4,2,0.08794356361927666
99,middle,pick_and_place,6,1,0.12353373253893263
99,middle,pick_and_place,6,2,0.12353373253893216
99,middle,pick_and_place,6,3,0.1235337325389319
99,middle,pick_clean_then_place_in_recep,6,1,0.03930450182256767
99,middle,pick_clean_then_place_in_recep,6,2,0.021328734872544997
99,middle,pick_clean_then_place_in_recep,6,3,0.014903971377807749
99,middle,pick_clean_then_place_in_recep,6,1,0.11888128846422966
99,middle,pick_clean_then_place_in_recep,6,2,0.11888128846422974
99,middle,pick_clean_then_place_in_recep,6,3,0.11888128846422942
99,middle,pick_cool_then_place_in_recep,4,1,0.10528338919383405
99,middle,pick_cool_then_place_in_recep,4,2,0.09734301628496879
99,middle,look_at_obj_in_light,5,1,0.025756140127693446
99,middle,look_at_obj_in_light,5,2,0.02575614012769341
99,middle,look_at_obj_in_light,5,3,0.012878070063848193
99,middle,pick_clean_then_place_in_recep,6,1,0.039304501822566854
99,middle,pick_clean_then_place_in_recep,6,2,0.03930450182256756
99,middle,pick_clean_then_place_in_recep,6,3,0.031216422625020786
99,middle,pick_heat_then_place_in_recep,4,1,0.08940804442961259
99,middle,pick_heat_then_place_in_recep,4,2,0.05860832572193567
99,middle,look_at_obj_in_light,5,1,0.11753293656194526
99,middle,look_at_obj_in_light,5,2,0.05564802324610828
99,middle,look_at_obj_in_light,5,3,0.02047238781736628
99,middle,pick_cool_then_place_in_recep,4,1,0.11551918161819141
99,middle,pick_cool_then_place_in_recep,4,2,0.11551918161819057
99,middle,pick_and_place,3,1,0.014763863633948828
99,middle,pick_and_place,3,2,0.005436323222585502
99,middle,pick_cool_then_place_in_recep,4,1,0.11691399982762052
99,middle,pick_cool_then_place_in_recep,4,2,0.10374817094251336
99,middle,pick_cool_then_place_in_recep,4,1,0.10586404576976827
99,middle,pick_cool_then_place_in_recep,4,2,0.105864045769768
99,middle,pick_two_obj_and_place,4,1,0.0990292936710611
99,middle,pick_two_obj_and_place,4,2,0.09902929367106089
99,middle,pick_heat_then_place_in_recep,4,1,0.07722467039414761
99,middle,pick_heat_then_place_in_recep,4,2,0.07722467039414756
99,middle,pick_cool_then_place_in_recep,4,1,0.12327678600315276
99,middle,pick_cool_then_place_in_recep,4,2,0.09734301628496878
100,middle,pick_clean_then_place_in_recep,6,1,0.11883580367453064
100,middle,pick_clean_then_place_in_recep,6,2,0.07691354652581814
100,middle,pick_clean_then_place_in_recep,6,3,0.027684312080600453
100,middle,pick_clean_then_place_in_recep,6,1,0.043499637862828
100,middle,pick_clean_then_place_in_recep,6,2,0.02331960995607147
100,middle,pick_clean_then_place_in_recep,6,3,0.023515597900647507
100,middle,pick_and_place,6,1,0.12464917533430364
100,middle,pick_and_place,6,2,0.09245662018894042
100,middle,pick_and_place,6,3,0.06026406504357708
100,middle,pick_heat_then_place_in_recep,4,1,0.06021551592941965
100,middle,pick_heat_then_place_in_recep,4,2,0.06021551592941972
100,middle,look_at_obj_in_light,5,1,0.11607980404832166
100,middle,look_at_obj_in_light,5,2,0.11607980404832142
100,middle,look_at_obj_in_light,5,3,0.05803990202416067
100,middle,pick_and_place,4,1,0.12356078173374502
100,middle,pick_and_place,4,2,0.07937909732853936
100,middle,pick_heat_then_place_in_recep,4,1,0.060215515929420635
100,middle,pick_heat_then_place_in_recep,4,2,0.0452306021647256
100,middle,pick_clean_then_place_in_recep,6,1,0.043499637862828
100,middle,pick_clean_then_place_in_recep,6,2,0.043499637862828025
100,middle,pick_clean_then_place_in_recep,6,3,0.025262270981133504
100,middle,pick_clean_then_place_in_recep,5,1,0.12498991438100315
100,middle,pick_clean_then_place_in_recep,5,2,0.07392859518099305
100,middle,pick_clean_then_place_in_recep,5,3,0.0072564068656197946
100,middle,pick_clean_then_place_in_recep,6,1,0.043499637862828
100,middle,pick_clean_then_place_in_recep,6,2,0.04349963786282722
100,middle,pick_clean_then_place_in_recep,6,3,0.025262270981133483
100,middle,pick_clean_then_place_in_recep,5,1,0.029604415608782828
100,middle,pick_clean_then_place_in_recep,5,2,0.020542357890429477
100,middle,pick_clean_then_place_in_recep,5,3,0.006274630120979191
100,middle,pick_and_place,4,1,0.02304016751903173
100,middle,pick_and_place,4,2,0.01832056119873053
100,middle,pick_two_obj_and_place,4,1,0.07366674113601271
100,middle,pick_two_obj_and_place,4,2,0.07366674113601374
100,middle,pick_heat_then_place_in_recep,4,1,0.06021551592942097
100,middle,pick_heat_then_place_in_recep,4,2,0.06021551592941913
100,middle,pick_clean_then_place_in_recep,6,1,0.12453913175762583
100,middle,pick_clean_then_place_in_recep,6,2,0.12453913175762571
100,middle,pick_clean_then_place_in_recep,6,3,0.11952846598580122
100,middle,pick_and_place,6,1,0.028228156117357933
100,middle,pick_and_place,6,2,0.016521258772447693
100,middle,pick_and_place,6,3,0.012590006214709069
101,late,pick_heat_then_place_in_recep,5,1,0.0539298021901932
101,late,pick_heat_then_place_in_recep,5,2,0.027820296603511332
101,late,pick_heat_then_place_in_recep,5,3,0.014040027764753518
101,late,pick_and_place,3,1,0.018390550995760202
101,late,pick_and_place,3,2,0.006564770170805482
101,late,pick_clean_then_place_in_recep,6,1,0.04501300014205879
101,late,pick_clean_then_place_in_recep,6,2,0.04501300014205893
101,late,pick_clean_then_place_in_recep,6,3,0.025056548575301194
101,late,pick_clean_then_place_in_recep,6,1,0.10097383324180043
101,late,pick_clean_then_place_in_recep,6,2,0.08163343075148596
101,late,pick_clean_then_place_in_recep,6,3,0.03432232047147327
101,late,pick_cool_then_place_in_recep,4,1,0.06933961007796366
101,late,pick_cool_then_place_in_recep,4,2,0.03629932185726338
101,late,look_at_obj_in_light,5,1,0.0394725416104176
101,late,look_at_obj_in_light,5,2,0.03045797456106703
101,late,look_at_obj_in_light,5,3,0.01125980801506228
101,late,pick_two_obj_and_place,4,1,0.11072713592262085
101,late,pick_two_obj_and_place,4,2,0.10610848298955523
101,late,look_at_obj_in_light,5,1,0.08617923081925821
101,late,look_at_obj_in_light,5,2,0.08617923081925787
101,late,look_at_obj_in_light,5,3,0.04308961540962889
101,late,pick_cool_then_place_in_recep,4,1,0.06933961007796366
101,late,pick_cool_then_place_in_recep,4,2,0.05431820761882246
101,late,pick_two_obj_and_place,4,1,0.1169075669424758
101,late,pick_two_obj_and_place,4,2,0.11445672872413094
101,late,pick_heat_then_place_in_recep,5,1,0.0539298021901933
101,late,pick_heat_then_place_in_recep,5,2,0.04388866716225208
101,late,pick_heat_then_place_in_recep,5,3,0.015688858212911813
101,late,pick_clean_then_place_in_recep,6,1,0.04501300014205887
101,late,pick_clean_then_place_in_recep,6,2,0.04501300014205884
101,late,pick_clean_then_place_in_recep,6,3,0.02400529625958559
101,late,pick_clean_then_place_in_recep,6,1,0.04501300014205718
101,late,pick_clean_then_place_in_recep,6,2,0.02588206867869515
101,late,pick_clean_then_place_in_recep,6,3,0.02407679233290096
101,late,pick_cool_then_place_in_recep,4,1,0.10653811809460269
101,late,pick_cool_then_place_in_recep,4,2,0.09059900997702845
101,late,pick_heat_then_place_in_recep,5,1,0.05392980219019252
101,late,pick_heat_then_place_in_recep,5,2,0.05392980219019296
101,late,pick_heat_then_place_in_recep,5,3,0.019105083740360528
101,late,pick_cool_then_place_in_recep,4,1,0.10653811809460403
101,late,pick_cool_then_place_in_recep,4,2,0.0997007510499098
102,late,pick_two_obj_and_place,4,1,0.07040162672552262
102,late,pick_two_obj_and_place,4,2,0.07040162672552139
102,late,pick_two_obj_and_place,4,1,0.05200918591384256
102,late,pick_two_obj_and_place,4,2,0.035955583373518826
102,late,pick_cool_then_place_in_recep,5,1,0.11519718714552422
102,late,pick_cool_then_place_in_recep,5,2,0.11519718714552403
102,late,pick_cool_then_place_in_recep,5,3,0.057598593572761966
102,late,look_at_obj_in_light,4,1,0.030817112953552498
102,late,look_at_obj_in_light,4,2,0.014468380218546644
102,late,pick_heat_then_place_in_recep,5,1,0.10114813090186489
102,late,pick_heat_then_place_in_recep,5,2,0.08191098457664528
102,late,pick_heat_then_place_in_recep,5,3,0.021037773541271353
102,late,pick_cool_then_place_in_recep,5,1,0.04927272717601396
102,late,pick_cool_then_place_in_recep,5,2,0.03432240079364683
102,late,pick_cool_then_place_in_recep,5,3,0.01667479574022067
102,late,look_at_obj_in_light,4,1,0.11890019126173382
102,late,look_at_obj_in_light,4,2,0.10746138359345772
102,late,pick_heat_then_place_in_recep,5,1,0.12467468824699429
102,late,pick_heat_then_place_in_recep,5,2,0.1011481309018647
102,late,pick_heat_then_place_in_recep,5,3,0.03881078677836761
102,late,look_at_obj_in_light,4,1,0.11739228696218292
102,late,look_at_obj_in_light,4,2,0.10745383405856278
102,late,pick_heat_then_place_in_recep,5,1,0.07762157355673689
102,late,pick_heat_then_place_in_recep,5,2,0.05655763252302602
102,late,pick_heat_then_place_in_recep,5,3,0.018218157137087382
102,late,pick_two_obj_and_place,4,1,0.10260798684938499
102,late,pick_two_obj_and_place,4,2,0.10260798684938513
102,late,look_at_obj_in_light,3,1,0.01696673520982029
102,late,look_at_obj_in_light,3,2,0.005967521098667877
102,late,pick_heat_then_place_in_recep,5,1,0.045062215307962714
102,late,pick_heat_then_place_in_recep,5,2,0.04506221530796436
102,late,pick_heat_then_place_in_recep,5,3,0.015538142737648211
102,late,pick_two_obj_and_place,4,1,0.07040162672552114
102,late,pick_two_obj_and_place,4,2,0.07040162672552261
102,late,pick_clean_then_place_in_recep,5,1,0.03829542640417307
102,late,pick_clean_then_place_in_recep,5,2,0.030316284184562566
102,late,pick_clean_then_place_in_recep,5,3,0.011168570982474705
103,late,pick_two_obj_and_place,4,1,0.06402186603703547
103,late,pick_two_obj_and_place,4,2,0.06402186603703545
103,late,pick_and_place,6,1,0.020774200705102427
103,late,pick_and_place,6,2,0.01498648788088583
103,late,pick_and_place,6,3,0.01529021589889832
103,late,look_at_obj_in_light,5,1,0.0407333551652151
103,late,look_at_obj_in_light,5,2,0.027429574430820686
103,late,look_at_obj_in_light,5,3,0.012620508788618885
103,late,pick_heat_then_place_in_recep,5,1,0.036037594982287306
103,late,pick_heat_then_place_in_recep,5,2,0.024946949022011472
103,late,pick_heat_then_place_in_recep,5,3,0.011918461072296915
103,late,pick_two_obj_and_place,4,1,0.10139561691623818
103,late,pick_two_obj_and_place,4,2,0.03903372257569425
103,late,pick_heat_then_place_in_recep,4,1,0.02599442160108615
103,late,pick_heat_then_place_in_recep,4,2,0.014908059863849304
103,late,pick_two_obj_and_place,4,1,0.06402186603703547
103,late,pick_two_obj_and_place,4,2,0.034037729354832
103,late,pick_clean_then_place_in_recep,6,1,0.04016570099611473
103,late,pick_clean_then_place_in_recep,6,2,0.03096854348025177
103,late,pick_clean_then_place_in_recep,6,3,0.02222754456156623
103,late,pick_and_place,6,1,0.026561913529318207
103,late,pick_and_place,6,2,0.01590645647877724
103,late,pick_and_place,6,3,0.014986487880886554
103,late,look_at_obj_in_light,5,1,0.1138901537166955
103,late,look_at_obj_in_light,5,2,0.11389015371669585
103,late,look_at_obj_in_light,5,3,0.05694507685834789
103,late,look_at_obj_in_light,5,1,0.0537280792112101
103,late,look_at_obj_in_light,5,2,0.02932983784801038
103,late,look_at_obj_in_light,5,3,0.014253630094586214
103,late,pick_two_obj_and_place,4,1,0.06402186603703547
103,late,pick_two_obj_and_place,4,2,0.0640218660370355
103,late,pick_and_place,6,1,0.026561913529319043
103,late,pick_and_place,6,2,0.026561913529318207
103,late,pick_and_place,6,3,0.015312293830836621
103,late,pick_cool_then_place_in_recep,4,1,0.058884036770037694
103,late,pick_cool_then_place_in_recep,4,2,0.05888403677003716
104,late,pick_cool_then_place_in_recep,5,1,0.09922625471967905
104,late,pick_cool_then_place_in_recep,5,2,0.09922625471967884
104,late,pick_cool_then_place_in_recep,5,3,0.04961312735983941
104,late,pick_cool_then_place_in_recep,5,1,0.05847327010796919
104,late,pick_cool_then_place_in_recep,5,2,0.0315499201214539
104,late,pick_cool_then_place_in_recep,5,3,0.014255264031219333
104,late,pick_heat_then_place_in_recep,5,1,0.031432134360008114
104,late,pick_heat_then_place_in_recep,5,2,0.019356647772238254
104,late,pick_heat_then_place_in_recep,5,3,0.007184970011556771
104,late,pick_clean_then_place_in_recep,6,1,0.037842627801931185
104,late,pick_clean_then_place_in_recep,6,2,0.037842627801931136
104,late,pick_clean_then_place_in_recep,6,3,0.037842627801931095
104,late,pick_two_obj_and_place,5,1,0.11805809291384123
104,late,pick_two_obj_and_place,5,2,0.11805809291384098
104,late,pick_two_obj_and_place,5,3,0.059029046456920066
104,late,pick_clean_then_place_in_recep,6,1,0.037842627801931185
104,late,pick_clean_then_place_in_recep,6,2,0.037842627801931136
104,late,pick_clean_then_place_in_recep,6,3,0.03061201571134623
104,late,pick_two_obj_and_place,5,1,0.10405022197101846
104,late,pick_two_obj_and_place,5,2,0.08424437387269232
104,late,pick_two_obj_and_place,5,3,0.042122186936346014
104,late,pick_two_obj_and_place,5,1,0.061809954912235274
104,late,pick_two_obj_and_place,5,2,0.051904140834005824
104,late,pick_two_obj_and_place,5,3,0.01597666614270005
104,late,pick_two_obj_and_place,5,1,0.1073603929607127
104,late,pick_two_obj_and_place,5,2,0.10736039296071243
104,late,pick_two_obj_and_place,5,3,0.05368019648035611
104,late,pick_cool_then_place_in_recep,5,1,0.11507595049551048
104,late,pick_cool_then_place_in_recep,5,2,0.11077871963603807
104,late,pick_cool_then_place_in_recep,5,3,0.055994767802906575
104,late,look_at_obj_in_light,5,1,0.04738593881040107
104,late,look_at_obj_in_light,5,2,0.037406412724697975
104,late,look_at_obj_in_light,5,3,0.013323510868719154
104,late,pick_and_place,5,1,0.019360318445196856
104,late,pick_and_place,5,2,0.011293872755480782
104,late,pick_and_place,5,3,0.005480924028199593
104,late,pick_clean_then_place_in_recep,6,1,0.03784262780193079
104,late,pick_clean_then_place_in_recep,6,2,0.022081250315565383
104,late,pick_clean_then_place_in_recep,6,3,0.02155888311678211
104,late,pick_cool_then_place_in_recep,5,1,0.1048457366131301
104,late,pick_cool_then_place_in_recep,5,2,0.09653834355263154
104,late,pick_cool_then_place_in_recep,5,3,0.04309446596480678
105,late,pick_and_place,3,1,0.012930496738191287
105,late,pick_and_place,3,2,0.006465248369096393
105,late,pick_and_place,6,1,0.01745348749318332
105,late,pick_and_place,6,2,0.014256762104644223
105,late,pick_and_place,6,3,0.010346523864304319
105,late,pick_clean_then_place_in_recep,6,1,0.033228536782791675
105,late,pick_clean_then_place_in_recep,6,2,0.0332285367827917
105,late,pick_clean_then_place_in_recep,6,3,0.02634497657398778
105,late,look_at_obj_in_light,5,1,0.1005194934830467
105,late,look_at_obj_in_light,5,2,0.059577530586826716
105,late,look_at_obj_in_light,5,3,0.021446501848033858
105,late,pick_heat_then_place_in_recep,5,1,0.021568508000285175
105,late,pick_heat_then_place_in_recep,5,2,0.02085220381380524
105,late,pick_heat_then_place_in_recep,5,3,0.008601699894748592
105,late,pick_cool_then_place_in_recep,4,1,0.11772264712477698
105,late,pick_cool_then_place_in_recep,4,2,0.11772264712477676
105,late,pick_two_obj_and_place,5,1,0.10594580601725975
105,late,pick_two_obj_and_place,5,2,0.0890058711265138
105,late,pick_two_obj_and_place,5,3,0.01864946407758126
105,late,pick_two_obj_and_place,5,1,0.05506482804256076
105,late,pick_two_obj_and_place,5,2,0.03764368988401172
105,late,pick_two_obj_and_place,5,3,0.016724813832668283
105,late,pick_and_place,3,1,0.09041140192390967
105,late,pick_and_place,3,2,0.019606911742534178
105,late,look_at_obj_in_light,5,1,0.11857381036753029
105,late,look_at_obj_in_light,5,2,0.11857381036753042
105,late,look_at_obj_in_light,5,3,0.0592869051837652
105,late,pick_two_obj_and_place,5,1,0.08900587112651251
105,late,pick_two_obj_and_place,5,2,0.08900587112651245
105,late,pick_two_obj_and_place,5,3,0.0445029355632572
105,late,pick_two_obj_and_place,5,1,0.0676127246705649
105,late,pick_two_obj_and_place,5,2,0.05506482804255999
105,late,pick_two_obj_and_place,5,3,0.016385224176733413
105,late,pick_clean_then_place_in_recep,6,1,0.033228536782791675
105,late,pick_clean_then_place_in_recep,6,2,0.018930695460521237
105,late,pick_clean_then_place_in_recep,6,3,0.0188244678530095
105,late,pick_heat_then_place_in_recep,5,1,0.029984933926334435
105,late,pick_heat_then_place_in_recep,5,2,0.02102241017140776
105,late,pick_heat_then_place_in_recep,5,3,0.007293543127388681
105,late,look_at_obj_in_light,5,1,0.043207038428158866
105,late,look_at_obj_in_light,5,2,0.03415282018319035
105,late,look_at_obj_in_light,5,3,0.012549300969110234
106,late,pick_two_obj_and_place,5,1,0.11762206827717764
106,late,pick_two_obj_and_place,5,2,0.11762206827717785
106,late,pick_two_obj_and_place,5,3,0.058811034138588916
106,late,pick_two_obj_and_place,5,1,0.10650269424691139
106,late,pick_two_obj_and_place,5,2,0.1065026942469116
106,late,pick_two_obj_and_place,5,3,0.05325134712345575
106,late,pick_and_place,6,1,0.1248145850360727
106,late,pick_and_place,6,2,0.12481458503607235
106,late,pick_and_place,6,3,0.11818931072042578
106,late,pick_and_place,4,1,0.014616433599657424
106,late,pick_and_place,4,2,0.014616433599656522
106,late,pick_and_place,3,1,0.013427726191970461
106,late,pick_and_place,3,2,0.006713863095985226
106,late,look_at_obj_in_light,5,1,0.04739805066172044
106,late,look_at_obj_in_light,5,2,0.038474350359769816
106,late,look_at_obj_in_light,5,3,0.013829049246901648
106,late,pick_heat_then_place_in_recep,6,1,0.0375078371760898
106,late,pick_heat_then_place_in_recep,6,2,0.029005312655702595
106,late,pick_heat_then_place_in_recep,6,3,0.020463327334295078
106,late,pick_heat_then_place_in_recep,6,1,0.1245263315826981
106,late,pick_heat_then_place_in_recep,6,2,0.12452633158269767
106,late,pick_heat_then_place_in_recep,6,3,0.09133663513119195
106,late,pick_two_obj_and_place,5,1,0.062486400045554086
106,late,pick_two_obj_and_place,5,2,0.05250496246432605
106,late,pick_two_obj_and_place,5,3,0.016119051228618758
106,late,pick_two_obj_and_place,5,1,0.0850330789215013
106,late,pick_two_obj_and_place,5,2,0.04209108156650264
106,late,pick_two_obj_and_place,5,3,0.0210188530818361
106,late,pick_cool_then_place_in_recep,4,1,0.04823220984120813
106,late,pick_cool_then_place_in_recep,4,2,0.029944750681033576
106,late,pick_two_obj_and_place,5,1,0.062486400045551053
106,late,pick_two_obj_and_place,5,2,0.06248640004555113
106,late,pick_two_obj_and_place,5,3,0.031243200022775884
106,late,pick_heat_then_place_in_recep,6,1,0.11426365603934102
106,late,pick_heat_then_place_in_recep,6,2,0.11426365603934066
106,late,pick_heat_then_place_in_recep,6,3,0.11426365603934038
106,late,look_at_obj_in_light,5,1,0.047398050661721244
106,late,look_at_obj_in_light,5,2,0.047398050661721106
106,late,look_at_obj_in_light,5,3,0.014775325028909278
107,late,pick_heat_then_place_in_recep,5,1,0.04107990268132742
107,late,pick_heat_then_place_in_recep,5,2,0.034534121639111764
107,late,pick_heat_then_place_in_recep,5,3,0.012694387832470254
107,late,pick_heat_then_place_in_recep,5,1,0.04107990268132823
107,late,pick_heat_then_place_in_recep,5,2,0.041079902681327385
107,late,pick_heat_then_place_in_recep,5,3,0.011952949618557977
107,late,pick_heat_then_place_in_recep,5,1,0.031640349200941706
107,late,pick_heat_then_place_in_recep,5,2,0.019482806617403547
107,late,pick_heat_then_place_in_recep,5,3,0.0072394963249826525
107,late,pick_clean_then_place_in_recep,6,1,0.02990717176670327
107,late,pick_clean_then_place_in_recep,6,2,0.02331112877483666
107,late,pick_clean_then_place_in_recep,6,3,0.015119139799408758
107,late,pick_two_obj_and_place,5,1,0.12319017829879686
107,late,pick_two_obj_and_place,5,2,0.12319017829879716
107,late,pick_two_obj_and_place,5,3,0.06159508914939855
107,late,pick_cool_then_place_in_recep,4,1,0.0525926656355403
107,late,pick_cool_then_place_in_recep,4,2,0.0314624589977166
107,late,pick_heat_then_place_in_recep,5,1,0.04107990268132783
107,late,pick_heat_then_place_in_recep,5,2,0.023905899237116415
107,late,pick_heat_then_place_in_recep,5,3,0.006584549944105425
107,late,pick_two_obj_and_place,5,1,0.04943797507573504
107,late,pick_two_obj_and_place,5,2,0.035094707834993126
107,late,pick_two_obj_and_place,5,3,0.016203030426108215
107,late,pick_heat_then_place_in_recep,5,1,0.04107990268132823
107,late,pick_heat_then_place_in_recep,5,2,0.03164034920094169
107,late,pick_heat_then_place_in_recep,5,3,0.011952949618558003
107,late,pick_cool_then_place_in_recep,4,1,0.08420214265448979
107,late,pick_cool_then_place_in_recep,4,2,0.08420214265448955
107,late,pick_two_obj_and_place,5,1,0.11666217183920645
107,late,pick_two_obj_and_place,5,2,0.11666217183920638
107,late,pick_two_obj_and_place,5,3,0.0583310859196031
107,late,pick_clean_then_place_in_recep,3,1,0.014806773781900798
107,late,pick_clean_then_place_in_recep,3,2,0.005526088967401926
107,late,look_at_obj_in_light,5,1,0.0318140952173776
107,late,look_at_obj_in_light,5,2,0.022311448976241488
107,late,look_at_obj_in_light,5,3,0.010742601359689765
108,late,pick_heat_then_place_in_recep,6,1,0.10984673793081046
108,late,pick_heat_then_place_in_recep,6,2,0.08726126791983864
108,late,pick_heat_then_place_in_recep,6,3,0.06912972546584073
108,late,pick_clean_then_place_in_recep,5,1,0.0214348015375993
108,late,pick_clean_then_place_in_recep,5,2,0.012256503662842286
108,late,pick_clean_then_place_in_recep,5,3,0.006269491582219589
108,late,pick_heat_then_place_in_recep,6,1,0.035995911191447245
108,late,pick_heat_then_place_in_recep,6,2,0.020401751577654156
108,late,pick_heat_then_place_in_recep,6,3,0.019802350643823807
108,late,pick_cool_then_place_in_recep,4,1,0.057003482401681106
108,late,pick_cool_then_place_in_recep,4,2,0.034099822303305355
108,late,pick_clean_then_place_in_recep,6,1,0.02553717534100227
108,late,pick_clean_then_place_in_recep,6,2,0.025537175341002263
108,late,pick_clean_then_place_in_recep,6,3,0.020275705399789238
108,late,pick_two_obj_and_place,5,1,0.06576290002262032
108,late,pick_two_obj_and_place,5,2,0.03151060910254251
108,late,pick_two_obj_and_place,5,3,0.0134239483342674
108,late,pick_cool_then_place_in_recep,4,1,0.05700348240167977
108,late,pick_cool_then_place_in_recep,4,2,0.038316328076101344
108,late,pick_two_obj_and_place,5,1,0.06576290002262096
108,late,pick_two_obj_and_place,5,2,0.0657629000226218
108,late,pick_two_obj_and_place,5,3,0.032881450011310834
108,late,pick_cool_then_place_in_recep,4,1,0.04624856217184063
108,late,pick_cool_then_place_in_recep,4,2,0.024588111319993756
108,late,pick_clean_then_place_in_recep,6,1,0.02553717534100227
108,late,pick_clean_then_place_in_recep,6,2,0.025537175341002263
108,late,pick_clean_then_place_in_recep,6,3,0.014994386623938604
109,late,pick_two_obj_and_place,5,1,0.04429177804807535
109,late,pick_two_obj_and_place,5,2,0.03122499740426391
109,late,pick_two_obj_and_place,5,3,0.01609729366664558
109,late,pick_two_obj_and_place,5,1,0.10488254217592705
109,late,pick_two_obj_and_place,5,2,0.10488254217592721
109,late,pick_two_obj_and_place,5,3,0.05244127108796355
109,late,pick_clean_then_place_in_recep,6,1,0.02221571196682188
109,late,pick_clean_then_place_in_recep,6,2,0.017446789568807745
109,late,pick_clean_then_place_in_recep,6,3,0.012900114647306317
109,late,look_at_obj_in_light,5,1,0.11590493285362499
109,late,look_at_obj_in_light,5,2,0.11060562273118207
109,late,look_at_obj_in_light,5,3,0.05601753359268853
109,late,pick_heat_then_place_in_recep,6,1,0.03774831230477095
109,late,pick_heat_then_place_in_recep,6,2,0.02315653966687889
109,late,pick_heat_then_place_in_recep,6,3,0.020167584947022754
109,late,look_at_obj_in_light,5,1,0.027492972462360186
109,late,look_at_obj_in_light,5,2,0.01716888898927405
109,late,look_at_obj_in_light,5,3,0.006986820878106786
109,late,pick_heat_then_place_in_recep,6,1,0.03774831230477122
109,late,pick_heat_then_place_in_recep,6,2,0.037748312304769986
109,late,pick_heat_then_place_in_recep,6,3,0.03155811726237976
109,late,pick_heat_then_place_in_recep,3,1,0.025926024761070265
109,late,pick_heat_then_place_in_recep,3,2,0.007314621347447434
109,late,look_at_obj_in_light,5,1,0.028600445284351593
109,late,look_at_obj_in_light,5,2,0.021233078479531105
109,late,look_at_obj_in_light,5,3,0.01015630893243856
109,late,pick_and_place,4,1,0.08495622891709328
109,late,pick_and_place,4,2,0.024319336092221894
109,late,look_at_obj_in_light,5,1,0.035473688399941944
109,late,look_at_obj_in_light,5,2,0.035473688399940334
109,late,look_at_obj_in_light,5,3,0.0177368441999695
109,late,pick_cool_then_place_in_recep,5,1,0.05134462334282641
109,late,pick_cool_then_place_in_recep,5,2,0.026756797046197277
109,late,pick_cool_then_place_in_recep,5,3,0.01330056875063701
109,late,pick_and_place,6,1,0.08674892451294504
109,late,pick_and_place,6,2,0.04053246083216261
109,late,pick_and_place,6,3,0.032818731555897
109,late,pick_clean_then_place_in_recep,6,1,0.02221571196682188
109,late,pick_clean_then_place_in_recep,6,2,0.022215711966821785
109,late,pick_clean_then_place_in_recep,6,3,0.022215711966821695
110,late,pick_two_obj_and_place,5,1,0.06127469044925935
110,late,pick_two_obj_and_place,5,2,0.06127469044925767
110,late,pick_two_obj_and_place,5,3,0.019149220314510523
110,late,look_at_obj_in_light,5,1,0.020010955934268028
110,late,look_at_obj_in_light,5,2,0.016046138477924337
110,late,look_at_obj_in_light,5,3,0.006760967534064039
110,late,pick_cool_then_place_in_recep,5,1,0.04654467636512451
110,late,pick_cool_then_place_in_recep,5,2,0.03675223260209796
110,late,pick_cool_then_place_in_recep,5,3,0.013550915364994455
110,late,pick_two_obj_and_place,5,1,0.10052812074625175
110,late,pick_two_obj_and_place,5,2,0.10052812074625157
110,late,pick_two_obj_and_place,5,3,0.05026406037312575
110,late,pick_heat_then_place_in_recep,6,1,0.031787741253399435
110,late,pick_heat_then_place_in_recep,6,2,0.025661882424253924
110,late,pick_heat_then_place_in_recep,6,3,0.017105829249174698
110,late,pick_clean_then_place_in_recep,6,1,0.020811406854136672
110,late,pick_clean_then_place_in_recep,6,2,0.016365072624901136
110,late,pick_clean_then_place_in_recep,6,3,0.01205132030288708
110,late,look_at_obj_in_light,5,1,0.028252245659203718
110,late,look_at_obj_in_light,5,2,0.02066425084192937
110,late,look_at_obj_in_light,5,3,0.0076540901334906835
110,late,pick_two_obj_and_place,5,1,0.10052812074625175
110,late,pick_two_obj_and_place,5,2,0.10052812074625167
110,late,pick_two_obj_and_place,5,3,0.050264060373125787
110,late,pick_clean_then_place_in_recep,6,1,0.02081140685413671
110,late,pick_clean_then_place_in_recep,6,2,0.020811406854137512
110,late,pick_clean_then_place_in_recep,6,3,0.020811406854137435
110,late,pick_cool_then_place_in_recep,5,1,0.046544676365126096
110,late,pick_cool_then_place_in_recep,5,2,0.026959788839070124
110,late,pick_cool_then_place_in_recep,5,3,0.012344728734382996
111,late,pick_and_place,3,1,0.04876177467404675
111,late,pick_and_place,3,2,0.02849253287461237
111,late,pick_cool_then_place_in_recep,5,1,0.0403003888798652
111,late,pick_cool_then_place_in_recep,5,2,0.022651224620748527
111,late,pick_cool_then_place_in_recep,5,3,0.011524912658468932
111,late,look_at_obj_in_light,6,1,0.03687300795459131
111,late,look_at_obj_in_light,6,2,0.028534229082545375
111,late,look_at_obj_in_light,6,3,0.021304221264347504
111,late,pick_two_obj_and_place,4,1,0.06364396849501137
111,late,pick_two_obj_and_place,4,2,0.0356653408264417
111,late,pick_two_obj_and_place,4,1,0.06364396849501137
111,late,pick_two_obj_and_place,4,2,0.047553787768587485
111,late,pick_cool_then_place_in_recep,5,1,0.11798529625172247
111,late,pick_cool_then_place_in_recep,5,2,0.11798529625172244
111,late,pick_cool_then_place_in_recep,5,3,0.058992648125861
111,late,pick_cool_then_place_in_recep,5,1,0.12479801745653403
111,late,pick_cool_then_place_in_recep,5,2,0.08648968696293785
111,late,pick_cool_then_place_in_recep,5,3,0.017584510816990882
111,late,pick_cool_then_place_in_recep,5,1,0.12479801745653403
111,late,pick_cool_then_place_in_recep,5,2,0.11109362927481146
111,late,pick_cool_then_place_in_recep,5,3,0.02339805521266296
111,late,pick_clean_then_place_in_recep,3,1,0.011373384246685289
111,late,pick_clean_then_place_in_recep,3,2,0.005686692123342646
111,late,pick_two_obj_and_place,4,1,0.1050434936222113
111,late,pick_two_obj_and_place,4,2,0.0866834865281392
111,late,pick_and_place,6,1,0.08114695225905724
111,late,pick_and_place,6,2,0.022675066395673238
111,late,pick_and_place,6,3,0.017771730278470826
112,late,pick_clean_then_place_in_recep,6,1,0.06780501832058246
112,late,pick_clean_then_place_in_recep,6,2,0.06780501832058075
112,late,pick_clean_then_place_in_recep,6,3,0.06780501832058212
112,late,pick_clean_then_place_in_recep,6,1,0.01659632090075185
112,late,pick_clean_then_place_in_recep,6,2,0.016596320900753334
112,late,pick_clean_then_place_in_recep,6,3,0.016596320900751575
112,late,pick_two_obj_and_place,5,1,0.10162871765881572
112,late,pick_two_obj_and_place,5,2,0.10162871765881573
112,late,pick_two_obj_and_place,5,3,0.05081435882940788
112,late,pick_cool_then_place_in_recep,5,1,0.10194306337490297
112,late,pick_cool_then_place_in_recep,5,2,0.10194306337490272
112,late,pick_cool_then_place_in_recep,5,3,0.0509715316874513
112,late,look_at_obj_in_light,5,1,0.029253861837666827
112,late,look_at_obj_in_light,5,2,0.017187218988375136
112,late,look_at_obj_in_light,5,3,0.008456809742955321
112,late,pick_cool_then_place_in_recep,5,1,0.07065005234345585
112,late,pick_cool_then_place_in_recep,5,2,0.03676884093242941
112,late,pick_cool_then_place_in_recep,5,3,0.012782333816209303
112,late,pick_clean_then_place_in_recep,6,1,0.01659632090075185
112,late,pick_clean_then_place_in_recep,6,2,0.013433940299844013
112,late,pick_clean_then_place_in_recep,6,3,0.010046411614232148
112,late,pick_two_obj_and_place,5,1,0.06086869938427632
112,late,pick_two_obj_and_place,5,2,0.06086869938427629
112,late,pick_two_obj_and_place,5,3,0.030434349692138138
112,late,pick_clean_then_place_in_recep,6,1,0.11749351843431396
112,late,pick_clean_then_place_in_recep,6,2,0.11749351843431377
112,late,pick_clean_then_place_in_recep,6,3,0.11749351843431369
112,late,pick_cool_then_place_in_recep,5,1,0.04739736581457282
112,late,pick_cool_then_place_in_recep,5,2,0.040158667177606445
112,late,pick_cool_then_place_in_recep,5,3,0.013057835642343158
113,late,pick_two_obj_and_place,5,1,0.12282768298102917
113,late,pick_two_obj_and_place,5,2,0.10603554486745365
113,late,pick_two_obj_and_place,5,3,0.0418373423604959
113,late,pick_clean_then_place_in_recep,5,1,0.1239740352813195
113,late,pick_clean_then_place_in_recep,5,2,0.12397403528131916
113,late,pick_clean_then_place_in_recep,5,3,0.06198701764065956
113,late,pick_heat_then_place_in_recep,5,1,0.02424076307025268
113,late,pick_heat_then_place_in_recep,5,2,0.014982936601165259
113,late,pick_heat_then_place_in_recep,5,3,0.00692347506284388
113,late,pick_cool_then_place_in_recep,5,1,0.12340566817259752
113,late,pick_cool_then_place_in_recep,5,2,0.12340566817259713
113,late,pick_cool_then_place_in_recep,5,3,0.050751943679869335
113,late,pick_cool_then_place_in_recep,5,1,0.09015087648614287
113,late,pick_cool_then_place_in_recep,5,2,0.05981751255765671
113,late,pick_cool_then_place_in_recep,5,3,0.016915618446197385
113,late,pick_two_obj_and_place,5,1,0.12282768298102917
113,late,pick_two_obj_and_place,5,2,0.10603554486745395
113,late,pick_two_obj_and_place,5,3,0.044621703376938965
113,late,pick_cool_then_place_in_recep,4,1,0.039156124577241685
113,late,pick_cool_then_place_in_recep,4,2,0.02189889939824781
113,late,pick_heat_then_place_in_recep,5,1,0.11605601490007575
113,late,pick_heat_then_place_in_recep,5,2,0.11605601490007596
113,late,pick_heat_then_place_in_recep,5,3,0.058028007450037944
113,late,pick_clean_then_place_in_recep,6,1,0.1221523639659346
113,late,pick_clean_then_place_in_recep,6,2,0.1221523639659344
113,late,pick_clean_then_place_in_recep,6,3,0.1221523639659346
113,late,pick_cool_then_place_in_recep,5,1,0.05744861308625778
113,late,pick_cool_then_place_in_recep,5,2,0.032947506815644206
113,late,pick_cool_then_place_in_recep,5,3,0.01492596421899266
114,late,look_at_obj_in_light,5,1,0.02558880270185058
114,late,look_at_obj_in_light,5,2,0.015843789339276864
114,late,look_at_obj_in_light,5,3,0.007288303601147012
114,late,pick_cool_then_place_in_recep,5,1,0.04224741117800932
114,late,pick_cool_then_place_in_recep,5,2,0.030352300879923296
114,late,pick_cool_then_place_in_recep,5,3,0.015461475170740271
114,late,look_at_obj_in_light,4,1,0.017436943474555766
114,late,look_at_obj_in_light,4,2,0.012610842886478062
114,late,pick_clean_then_place_in_recep,6,1,0.09636041066260456
114,late,pick_clean_then_place_in_recep,6,2,0.07919004946287846
114,late,pick_clean_then_place_in_recep,6,3,0.026512985329051168
114,late,pick_two_obj_and_place,4,1,0.06576997649037696
114,late,pick_two_obj_and_place,4,2,0.04098103337588688
114,late,pick_clean_then_place_in_recep,6,1,0.1247093440400151
114,late,pick_clean_then_place_in_recep,6,2,0.12470934404001513
114,late,pick_clean_then_place_in_recep,6,3,0.12470934404001478
114,late,pick_two_obj_and_place,4,1,0.05565383370226491
114,late,pick_two_obj_and_place,4,2,0.028508858925790383
114,late,pick_two_obj_and_place,4,1,0.0402626834553835
114,late,pick_two_obj_and_place,4,2,0.0181919990679329
114,late,pick_cool_then_place_in_recep,5,1,0.0839515337412216
114,late,pick_cool_then_place_in_recep,5,2,0.06887015110760544
114,late,pick_cool_then_place_in_recep,5,3,0.018341588497195388
114,late,pick_clean_then_place_in_recep,6,1,0.0406064829515101
114,late,pick_clean_then_place_in_recep,6,2,0.04060648295151059
114,late,pick_clean_then_place_in_recep,6,3,0.02197856780485846
114,late,pick_clean_then_place_in_recep,6,1,0.040606482951510904
114,late,pick_clean_then_place_in_recep,6,2,0.022809323858940418
114,late,pick_clean_then_place_in_recep,6,3,0.016451297451212474
114,late,look_at_obj_in_light,5,1,0.02558880270184974
114,late,look_at_obj_in_light,5,2,0.020031940300773113
114,late,look_at_obj_in_light,5,3,0.007237538949847779
114,late,pick_two_obj_and_place,4,1,0.10295595249854994
114,late,pick_two_obj_and_place,4,2,0.0931424633872394
114,late,pick_two_obj_and_place,4,1,0.08607880012538263
114,late,pick_two_obj_and_place,4,2,0.0816706437771712
114,late,pick_clean_then_place_in_recep,6,1,0.11709667745784086
114,late,pick_clean_then_place_in_recep,6,2,0.11709667745784066
114,late,pick_clean_then_place_in_recep,6,3,0.1170966774578405
115,late,pick_clean_then_place_in_recep,3,1,0.10182961860758512
115,late,pick_clean_then_place_in_recep,3,2,0.05091480930379252
115,late,pick_cool_then_place_in_recep,5,1,0.05246158955242326
115,late,pick_cool_then_place_in_recep,5,2,0.02988088156102229
115,late,pick_cool_then_place_in_recep,5,3,0.013848016805939473
115,late,pick_cool_then_place_in_recep,5,1,0.05246158955242326
115,late,pick_cool_then_place_in_recep,5,2,0.04266857306534773
115,late,pick_cool_then_place_in_recep,5,3,0.014664268567570544
115,late,pick_two_obj_and_place,5,1,0.10690431209935794
115,late,pick_two_obj_and_place,5,2,0.1069043120993578
115,late,pick_two_obj_and_place,5,3,0.053452156049678894
115,late,pick_two_obj_and_place,5,1,0.11857174763751122
115,late,pick_two_obj_and_place,5,2,0.11157047713015422
115,late,pick_two_obj_and_place,5,3,0.03521912042335227
115,late,pick_cool_then_place_in_recep,5,1,0.052461589552422826
115,late,pick_cool_then_place_in_recep,5,2,0.028014619545588995
115,late,pick_cool_then_place_in_recep,5,3,0.007459014693141962
115,late,pick_two_obj_and_place,5,1,0.05519120560913954
115,late,pick_two_obj_and_place,5,2,0.028213046076911427
115,late,pick_two_obj_and_place,5,3,0.012560280108503592
115,late,pick_heat_then_place_in_recep,5,1,0.03005884306634076
115,late,pick_heat_then_place_in_recep,5,2,0.01679707513693168
115,late,pick_heat_then_place_in_recep,5,3,0.008679623652371547
115,late,pick_heat_then_place_in_recep,5,1,0.024201853290931125
115,late,pick_heat_then_place_in_recep,5,2,0.016797075136930965
115,late,pick_heat_then_place_in_recep,5,3,0.008703633263061481
115,late,pick_heat_then_place_in_recep,5,1,0.11198102013303377
115,late,pick_heat_then_place_in_recep,5,2,0.1119810201330335
115,late,pick_heat_then_place_in_recep,5,3,0.055990510066516785
115,late,pick_two_obj_and_place,5,1,0.11857174763751085
115,late,pick_two_obj_and_place,5,2,0.11857174763751105
115,late,pick_two_obj_and_place,5,3,0.05928587381875556
115,late,look_at_obj_in_light,3,1,0.015522881048556649
115,late,look_at_obj_in_light,3,2,0.00776144052427876
116,late,pick_and_place,6,1,0.12487026451874988
116,late,pick_and_place,6,2,0.120878674805031
116,late,pick_and_place,6,3,0.06258029311644843
116,late,look_at_obj_in_light,5,1,0.1249103772563113
116,late,look_at_obj_in_light,5,2,0.12491037725631099
116,late,look_at_obj_in_light,5,3,0.06245518862815542
116,late,pick_cool_then_place_in_recep,5,1,0.023629843049399885
116,late,pick_cool_then_place_in_recep,5,2,0.019846730498083043
116,late,pick_cool_then_place_in_recep,5,3,0.007100957963724018
116,late,pick_two_obj_and_place,5,1,0.06574724487080469
116,late,pick_two_obj_and_place,5,2,0.06574724487080452
116,late,pick_two_obj_and_place,5,3,0.03287362243540169
116,late,pick_clean_then_place_in_recep,5,1,0.050489157982642315
116,late,pick_clean_then_place_in_recep,5,2,0.03236293358135721
116,late,pick_clean_then_place_in_recep,5,3,0.013476031369058731
116,late,pick_heat_then_place_in_recep,5,1,0.11422095941810462
116,late,pick_heat_then_place_in_recep,5,2,0.11422095941810456
116,late,pick_heat_then_place_in_recep,5,3,0.05711047970905227
116,late,pick_cool_then_place_in_recep,5,1,0.033905374312711574
116,late,pick_cool_then_place_in_recep,5,2,0.024636408185347902
116,late,pick_cool_then_place_in_recep,5,3,0.0118149215247004
116,late,pick_cool_then_place_in_recep,3,1,0.026909984881643936
116,late,pick_cool_then_place_in_recep,3,2,0.006842526318702041
116,late,pick_clean_then_place_in_recep,5,1,0.0504891579826431
116,late,pick_clean_then_place_in_recep,5,2,0.05048915798264308
116,late,pick_clean_then_place_in_recep,5,3,0.02524457899132154
116,late,pick_clean_then_place_in_recep,4,1,0.03335934365810035
116,late,pick_clean_then_place_in_recep,4,2,0.014017628278351936
116,late,pick_heat_then_place_in_recep,5,1,0.034561392275231244
116,late,pick_heat_then_place_in_recep,5,2,0.027390928540032482
116,late,pick_heat_then_place_in_recep,5,3,0.009531328447336767
117,late,pick_cool_then_place_in_recep,6,1,0.11766895024812309
117,late,pick_cool_then_place_in_recep,6,2,0.11766895024812268
117,late,pick_cool_then_place_in_recep,6,3,0.11766895024812246
117,late,pick_and_place,5,1,0.1244283900399434
117,late,pick_and_place,5,2,0.12442839003994317
117,late,pick_and_place,5,3,0.06221419501997146
117,late,look_at_obj_in_light,4,1,0.019699320357149486
117,late,look_at_obj_in_light,4,2,0.015506237974224032
117,late,pick_and_place,6,1,0.12491798639045781
117,late,pick_and_place,6,2,0.12491798639045718
117,late,pick_and_place,6,3,0.12491798639045693
117,late,pick_cool_then_place_in_recep,4,1,0.032587866075658674
117,late,pick_cool_then_place_in_recep,4,2,0.018984866963663
117,late,pick_two_obj_and_place,5,1,0.12335091515852295
117,late,pick_two_obj_and_place,5,2,0.11127063725784743
117,late,pick_two_obj_and_place,5,3,0.024419985321068573
117,late,pick_two_obj_and_place,5,1,0.06033774880324288
117,late,pick_two_obj_and_place,5,2,0.0474231605942335
117,late,pick_two_obj_and_place,5,3,0.01725428619261229
117,late,pick_two_obj_and_place,5,1,0.09971972430654051
117,late,pick_two_obj_and_place,5,2,0.09971972430654012
117,late,pick_two_obj_and_place,5,3,0.04985986215326997
117,late,pick_cool_then_place_in_recep,5,1,0.0364253329348785
117,late,pick_cool_then_place_in_recep,5,2,0.019977735249356428
117,late,pick_cool_then_place_in_recep,5,3,0.009968635883491844
117,late,pick_clean_then_place_in_recep,5,1,0.10634839723976655
117,late,pick_clean_then_place_in_recep,5,2,0.10634839723976651
117,late,pick_clean_then_place_in_recep,5,3,0.05317419861988331
117,late,pick_clean_then_place_in_recep,4,1,0.028881141746061573
117,late,pick_clean_then_place_in_recep,4,2,0.0162909454098967
117,late,pick_clean_then_place_in_recep,5,1,0.04183599875910336
117,late,pick_clean_then_place_in_recep,5,2,0.03308321042230817
117,late,pick_clean_then_place_in_recep,5,3,0.01266385887671132
118,late,pick_heat_then_place_in_recep,5,1,0.03683056074802917
118,late,pick_heat_then_place_in_recep,5,2,0.02017484190066066
118,late,pick_heat_then_place_in_recep,5,3,0.010087420950329721
118,late,look_at_obj_in_light,6,1,0.12499195261930712
118,late,look_at_obj_in_light,6,2,0.11154613990201145
118,late,look_at_obj_in_light,6,3,0.06283571923564513
118,late,pick_heat_then_place_in_recep,5,1,0.029704885416943393
118,late,pick_heat_then_place_in_recep,5,2,0.020174841900660385
118,late,pick_heat_then_place_in_recep,5,3,0.009839204108499299
118,late,pick_two_obj_and_place,4,1,0.11483691813907869
118,late,pick_two_obj_and_place,4,2,0.1018967614453408
118,late,pick_two_obj_and_place,4,1,0.12415397349357007
118,late,pick_two_obj_and_place,4,2,0.10495319404277832
118,late,pick_two_obj_and_place,4,1,0.0691168806080633
118,late,pick_two_obj_and_place,4,2,0.03883739802251366
118,late,pick_and_place,3,1,0.013044397274182879
118,late,pick_and_place,3,2,0.006522198637089762
118,late,pick_cool_then_place_in_recep,5,1,0.038341702240046474
118,late,pick_cool_then_place_in_recep,5,2,0.029622837155683705
118,late,pick_cool_then_place_in_recep,5,3,0.010455818637421514
118,late,pick_two_obj_and_place,4,1,0.04678372592960904
118,late,pick_two_obj_and_place,4,2,0.024087608036639806
118,late,pick_and_place,4,1,0.014098991838551822
118,late,pick_and_place,4,2,0.014098991838551787
118,late,pick_heat_then_place_in_recep,5,1,0.028502701324344997
118,late,pick_heat_then_place_in_recep,5,2,0.020841676672801734
118,late,pick_heat_then_place_in_recep,5,3,0.006079748894750199
118,late,pick_cool_then_place_in_recep,6,1,0.11696433792654355
118,late,pick_cool_then_place_in_recep,6,2,0.11696433792654332
118,late,pick_cool_then_place_in_recep,6,3,0.10043497635324852
118,late,pick_heat_then_place_in_recep,5,1,0.0807142134524893
118,late,pick_heat_then_place_in_recep,5,2,0.08071421345248914
118,late,pick_heat_then_place_in_recep,5,3,0.04035710672624452
119,late,pick_clean_then_place_in_recep,5,1,0.04324046207563043
119,late,pick_clean_then_place_in_recep,5,2,0.03417888239557504
119,late,pick_clean_then_place_in_recep,5,3,0.013146391696511134
119,late,pick_and_place,3,1,0.012155074092433637
119,late,pick_and_place,3,2,0.006077537046215965
119,late,pick_heat_then_place_in_recep,5,1,0.037606921584687876
119,late,pick_heat_then_place_in_recep,5,2,0.037606921584689236
119,late,pick_heat_then_place_in_recep,5,3,0.018803460792343414
119,late,pick_clean_then_place_in_recep,5,1,0.04324046207563051
119,late,pick_clean_then_place_in_recep,5,2,0.02415916658899278
119,late,pick_clean_then_place_in_recep,5,3,0.011274469030747997
119,late,pick_heat_then_place_in_recep,5,1,0.03760692158468855
119,late,pick_heat_then_place_in_recep,5,2,0.02250774877117998
119,late,pick_heat_then_place_in_recep,5,3,0.010756381057902806
119,late,pick_cool_then_place_in_recep,5,1,0.10544481218566926
119,late,pick_cool_then_place_in_recep,5,2,0.1054448121856689
119,late,pick_cool_then_place_in_recep,5,3,0.05272240609283437
119,late,pick_clean_then_place_in_recep,5,1,0.11706991384504584
119,late,pick_clean_then_place_in_recep,5,2,0.07837069635913464
119,late,pick_clean_then_place_in_recep,5,3,0.03918534817956708
119,late,pick_two_obj_and_place,5,1,0.03565559011296201
119,late,pick_two_obj_and_place,5,2,0.033262068347692145
119,late,pick_two_obj_and_place,5,3,0.015728478303996173
119,late,pick_two_obj_and_place,5,1,0.11675712876616418
119,late,pick_two_obj_and_place,5,2,0.11201672937103496
119,late,pick_two_obj_and_place,5,3,0.05024559345401462
119,late,pick_heat_then_place_in_recep,5,1,0.03760692158468937
119,late,pick_heat_then_place_in_recep,5,2,0.037606921584689375
119,late,pick_heat_then_place_in_recep,5,3,0.018803460792344687
119,late,pick_and_place,6,1,0.12271588123338399
119,late,pick_and_place,6,2,0.1029489926462902
119,late,pick_and_place,6,3,0.042516695769370685
119,late,pick_clean_then_place_in_recep,5,1,0.11032211863648697
119,late,pick_clean_then_place_in_recep,5,2,0.10167321445392569
119,late,pick_clean_then_place_in_recep,5,3,0.039528609879268164
120,late,pick_cool_then_place_in_recep,5,1,0.0498365120837464
120,late,pick_cool_then_place_in_recep,5,2,0.02611988314505391
120,late,pick_cool_then_place_in_recep,5,3,0.012989287531534178
120,late,pick_cool_then_place_in_recep,5,1,0.11502538126701636
120,late,pick_cool_then_place_in_recep,5,2,0.11078789841444568
120,late,pick_cool_then_place_in_recep,5,3,0.05327520778093789
120,late,look_at_obj_in_light,5,1,0.017518420739595718
120,late,look_at_obj_in_light,5,2,0.01272799181507111
120,late,look_at_obj_in_light,5,3,0.006426464465964992
120,late,pick_cool_then_place_in_recep,4,1,0.035690166481244644
120,late,pick_cool_then_place_in_recep,4,2,0.01839435737673447
120,late,pick_two_obj_and_place,5,1,0.0624660759271551
120,late,pick_two_obj_and_place,5,2,0.06246607592715505
120,late,pick_two_obj_and_place,5,3,0.015527044957941487
120,late,pick_two_obj_and_place,5,1,0.10514472166314168
120,late,pick_two_obj_and_place,5,2,0.09708718853323779
120,late,pick_two_obj_and_place,5,3,0.043469255860699996
120,late,pick_two_obj_and_place,5,1,0.10514472166314168
120,late,pick_two_obj_and_place,5,2,0.037286357200564474
120,late,pick_two_obj_and_place,5,3,0.016575232394622233
120,late,look_at_obj_in_light,5,1,0.0979849473340421
120,late,look_at_obj_in_light,5,2,0.07514984342360595
120,late,look_at_obj_in_light,5,3,0.0190810388897754
120,late,pick_heat_then_place_in_recep,6,1,0.03618703338758555
120,late,pick_heat_then_place_in_recep,6,2,0.02918096480347646
120,late,pick_heat_then_place_in_recep,6,3,0.01992965281145761
120,late,pick_and_place,3,1,0.010969722338698352
120,late,pick_and_place,3,2,0.0054848611693483285
120,late,pick_clean_then_place_in_recep,5,1,0.04590667986305588
120,late,pick_clean_then_place_in_recep,5,2,0.04590667986305556
120,late,pick_clean_then_place_in_recep,5,3,0.014289523538903122
120,late,pick_two_obj_and_place,5,1,0.1023324914329766
120,late,pick_two_obj_and_place,5,2,0.10233249143297637
120,late,pick_two_obj_and_place,5,3,0.051166245716488146
120,late,pick_two_obj_and_place,5,1,0.06246607592715521
120,late,pick_two_obj_and_place,5,2,0.03335267252557233
120,late,pick_two_obj_and_place,5,3,0.015527044957941426
120,late,pick_heat_then_place_in_recep,3,1,0.024788695276506262
120,late,pick_heat_then_place_in_recep,3,2,0.007026092849356725
121,late,pick_heat_then_place_in_recep,6,1,0.0958390585014604
121,late,pick_heat_then_place_in_recep,6,2,0.0721360554684317
121,late,pick_heat_then_place_in_recep,6,3,0.020904751223594545
121,late,pick_clean_then_place_in_recep,3,1,0.03278682158806024
121,late,pick_clean_then_place_in_recep,3,2,0.009604731840176402
121,late,look_at_obj_in_light,5,1,0.024967956910785256
121,late,look_at_obj_in_light,5,2,0.020112921723985683
121,late,look_at_obj_in_light,5,3,0.007088594908062937
121,late,pick_clean_then_place_in_recep,5,1,0.12471078645015034
121,late,pick_clean_then_place_in_recep,5,2,0.12471078645015005
121,late,pick_clean_then_place_in_recep,5,3,0.05979267966241538
121,late,pick_clean_then_place_in_recep,5,1,0.1002688738374684
121,late,pick_clean_then_place_in_recep,5,2,0.10026887383746803
121,late,pick_clean_then_place_in_recep,5,3,0.05013443691873389
121,late,pick_heat_then_place_in_recep,3,1,0.019714855790691176
121,late,pick_heat_then_place_in_recep,3,2,0.005977865679121987
121,late,pick_clean_then_place_in_recep,5,1,0.04158098225796804
121,late,pick_clean_then_place_in_recep,5,2,0.02240679238147028
121,late,pick_clean_then_place_in_recep,5,3,0.010628406821929958
121,late,pick_and_place,6,1,0.12498635402598554
121,late,pick_and_place,6,2,0.12498635402598564
121,late,pick_and_place,6,3,0.07420275710127754
121,late,pick_cool_then_place_in_recep,5,1,0.09995198338975833
121,late,pick_cool_then_place_in_recep,5,2,0.09995198338975819
121,late,pick_cool_then_place_in_recep,5,3,0.049975991694879096
121,late,pick_two_obj_and_place,5,1,0.06418861525023316
121,late,pick_two_obj_and_place,5,2,0.06418861525023245
121,late,pick_two_obj_and_place,5,3,0.018285696863411333
121,late,pick_two_obj_and_place,5,1,0.11619045140469277
121,late,pick_two_obj_and_place,5,2,0.11619045140469303
121,late,pick_two_obj_and_place,5,3,0.05809522570234636
121,late,pick_cool_then_place_in_recep,4,1,0.01834762272126828
121,late,pick_cool_then_place_in_recep,4,2,0.014835861893312926
121,late,pick_heat_then_place_in_recep,6,1,0.02796196033994413
121,late,pick_heat_then_place_in_recep,6,2,0.027961960339944067
121,late,pick_heat_then_place_in_recep,6,3,0.022181662038401037
122,late,look_at_obj_in_light,5,1,0.022823949456306867
122,late,look_at_obj_in_light,5,2,0.013671144718010047
122,late,look_at_obj_in_light,5,3,0.006502350579177492
122,late,pick_and_place,6,1,0.08358339099560554
122,late,pick_and_place,6,2,0.024880743520597784
122,late,pick_and_place,6,3,0.023503806342105027
122,late,pick_cool_then_place_in_recep,5,1,0.04000166171660638
122,late,pick_cool_then_place_in_recep,5,2,0.026602854638269176
122,late,pick_cool_then_place_in_recep,5,3,0.007746685754095017
122,late,pick_two_obj_and_place,5,1,0.10542187579264767
122,late,pick_two_obj_and_place,5,2,0.06126064938553788
122,late,pick_two_obj_and_place,5,3,0.01789134461721139
122,late,look_at_obj_in_light,5,1,0.022823949456306867
122,late,look_at_obj_in_light,5,2,0.01791432530733091
122,late,look_at_obj_in_light,5,3,0.00673775131668933
122,late,pick_cool_then_place_in_recep,4,1,0.12477333462327707
122,late,pick_cool_then_place_in_recep,4,2,0.12477333462327682
122,late,pick_two_obj_and_place,5,1,0.06293335859950334
122,late,pick_two_obj_and_place,5,2,0.035306643562098235
122,late,pick_two_obj_and_place,5,3,0.0160617208715476
122,late,pick_and_place,6,1,0.015500967651371248
122,late,pick_and_place,6,2,0.0155009676513729
122,late,pick_and_place,6,3,0.015500967651371324
122,late,pick_heat_then_place_in_recep,5,1,0.019717316001940363
122,late,pick_heat_then_place_in_recep,5,2,0.014257670503285608
122,late,pick_heat_then_place_in_recep,5,3,0.006987412840091929
122,late,pick_heat_then_place_in_recep,5,1,0.020247632500109063
122,late,pick_heat_then_place_in_recep,5,2,0.014257670503286062
122,late,pick_heat_then_place_in_recep,5,3,0.007009080316316972
122,late,look_at_obj_in_light,5,1,0.017914325307330944
122,late,look_at_obj_in_light,5,2,0.013004701158354998
122,late,look_at_obj_in_light,5,3,0.00656204543266464
122,late,pick_clean_then_place_in_recep,5,1,0.047205313286400485
122,late,pick_clean_then_place_in_recep,5,2,0.03609307289313397
122,late,pick_clean_then_place_in_recep,5,3,0.013194199554583421
123,late,pick_clean_then_place_in_recep,6,1,0.044570182990848715
123,late,pick_clean_then_place_in_recep,6,2,0.04457018299084799
123,late,pick_clean_then_place_in_recep,6,3,0.03427971931493743
123,late,pick_heat_then_place_in_recep,6,1,0.12038797039049014
123,late,pick_heat_then_place_in_recep,6,2,0.1203879703904899
123,late,pick_heat_then_place_in_recep,6,3,0.10077382518111051
123,late,pick_clean_then_place_in_recep,3,1,0.03165722247792234
123,late,pick_clean_then_place_in_recep,3,2,0.008780695608593998
123,late,pick_two_obj_and_place,5,1,0.058790828264285985
123,late,pick_two_obj_and_place,5,2,0.058790828264284556
123,late,pick_two_obj_and_place,5,3,0.029395414132142215
123,late,pick_two_obj_and_place,5,1,0.10086808513059436
123,late,pick_two_obj_and_place,5,2,0.10086808513059428
123,late,pick_two_obj_and_place,5,3,0.05043404256529713
123,late,pick_heat_then_place_in_recep,4,1,0.01611642147311151
123,late,pick_heat_then_place_in_recep,4,2,0.011511789821726594
123,late,look_at_obj_in_light,3,1,0.0142340817358009
123,late,look_at_obj_in_light,3,2,0.00711704086790045
123,late,pick_cool_then_place_in_recep,5,1,0.04882312088828376
123,late,pick_cool_then_place_in_recep,5,2,0.0282229392850371
123,late,pick_cool_then_place_in_recep,5,3,0.013689897188315165
123,late,pick_cool_then_place_in_recep,5,1,0.037254212298522486
123,late,pick_cool_then_place_in_recep,5,2,0.026954121496899797
123,late,pick_cool_then_place_in_recep,5,3,0.012842651854380601
123,late,pick_two_obj_and_place,5,1,0.0856664519078354
123,late,pick_two_obj_and_place,5,2,0.08566645190783362
123,late,pick_two_obj_and_place,5,3,0.04283322595391674
123,late,pick_two_obj_and_place,5,1,0.1236030803300077
123,late,pick_two_obj_and_place,5,2,0.09615321305116223
123,late,pick_two_obj_and_place,5,3,0.042833225953917135
124,late,pick_two_obj_and_place,5,1,0.031390268322395096
124,late,pick_two_obj_and_place,5,2,0.026813728378214302
124,late,pick_two_obj_and_place,5,3,0.00855385443308617
124,late,pick_two_obj_and_place,5,1,0.11457993095987522
124,late,pick_two_obj_and_place,5,2,0.11457993095987506
124,late,pick_two_obj_and_place,5,3,0.057289965479937435
124,late,pick_heat_then_place_in_recep,6,1,0.033049712719213545
124,late,pick_heat_then_place_in_recep,6,2,0.03304971271921334
124,late,pick_heat_then_place_in_recep,6,3,0.033049712719210735
124,late,pick_cool_then_place_in_recep,4,1,0.02165392510568177
124,late,pick_cool_then_place_in_recep,4,2,0.014230633446533407
124,late,pick_heat_then_place_in_recep,5,1,0.09506227532612507
124,late,pick_heat_then_place_in_recep,5,2,0.06520257023624011
124,late,pick_heat_then_place_in_recep,5,3,0.03260128511812055
124,late,pick_and_place,4,1,0.12097323866790954
124,late,pick_and_place,4,2,0.12097323866790938
124,late,pick_heat_then_place_in_recep,6,1,0.033049712719213545
124,late,pick_heat_then_place_in_recep,6,2,0.020304181860880937
124,late,pick_heat_then_place_in_recep,6,3,0.015663702223558194
124,late,pick_clean_then_place_in_recep,6,1,0.038909934875221805
124,late,pick_clean_then_place_in_recep,6,2,0.03890993487522189
124,late,pick_clean_then_place_in_recep,6,3,0.02192988706141087
124,late,pick_clean_then_place_in_recep,6,1,0.038909934875221805
124,late,pick_clean_then_place_in_recep,6,2,0.03890993487522257
124,late,pick_clean_then_place_in_recep,6,3,0.03890993487522178
124,late,pick_two_obj_and_place,5,1,0.04741062668763955
124,late,pick_two_obj_and_place,5,2,0.031390268322395096
124,late,pick_two_obj_and_place,5,3,0.016132647384832492
124,late,pick_clean_then_place_in_recep,5,1,0.018821188691661682
124,late,pick_clean_then_place_in_recep,5,2,0.015766886843891943
124,late,pick_clean_then_place_in_recep,5,3,0.005728850454035728
124,late,pick_two_obj_and_place,4,1,0.03590635225052272
124,late,pick_two_obj_and_place,4,2,0.03259249320626147
124,late,pick_cool_then_place_in_recep,5,1,0.11748572210800287
124,late,pick_cool_then_place_in_recep,5,2,0.1174857221080027
124,late,pick_cool_then_place_in_recep,5,3,0.05874286105400134
125,late,pick_two_obj_and_place,5,1,0.09007438815065297
125,late,pick_two_obj_and_place,5,2,0.05945440195902511
125,late,pick_two_obj_and_place,5,3,0.018312343318971525
125,late,pick_cool_then_place_in_recep,5,1,0.033915036156823425
125,late,pick_cool_then_place_in_recep,5,2,0.023635874703267497
125,late,pick_cool_then_place_in_recep,5,3,0.011891963860027666
125,late,pick_two_obj_and_place,5,1,0.11017175263797957
125,late,pick_two_obj_and_place,5,2,0.10303262060949617
125,late,pick_two_obj_and_place,5,3,0.03969234593652098
125,late,pick_two_obj_and_place,5,1,0.05788317703052811
125,late,pick_two_obj_and_place,5,2,0.04553310141152987
125,late,pick_two_obj_and_place,5,3,0.016591512896265162
125,late,look_at_obj_in_light,6,1,0.01606247199063003
125,late,look_at_obj_in_light,6,2,0.016062471990629986
125,late,look_at_obj_in_light,6,3,0.01606247199063072
125,late,pick_heat_then_place_in_recep,6,1,0.033721473762187135
125,late,pick_heat_then_place_in_recep,6,2,0.033721473762188446
125,late,pick_heat_then_place_in_recep,6,3,0.020185996300263603
125,late,pick_heat_then_place_in_recep,6,1,0.03372147376218689
125,late,pick_heat_then_place_in_recep,6,2,0.033721473762186926
125,late,pick_heat_then_place_in_recep,6,3,0.033721473762186954
125,late,pick_two_obj_and_place,5,1,0.05788317703052898
125,late,pick_two_obj_and_place,5,2,0.032721269957113594
125,late,pick_two_obj_and_place,5,3,0.014686771427554212
125,late,pick_two_obj_and_place,5,1,0.04697608704482501
125,late,pick_two_obj_and_place,5,2,0.0312782843238195
125,late,pick_two_obj_and_place,5,3,0.014705901091465003
125,late,pick_two_obj_and_place,5,1,0.04362835994281931
125,late,pick_two_obj_and_place,5,2,0.02937354285510866
125,late,pick_two_obj_and_place,5,3,0.014858526713637858
125,late,pick_two_obj_and_place,5,1,0.05788317703052921
125,late,pick_two_obj_and_place,5,2,0.031278284323818795
125,late,pick_two_obj_and_place,5,3,0.013812168796416838
125,late,pick_heat_then_place_in_recep,6,1,0.03372147376218689
125,late,pick_heat_then_place_in_recep,6,2,0.03372147376218713
125,late,pick_heat_then_place_in_recep,6,3,0.03372147376218691
126,late,pick_two_obj_and_place,5,1,0.1119972104145713
126,late,pick_two_obj_and_place,5,2,0.11199721041457149
126,late,pick_two_obj_and_place,5,3,0.055998605207285695
126,late,pick_and_place,4,1,0.027841200950313658
126,late,pick_and_place,4,2,0.016655347084393545
126,late,pick_heat_then_place_in_recep,6,1,0.027354000168041435
126,late,pick_heat_then_place_in_recep,6,2,0.021377181807389657
126,late,pick_heat_then_place_in_recep,6,3,0.015369543065032198
126,late,pick_cool_then_place_in_recep,5,1,0.03983482174435733
126,late,pick_cool_then_place_in_recep,5,2,0.021590535214596675
126,late,pick_cool_then_place_in_recep,5,3,0.01026226696461658
126,late,pick_two_obj_and_place,5,1,0.1119972104145713
126,late,pick_two_obj_and_place,5,2,0.11199721041457124
126,late,pick_two_obj_and_place,5,3,0.055998605207285605
126,late,pick_two_obj_and_place,5,1,0.05232688570340433
126,late,pick_two_obj_and_place,5,2,0.05232688570340423
126,late,pick_two_obj_and_place,5,3,0.026163442851702086
126,late,pick_cool_then_place_in_recep,5,1,0.021615081364842133
126,late,pick_cool_then_place_in_recep,5,2,0.019200834235348987
126,late,pick_cool_then_place_in_recep,5,3,0.007743673260234291
126,late,pick_heat_then_place_in_recep,6,1,0.027354000168040647
126,late,pick_heat_then_place_in_recep,6,2,0.027354000168041435
126,late,pick_heat_then_place_in_recep,6,3,0.015747505758474525
126,late,pick_clean_then_place_in_recep,6,1,0.029371900764031428
126,late,pick_clean_then_place_in_recep,6,2,0.02937190076403227
126,late,pick_clean_then_place_in_recep,6,3,0.024340166655791667
126,late,pick_two_obj_and_place,5,1,0.05232688570340276
126,late,pick_two_obj_and_place,5,2,0.05232688570340423
126,late,pick_two_obj_and_place,5,3,0.026163442851702086
126,late,pick_heat_then_place_in_recep,5,1,0.02390319567867729
126,late,pick_heat_then_place_in_recep,5,2,0.01358166570074751
126,late,pick_heat_then_place_in_recep,5,3,0.0067844542671293626
126,late,pick_two_obj_and_place,3,1,0.04428379383884318
126,late,pick_two_obj_and_place,3,2,0.022141896919421263
127,late,pick_cool_then_place_in_recep,4,1,0.029905640759462688
127,late,pick_cool_then_place_in_recep,4,2,0.02373343445023711
127,late,pick_heat_then_place_in_recep,4,1,0.04246943243798821
127,late,pick_heat_then_place_in_recep,4,2,0.02658269718848957
127,late,pick_heat_then_place_in_recep,5,1,0.016683527471862487
127,late,pick_heat_then_place_in_recep,5,2,0.012293933567689163
127,late,pick_heat_then_place_in_recep,5,3,0.005996281637370436
127,late,pick_heat_then_place_in_recep,6,1,0.02439066658754743
127,late,pick_heat_then_place_in_recep,6,2,0.01911489761519535
127,late,pick_heat_then_place_in_recep,6,3,0.012774271283470596
127,late,pick_heat_then_place_in_recep,6,1,0.02439066658754785
127,late,pick_heat_then_place_in_recep,6,2,0.01911583882212155
127,late,pick_heat_then_place_in_recep,6,3,0.013819673520671122
127,late,pick_two_obj_and_place,5,1,0.05779622639461591
127,late,pick_two_obj_and_place,5,2,0.057796226394615756
127,late,pick_two_obj_and_place,5,3,0.02071790434075342
127,late,pick_clean_then_place_in_recep,6,1,0.028118226591816144
127,late,pick_clean_then_place_in_recep,6,2,0.02811822659181615
127,late,pick_clean_then_place_in_recep,6,3,0.016166088449504075
127,late,pick_cool_then_place_in_recep,5,1,0.034255513583208885
127,late,pick_cool_then_place_in_recep,5,2,0.034255513583208906
127,late,pick_cool_then_place_in_recep,5,3,0.017127756791604058
127,late,pick_cool_then_place_in_recep,5,1,0.03425551358320971
127,late,pick_cool_then_place_in_recep,5,2,0.034255513583208254
127,late,pick_cool_then_place_in_recep,5,3,0.011428923476670915
127,late,pick_two_obj_and_place,4,1,0.053272685088413145
127,late,pick_two_obj_and_place,4,2,0.029112614231796577
127,late,pick_two_obj_and_place,5,1,0.05779622639461591
127,late,pick_two_obj_and_place,5,2,0.032676226016067185
127,late,pick_two_obj_and_place,5,3,0.0146061344783159
127,late,pick_two_obj_and_place,5,1,0.04356830135475809
127,late,pick_two_obj_and_place,5,2,0.02934037631489946
127,late,pick_two_obj_and_place,5,3,0.014983431641508045
128,late,pick_clean_then_place_in_recep,3,1,0.017373204376222043
128,late,pick_clean_then_place_in_recep,3,2,0.005260684784800315
128,late,pick_clean_then_place_in_recep,6,1,0.026893840245934386
128,late,pick_clean_then_place_in_recep,6,2,0.026893840245934303
128,late,pick_clean_then_place_in_recep,6,3,0.01610491247017382
128,late,pick_cool_then_place_in_recep,6,1,0.03250358972496389
128,late,pick_cool_then_place_in_recep,6,2,0.032503589724963124
128,late,pick_cool_then_place_in_recep,6,3,0.01803668286900001
128,late,pick_cool_then_place_in_recep,6,1,0.026186055650718104
128,late,pick_cool_then_place_in_recep,6,2,0.018036682868999347
128,late,pick_cool_then_place_in_recep,6,3,0.014990685891400533
128,late,pick_heat_then_place_in_recep,6,1,0.022880760967316255
128,late,pick_heat_then_place_in_recep,6,2,0.02288076096731626
128,late,pick_heat_then_place_in_recep,6,3,0.022880760967316262
128,late,pick_clean_then_place_in_recep,5,1,0.12494480880519437
128,late,pick_clean_then_place_in_recep,5,2,0.0947955030362711
128,late,pick_clean_then_place_in_recep,5,3,0.03294357622886332
128,late,pick_heat_then_place_in_recep,5,1,0.09027734982187315
128,late,pick_heat_then_place_in_recep,5,2,0.03904129125741475
128,late,pick_heat_then_place_in_recep,5,3,0.0063375112152936775
128,late,pick_two_obj_and_place,6,1,0.05357031031413315
128,late,pick_two_obj_and_place,6,2,0.05357031031413327
128,late,pick_two_obj_and_place,6,3,0.04549273225745066
128,late,pick_clean_then_place_in_recep,6,1,0.026893840245934386
128,late,pick_clean_then_place_in_recep,6,2,0.021361665961366336
128,late,pick_clean_then_place_in_recep,6,3,0.015387954430681647
128,late,pick_cool_then_place_in_recep,6,1,0.03250358972496344
128,late,pick_cool_then_place_in_recep,6,2,0.025775697421958295
128,late,pick_cool_then_place_in_recep,6,3,0.016776061538829004
128,late,pick_clean_then_place_in_recep,4,1,0.01582275527844442
128,late,pick_clean_then_place_in_recep,4,2,0.011313151809213244
129,late,pick_heat_then_place_in_recep,5,1,0.022730244217514763
129,late,pick_heat_then_place_in_recep,5,2,0.01318777361603459
129,late,pick_heat_then_place_in_recep,5,3,0.006360933237011277
129,late,pick_two_obj_and_place,6,1,0.11783784940328032
129,late,pick_two_obj_and_place,6,2,0.05506432626336283
129,late,pick_two_obj_and_place,6,3,0.026739362645002953
129,late,pick_heat_then_place_in_recep,5,1,0.022730244217514763
129,late,pick_heat_then_place_in_recep,5,2,0.013187773616034588
129,late,pick_heat_then_place_in_recep,5,3,0.006360933237011278
129,late,pick_two_obj_and_place,6,1,0.11783784940328032
129,late,pick_two_obj_and_place,6,2,0.11783784940328022
129,late,pick_two_obj_and_place,6,3,0.08336619320205993
129,late,pick_two_obj_and_place,6,1,0.050919558838481316
129,late,pick_two_obj_and_place,6,2,0.041389084732717255
129,late,pick_two_obj_and_place,6,3,0.026739675528713643
129,late,look_at_obj_in_light,6,1,0.12017332189596355
129,late,look_at_obj_in_light,6,2,0.12017332189596307
129,late,look_at_obj_in_light,6,3,0.10552397416970688
129,late,pick_cool_then_place_in_recep,6,1,0.0287292477304225
129,late,pick_cool_then_place_in_recep,6,2,0.02241965263774607
129,late,pick_cool_then_place_in_recep,6,3,0.014636248356351255
129,late,pick_heat_then_place_in_recep,6,1,0.025884737878635676
129,late,pick_heat_then_place_in_recep,6,2,0.025884737878635846
129,late,pick_heat_then_place_in_recep,6,3,0.02588473787863596
129,late,pick_two_obj_and_place,5,1,0.035073033236177664
129,late,pick_two_obj_and_place,5,2,0.0238313597482899
129,late,pick_two_obj_and_place,5,3,0.00707268901009744
130,late,pick_two_obj_and_place,5,1,0.057371000451143114
130,late,pick_two_obj_and_place,5,2,0.03206742488959147
130,late,pick_two_obj_and_place,5,3,0.013436377227121632
130,late,pick_cool_then_place_in_recep,6,1,0.02742555573028662
130,late,pick_cool_then_place_in_recep,6,2,0.027425555730284795
130,late,pick_cool_then_place_in_recep,6,3,0.022109483917018134
130,late,pick_clean_then_place_in_recep,4,1,0.05415943105066702
130,late,pick_clean_then_place_in_recep,4,2,0.02482945102397173
130,late,pick_heat_then_place_in_recep,5,1,0.02007588939926625
130,late,pick_heat_then_place_in_recep,5,2,0.020075889399265485
130,late,pick_heat_then_place_in_recep,5,3,0.005938632652626103
130,late,pick_two_obj_and_place,5,1,0.1080101725461021
130,late,pick_two_obj_and_place,5,2,0.10801017254610178
130,late,pick_two_obj_and_place,5,3,0.054005086273050895
130,late,pick_clean_then_place_in_recep,5,1,0.12322114171179963
130,late,pick_clean_then_place_in_recep,5,2,0.04469094735258134
130,late,pick_clean_then_place_in_recep,5,3,0.010408853609670738
130,late,pick_two_obj_and_place,5,1,0.10801017254610229
130,late,pick_two_obj_and_place,5,2,0.10801017254610189
130,late,pick_two_obj_and_place,5,3,0.05400508627305085
130,late,pick_cool_then_place_in_recep,6,1,0.027425555730284847
130,late,pick_cool_then_place_in_recep,6,2,0.022067655621098504
130,late,pick_cool_then_place_in_recep,6,3,0.015414402836547901
130,late,pick_heat_then_place_in_recep,5,1,0.02007588939926629
130,late,pick_heat_then_place_in_recep,5,2,0.011518647873889329
130,late,pick_heat_then_place_in_recep,5,3,0.005759323936945422
130,late,pick_two_obj_and_place,5,1,0.03942757793616575
130,late,pick_two_obj_and_place,5,2,0.027446111184474743
130,late,pick_two_obj_and_place,5,3,0.008095701120339345
130,late,pick_heat_then_place_in_recep,5,1,0.02007588939926625
130,late,pick_heat_then_place_in_recep,5,2,0.011697956589570822
130,late,pick_heat_then_place_in_recep,5,3,0.00575932393694465
130,late,pick_heat_then_place_in_recep,6,1,0.02293310163812257
130,late,pick_heat_then_place_in_recep,6,2,0.022933101638122535
130,late,pick_heat_then_place_in_recep,6,3,0.01799816252627414
131,late,pick_cool_then_place_in_recep,6,1,0.025183397856156413
131,late,pick_cool_then_place_in_recep,6,2,0.025183397856155552
131,late,pick_cool_then_place_in_recep,6,3,0.015082192155675838
131,late,pick_cool_then_place_in_recep,6,1,0.11275319865534442
131,late,pick_cool_then_place_in_recep,6,2,0.11275319865534429
131,late,pick_cool_then_place_in_recep,6,3,0.11275319865534418
131,late,pick_cool_then_place_in_recep,6,1,0.12476850572196549
131,late,pick_cool_then_place_in_recep,6,2,0.07638533978887664
131,late,pick_cool_then_place_in_recep,6,3,0.06281622504817744
131,late,pick_clean_then_place_in_recep,6,1,0.032363444812584435
131,late,pick_clean_then_place_in_recep,6,2,0.0179479997579458
131,late,pick_clean_then_place_in_recep,6,3,0.012997467822430123
131,late,pick_two_obj_and_place,5,1,0.028135857357708273
131,late,pick_two_obj_and_place,5,2,0.0203069830431702
131,late,pick_two_obj_and_place,5,3,0.007514714239744623
131,late,pick_two_obj_and_place,4,1,0.08029893017846688
131,late,pick_two_obj_and_place,4,2,0.026286247736287023
131,late,pick_cool_then_place_in_recep,6,1,0.025183397856155573
131,late,pick_cool_then_place_in_recep,6,2,0.025183397856155667
131,late,pick_cool_then_place_in_recep,6,3,0.019722232188563775
131,late,pick_clean_then_place_in_recep,6,1,0.02516483388790882
131,late,pick_clean_then_place_in_recep,6,2,0.01846700418979054
131,late,pick_clean_then_place_in_recep,6,3,0.010873873943963438
131,late,pick_two_obj_and_place,5,1,0.11470607572993818
131,late,pick_two_obj_and_place,5,2,0.11470607572993757
131,late,pick_two_obj_and_place,5,3,0.05348937060107201
131,late,pick_two_obj_and_place,5,1,0.06610582518470123
131,late,pick_two_obj_and_place,5,2,0.06610582518469964
131,late,pick_two_obj_and_place,5,3,0.03305291259234922
132,late,pick_and_place,6,1,0.12114440948864133
132,late,pick_and_place,6,2,0.12114440948864008
132,late,pick_and_place,6,3,0.12114440948864011
132,late,pick_clean_then_place_in_recep,3,1,0.016225539316031105
132,late,pick_clean_then_place_in_recep,3,2,0.0059743736338982965
132,late,pick_cool_then_place_in_recep,5,1,0.02534726113479094
132,late,pick_cool_then_place_in_recep,5,2,0.015090794151173861
132,late,pick_cool_then_place_in_recep,5,3,0.00560222788406443
132,late,pick_cool_then_place_in_recep,5,1,0.032606264930198664
132,late,pick_cool_then_place_in_recep,5,2,0.01859733758064976
132,late,pick_cool_then_place_in_recep,5,3,0.00904412866969162
132,late,pick_two_obj_and_place,5,1,0.11641904007408096
132,late,pick_two_obj_and_place,5,2,0.11422577685853351
132,late,pick_two_obj_and_place,5,3,0.04732403210341036
132,late,pick_clean_then_place_in_recep,6,1,0.027879886222063284
132,late,pick_clean_then_place_in_recep,6,2,0.027879886222064144
132,late,pick_clean_then_place_in_recep,6,3,0.02787988622206417
132,late,look_at_obj_in_light,6,1,0.020496100966257234
132,late,look_at_obj_in_light,6,2,0.020496100966256793
132,late,look_at_obj_in_light,6,3,0.012121742822500335
132,late,pick_heat_then_place_in_recep,5,1,0.12439524489232974
132,late,pick_heat_then_place_in_recep,5,2,0.12439524489232953
132,late,pick_heat_then_place_in_recep,5,3,0.03153143317233132
132,late,pick_clean_then_place_in_recep,4,1,0.022242532485110333
132,late,pick_clean_then_place_in_recep,4,2,0.012806253555266026
132,late,pick_cool_then_place_in_recep,5,1,0.0326062649301996
132,late,pick_cool_then_place_in_recep,5,2,0.032606264930197866
132,late,pick_cool_then_place_in_recep,5,3,0.01630313246509893
132,late,pick_heat_then_place_in_recep,6,1,0.020072102755485807
132,late,pick_heat_then_place_in_recep,6,2,0.02007210275548562
132,late,pick_heat_then_place_in_recep,6,3,0.011874743572850963
133,late,pick_cool_then_place_in_recep,6,1,0.031517550295503606
133,late,pick_cool_then_place_in_recep,6,2,0.0175226755919983
133,late,pick_cool_then_place_in_recep,6,3,0.012921979849146692
133,late,pick_cool_then_place_in_recep,6,1,0.031517550295503606
133,late,pick_cool_then_place_in_recep,6,2,0.031517550295503495
133,late,pick_cool_then_place_in_recep,6,3,0.018011875834002523
133,late,pick_cool_then_place_in_recep,6,1,0.031517550295503606
133,late,pick_cool_then_place_in_recep,6,2,0.031517550295503495
133,late,pick_cool_then_place_in_recep,6,3,0.018868848320016864
133,late,look_at_obj_in_light,6,1,0.020167777181983846
133,late,look_at_obj_in_light,6,2,0.011749771077249562
133,late,look_at_obj_in_light,6,3,0.011704509209889764
133,late,pick_cool_then_place_in_recep,3,1,0.01643831691713321
133,late,pick_cool_then_place_in_recep,3,2,0.006051327497193129
133,late,pick_two_obj_and_place,5,1,0.05186379445626208
133,late,pick_two_obj_and_place,5,2,0.031508256525255296
133,late,pick_two_obj_and_place,5,3,0.017020507667887996
133,late,pick_clean_then_place_in_recep,6,1,0.021663813249468013
133,late,pick_clean_then_place_in_recep,6,2,0.017022044554994502
133,late,pick_clean_then_place_in_recep,6,3,0.012365649933080041
133,late,pick_two_obj_and_place,5,1,0.09816905209699324
133,late,pick_two_obj_and_place,5,2,0.098169052096993
133,late,pick_two_obj_and_place,5,3,0.04908452604849645
133,late,pick_two_obj_and_place,5,1,0.027382913095531418
133,late,pick_two_obj_and_place,5,2,0.017473100029131036
133,late,pick_two_obj_and_place,5,3,0.009060620460673697
134,late,pick_two_obj_and_place,5,1,0.12282197080941322
134,late,pick_two_obj_and_place,5,2,0.12282197080941298
134,late,pick_two_obj_and_place,5,3,0.061410985404706436
134,late,pick_two_obj_and_place,5,1,0.10604426674499089
134,late,pick_two_obj_and_place,5,2,0.06756005027433509
134,late,pick_two_obj_and_place,5,3,0.022209437496366558
134,late,pick_heat_then_place_in_recep,4,1,0.01470775236401276
134,late,pick_heat_then_place_in_recep,4,2,0.014707752364012701
134,late,pick_heat_then_place_in_recep,3,1,0.013192555832704093
134,late,pick_heat_then_place_in_recep,3,2,0.006596277916352037
134,late,pick_two_obj_and_place,5,1,0.06346228777066248
134,late,pick_two_obj_and_place,5,2,0.04743167732623191
134,late,pick_two_obj_and_place,5,3,0.015946104340500283
134,late,pick_two_obj_and_place,5,1,0.09786090442527645
134,late,pick_two_obj_and_place,5,2,0.09786090442527623
134,late,pick_two_obj_and_place,5,3,0.04893045221263804
134,late,pick_cool_then_place_in_recep,4,1,0.019414729204473843
134,late,pick_cool_then_place_in_recep,4,2,0.010992620355841632
134,late,pick_two_obj_and_place,5,1,0.06346228777066325
134,late,pick_two_obj_and_place,5,2,0.03140106688180111
134,late,pick_two_obj_and_place,5,3,0.015700533440900943
134,late,pick_cool_then_place_in_recep,5,1,0.12470663619774214
134,late,pick_cool_then_place_in_recep,5,2,0.1247066361977423
134,late,pick_cool_then_place_in_recep,5,3,0.06235331809887108
134,late,pick_two_obj_and_place,5,1,0.06346228777066173
134,late,pick_two_obj_and_place,5,2,0.06346228777066173
134,late,pick_two_obj_and_place,5,3,0.031731143885331485
134,late,look_at_obj_in_light,6,1,0.01986339035246284
134,late,look_at_obj_in_light,6,2,0.019863390352462373
134,late,look_at_obj_in_light,6,3,0.011577659678387394
135,late,pick_heat_then_place_in_recep,4,1,0.011186960735099496
135,late,pick_heat_then_place_in_recep,4,2,0.011186960735099463
135,late,pick_cool_then_place_in_recep,4,1,0.016920674414983714
135,late,pick_cool_then_place_in_recep,4,2,0.011968829530041586
135,late,pick_clean_then_place_in_recep,3,1,0.011672643359033131
135,late,pick_clean_then_place_in_recep,3,2,0.0058363216795165596
135,late,pick_heat_then_place_in_recep,5,1,0.01239916607975973
135,late,pick_heat_then_place_in_recep,5,2,0.012399166079758888
135,late,pick_heat_then_place_in_recep,5,3,0.006199583039879433
135,late,pick_two_obj_and_place,5,1,0.059831751748963664
135,late,pick_two_obj_and_place,5,2,0.059831751748963644
135,late,pick_two_obj_and_place,5,3,0.018896623690116084
135,late,pick_two_obj_and_place,5,1,0.09036033233562692
135,late,pick_two_obj_and_place,5,2,0.08693272786806006
135,late,pick_two_obj_and_place,5,3,0.04142986924989002
135,late,look_at_obj_in_light,4,1,0.12208853259807051
135,late,look_at_obj_in_light,4,2,0.11287136010951918
135,late,look_at_obj_in_light,6,1,0.01958708044681548
135,late,look_at_obj_in_light,6,2,0.019587080446815026
135,late,look_at_obj_in_light,6,3,0.011421653527378268
136,late,pick_cool_then_place_in_recep,5,1,0.02199227794598939
136,late,pick_cool_then_place_in_recep,5,2,0.012552311977666101
136,late,pick_cool_then_place_in_recep,5,3,0.00605848385232248
136,late,look_at_obj_in_light,5,1,0.12493370485864125
136,late,look_at_obj_in_light,5,2,0.06553988750441553
136,late,look_at_obj_in_light,5,3,0.01569569285307813
136,late,pick_clean_then_place_in_recep,6,1,0.12496542557388197
136,late,pick_clean_then_place_in_recep,6,2,0.12496542557388238
136,late,pick_clean_then_place_in_recep,6,3,0.12496542557388202
136,late,pick_cool_then_place_in_recep,4,1,0.019201518277694025
136,late,pick_cool_then_place_in_recep,4,2,0.011666855497854746
136,late,pick_and_place,6,1,0.059617670331063626
136,late,pick_and_place,6,2,0.029231868901938893
136,late,pick_and_place,6,3,0.021018938529973795
136,late,pick_cool_then_place_in_recep,6,1,0.025728846823367395
136,late,pick_cool_then_place_in_recep,6,2,0.020137688761983
136,late,pick_cool_then_place_in_recep,6,3,0.013362441884298524
136,late,pick_cool_then_place_in_recep,4,1,0.01920151827769232
136,late,pick_cool_then_place_in_recep,4,2,0.015121175013133713
136,late,pick_heat_then_place_in_recep,5,1,0.010844949198746245
136,late,pick_heat_then_place_in_recep,5,2,0.010844949198747863
136,late,pick_heat_then_place_in_recep,5,3,0.005422474599371636
137,late,pick_two_obj_and_place,5,1,0.053551978279318985
137,late,pick_two_obj_and_place,5,2,0.05355197827931893
137,late,pick_two_obj_and_place,5,3,0.016798528260157514
137,late,pick_two_obj_and_place,5,1,0.053551978279318985
137,late,pick_two_obj_and_place,5,2,0.05355197827931893
137,late,pick_two_obj_and_place,5,3,0.013833576488938973
137,late,pick_two_obj_and_place,5,1,0.1016267150776623
137,late,pick_two_obj_and_place,5,2,0.1016267150776621
137,late,pick_two_obj_and_place,5,3,0.05081335753883101
137,late,pick_two_obj_and_place,4,1,0.03675889879837218
137,late,pick_two_obj_and_place,4,2,0.026306329461943858
137,late,pick_two_obj_and_place,5,1,0.05355197827931821
137,late,pick_two_obj_and_place,5,2,0.05355197827931884
137,late,pick_two_obj_and_place,5,3,0.015412344657851382
137,late,pick_heat_then_place_in_recep,6,1,0.011286282872766482
137,late,pick_heat_then_place_in_recep,6,2,0.011286282872766479
137,late,pick_heat_then_place_in_recep,6,3,0.011286282872766366
137,late,pick_two_obj_and_place,5,1,0.04060956562859852
137,late,pick_two_obj_and_place,5,2,0.029245921146790428
137,late,pick_two_obj_and_place,5,3,0.007838586173692241
137,late,pick_two_obj_and_place,5,1,0.0535519782793183
137,late,pick_two_obj_and_place,5,2,0.040609565628598306
137,late,pick_two_obj_and_place,5,3,0.013833576488938997
138,late,pick_cool_then_place_in_recep,6,1,0.12257703213453569
138,late,pick_cool_then_place_in_recep,6,2,0.12257703213453583
138,late,pick_cool_then_place_in_recep,6,3,0.12257703213453555
138,late,pick_cool_then_place_in_recep,3,1,0.01196057720807947
138,late,pick_cool_then_place_in_recep,3,2,0.005980288604039731
138,late,pick_cool_then_place_in_recep,5,1,0.05209671115608641
138,late,pick_cool_then_place_in_recep,5,2,0.04220088027780183
138,late,pick_cool_then_place_in_recep,5,3,0.013529234910816156
138,late,pick_two_obj_and_place,6,1,0.05353060810409021
138,late,pick_two_obj_and_place,6,2,0.04217180093856178
138,late,pick_two_obj_and_place,6,3,0.02765846724141661
138,late,pick_two_obj_and_place,5,1,0.03688005601179667
138,late,pick_two_obj_and_place,5,2,0.026387277436238248
138,late,pick_two_obj_and_place,5,3,0.0131540918541053
138,late,pick_clean_then_place_in_recep,6,1,0.12498716809156835
138,late,pick_clean_then_place_in_recep,6,2,0.12498716809156826
138,late,pick_clean_then_place_in_recep,6,3,0.12498716809156815
138,late,pick_cool_then_place_in_recep,3,1,0.01196057720807947
138,late,pick_cool_then_place_in_recep,3,2,0.005980288604038082
138,late,pick_two_obj_and_place,6,1,0.05353060810409021
138,late,pick_two_obj_and_place,6,2,0.0535306081040894
138,late,pick_two_obj_and_place,6,3,0.02923573050722464
139,late,pick_clean_then_place_in_recep,6,1,0.02092918723906221
139,late,pick_clean_then_place_in_recep,6,2,0.016651733134025033
139,late,pick_clean_then_place_in_recep,6,3,0.011458112456735019
139,late,look_at_obj_in_light,5,1,0.021033683825735724
139,late,look_at_obj_in_light,5,2,0.021033683825734895
139,late,look_at_obj_in_light,5,3,0.00601965640315415
139,late,pick_clean_then_place_in_recep,6,1,0.12477851690500934
139,late,pick_clean_then_place_in_recep,6,2,0.12477851690500918
139,late,pick_clean_then_place_in_recep,6,3,0.12477851690500952
139,late,pick_clean_then_place_in_recep,6,1,0.12477851690500934
139,late,pick_clean_then_place_in_recep,6,2,0.12477851690500963
139,late,pick_clean_then_place_in_recep,6,3,0.12477851690500953
139,late,pick_two_obj_and_place,5,1,0.022919678936174737
139,late,pick_two_obj_and_place,5,2,0.01924170990041306
139,late,pick_two_obj_and_place,5,3,0.006750567374816375
139,late,pick_heat_then_place_in_recep,6,1,0.09018214936182323
139,late,pick_heat_then_place_in_recep,6,2,0.05335706781473513
139,late,pick_heat_then_place_in_recep,6,3,0.02431733877374262
139,late,pick_two_obj_and_place,4,1,0.028903834309205925
139,late,pick_two_obj_and_place,4,2,0.012588787665210703
139,late,look_at_obj_in_light,6,1,0.11074509038909153
139,late,look_at_obj_in_light,6,2,0.11074509038909149
139,late,look_at_obj_in_light,6,3,0.11074509038909142
139,late,pick_two_obj_and_place,5,1,0.04262816019024928
139,late,pick_two_obj_and_place,5,2,0.03277391956321256
139,late,pick_two_obj_and_place,5,3,0.011459839468086234
139,late,pick_two_obj_and_place,5,1,0.04262816019025016
139,late,pick_two_obj_and_place,5,2,0.034541475013455364
139,late,pick_two_obj_and_place,5,3,0.011547122326321
139,late,pick_two_obj_and_place,6,1,0.11811900398833147
139,late,pick_two_obj_and_place,6,2,0.11811900398833122
139,late,pick_two_obj_and_place,6,3,0.11811900398833097
140,late,pick_clean_then_place_in_recep,6,1,0.12403385205789273
140,late,pick_clean_then_place_in_recep,6,2,0.12403385205789211
140,late,pick_clean_then_place_in_recep,6,3,0.1240338520578915
140,late,pick_clean_then_place_in_recep,6,1,0.03103413075335655
140,late,pick_clean_then_place_in_recep,6,2,0.017294240078255557
140,late,pick_clean_then_place_in_recep,6,3,0.01715101130267891
140,late,pick_cool_then_place_in_recep,6,1,0.02740853354799066
140,late,pick_cool_then_place_in_recep,6,2,0.027408533547992157
140,late,pick_cool_then_place_in_recep,6,3,0.027408533547992317
140,late,pick_clean_then_place_in_recep,6,1,0.12403385205789273
140,late,pick_clean_then_place_in_recep,6,2,0.12403385205789207
140,late,pick_clean_then_place_in_recep,6,3,0.11815185122239401
140,late,pick_two_obj_and_place,6,1,0.09660652397045512
140,late,pick_two_obj_and_place,6,2,0.08624973209523931
140,late,pick_two_obj_and_place,6,3,0.049021433406203276
140,late,pick_two_obj_and_place,6,1,0.045161870547512556
140,late,pick_two_obj_and_place,6,2,0.025131504075714288
140,late,pick_two_obj_and_place,6,3,0.023720552616333556
140,late,pick_clean_then_place_in_recep,6,1,0.03103413075335655
140,late,pick_clean_then_place_in_recep,6,2,0.024161643729257623
140,late,pick_clean_then_place_in_recep,6,3,0.015571965217014299
140,late,pick_two_obj_and_place,6,1,0.04516187054751176
140,late,pick_two_obj_and_place,6,2,0.0451618705475117
140,late,pick_two_obj_and_place,6,3,0.04516187054751164
140,late,pick_heat_then_place_in_recep,4,1,0.011179571634915342
140,late,pick_heat_then_place_in_recep,4,2,0.011179571634913583
140,late,pick_two_obj_and_place,6,1,0.12484604733250015
140,late,pick_two_obj_and_place,6,2,0.11031642228412201
140,late,pick_two_obj_and_place,6,3,0.05174026309921822
140,late,pick_clean_then_place_in_recep,6,1,0.031034130753356606
140,late,pick_clean_then_place_in_recep,6,2,0.0169885587385914
140,late,pick_clean_then_place_in_recep,6,3,0.011450561390149234
141,late,pick_two_obj_and_place,6,1,0.04687792758104899
141,late,pick_two_obj_and_place,6,2,0.037011423755759436
141,late,pick_two_obj_and_place,6,3,0.02477309312117242
141,late,pick_two_obj_and_place,6,1,0.11856910417710664
141,late,pick_two_obj_and_place,6,2,0.1185691041771062
141,late,pick_two_obj_and_place,6,3,0.11856910417710606
141,late,pick_clean_then_place_in_recep,5,1,0.03660696289536607
141,late,pick_clean_then_place_in_recep,5,2,0.020723996625869042
141,late,pick_clean_then_place_in_recep,5,3,0.009792230838845438
141,late,look_at_obj_in_light,3,1,0.0162225404806247
141,late,look_at_obj_in_light,3,2,0.005909204869330616
141,late,pick_clean_then_place_in_recep,6,1,0.040349510088776665
141,late,pick_clean_then_place_in_recep,6,2,0.021819926030508724
141,late,pick_clean_then_place_in_recep,6,3,0.015162219591100394
141,late,pick_clean_then_place_in_recep,6,1,0.040349510088776665
141,late,pick_clean_then_place_in_recep,6,2,0.021819926030508724
141,late,pick_clean_then_place_in_recep,6,3,0.015471298277919635
141,late,pick_two_obj_and_place,6,1,0.11856910417710664
141,late,pick_two_obj_and_place,6,2,0.11856910417710631
141,late,pick_two_obj_and_place,6,3,0.11856910417710613
141,late,pick_heat_then_place_in_recep,6,1,0.010492744030149765
141,late,pick_heat_then_place_in_recep,6,2,0.010492744030148908
141,late,pick_heat_then_place_in_recep,6,3,0.0104927440301497
141,late,pick_two_obj_and_place,6,1,0.04687792758104899
141,late,pick_two_obj_and_place,6,2,0.025990811692715797
141,late,pick_two_obj_and_place,6,3,0.018276439714314013
142,late,pick_two_obj_and_place,5,1,0.049518972288186004
142,late,pick_two_obj_and_place,5,2,0.049518972288185206
142,late,pick_two_obj_and_place,5,3,0.02475948614409254
142,late,look_at_obj_in_light,5,1,0.02436211020226215
142,late,look_at_obj_in_light,5,2,0.01381862370217639
142,late,look_at_obj_in_light,5,3,0.006639240332457829
142,late,look_at_obj_in_light,5,1,0.06283480389724237
142,late,look_at_obj_in_light,5,2,0.034289243513260424
142,late,look_at_obj_in_light,5,3,0.017566150076373313
142,late,pick_cool_then_place_in_recep,6,1,0.024101574789598228
142,late,pick_cool_then_place_in_recep,6,2,0.024101574789597322
142,late,pick_cool_then_place_in_recep,6,3,0.013685996468076783
142,late,pick_cool_then_place_in_recep,6,1,0.12145415554303654
142,late,pick_cool_then_place_in_recep,6,2,0.12145415554303633
142,late,pick_cool_then_place_in_recep,6,3,0.12145415554303612
142,late,pick_two_obj_and_place,5,1,0.10786997956163227
142,late,pick_two_obj_and_place,5,2,0.10786997956163198
142,late,pick_two_obj_and_place,5,3,0.053934989780815845
142,late,pick_two_obj_and_place,5,1,0.04951897228818504
142,late,pick_two_obj_and_place,5,2,0.029625325439109503
142,late,pick_two_obj_and_place,5,3,0.013282681708991483
142,late,look_at_obj_in_light,5,1,0.02436211020226215
142,late,look_at_obj_in_light,5,2,0.019093975175014027
142,late,look_at_obj_in_light,5,3,0.007202771733058351
142,late,pick_clean_then_place_in_recep,6,1,0.12219796527438351
142,late,pick_clean_then_place_in_recep,6,2,0.12219796527438312
142,late,pick_clean_then_place_in_recep,6,3,0.12219796527438287
143,late,pick_clean_then_place_in_recep,6,1,0.042567468385436825
143,late,pick_clean_then_place_in_recep,6,2,0.022861910862596577
143,late,pick_clean_then_place_in_recep,6,3,0.019602744506271287
143,late,pick_clean_then_place_in_recep,6,1,0.042567468385436825
143,late,pick_clean_then_place_in_recep,6,2,0.035153924799698096
143,late,pick_clean_then_place_in_recep,6,3,0.0230472559150994
143,late,pick_clean_then_place_in_recep,4,1,0.020850276164704837
143,late,pick_clean_then_place_in_recep,4,2,0.012366455940638075
143,late,pick_two_obj_and_place,5,1,0.051979526504330596
143,late,pick_two_obj_and_place,5,2,0.05197952650433049
143,late,pick_two_obj_and_place,5,3,0.025989763252165225
143,late,pick_cool_then_place_in_recep,5,1,0.025408713268164157
143,late,pick_cool_then_place_in_recep,5,2,0.014380080656988321
143,late,pick_cool_then_place_in_recep,5,3,0.0074121345910234905
143,late,pick_cool_then_place_in_recep,5,1,0.025408713268163737
143,late,pick_cool_then_place_in_recep,5,2,0.02019052264594914
143,late,pick_cool_then_place_in_recep,5,3,0.007190040328493796
143,late,pick_cool_then_place_in_recep,6,1,0.028817233895551204
143,late,pick_cool_then_place_in_recep,6,2,0.02248632944732522
143,late,pick_cool_then_place_in_recep,6,3,0.014672655488486952
143,late,pick_clean_then_place_in_recep,5,1,0.020670059806784873
143,late,pick_clean_then_place_in_recep,5,2,0.013435504262625885
143,late,pick_clean_then_place_in_recep,5,3,0.006081729858271595
143,late,pick_two_obj_and_place,5,1,0.05197952650433139
143,late,pick_two_obj_and_place,5,2,0.031095949454006552
143,late,pick_two_obj_and_place,5,3,0.013510672100837184
143,late,pick_heat_then_place_in_recep,6,1,0.1249354256765389
143,late,pick_heat_then_place_in_recep,6,2,0.12493542567653881
143,late,pick_heat_then_place_in_recep,6,3,0.12493542567653827
144,late,pick_two_obj_and_place,5,1,0.12477940635936824
144,late,pick_two_obj_and_place,5,2,0.12477940635936752
144,late,pick_two_obj_and_place,5,3,0.06194742311243301
144,late,pick_clean_then_place_in_recep,6,1,0.033224296816134355
144,late,pick_clean_then_place_in_recep,6,2,0.019888878780469757
144,late,pick_clean_then_place_in_recep,6,3,0.015080136288385825
144,late,pick_heat_then_place_in_recep,6,1,0.12494567767959455
144,late,pick_heat_then_place_in_recep,6,2,0.12494567767959362
144,late,pick_heat_then_place_in_recep,6,3,0.12494567767959328
144,late,look_at_obj_in_light,6,1,0.1122040411497307
144,late,look_at_obj_in_light,6,2,0.11220404114973058
144,late,look_at_obj_in_light,6,3,0.11220404114973045
144,late,pick_and_place,6,1,0.05328751514646385
144,late,pick_and_place,6,2,0.021005767905900988
144,late,pick_and_place,6,3,0.009711300703104053
144,late,pick_clean_then_place_in_recep,4,1,0.021054783430816806
144,late,pick_clean_then_place_in_recep,4,2,0.015016095826022955
144,late,pick_cool_then_place_in_recep,6,1,0.022897522662353217
144,late,pick_cool_then_place_in_recep,6,2,0.017970838424425446
144,late,pick_cool_then_place_in_recep,6,3,0.013196950585810597
144,late,pick_clean_then_place_in_recep,5,1,0.05961416053811086
144,late,pick_clean_then_place_in_recep,5,2,0.059614160538111194
144,late,pick_clean_then_place_in_recep,5,3,0.029807080269055854
144,late,pick_cool_then_place_in_recep,5,1,0.020358869247745746
144,late,pick_cool_then_place_in_recep,5,2,0.011857471099495956
144,late,pick_cool_then_place_in_recep,5,3,0.00574418472092688
144,late,pick_cool_then_place_in_recep,6,1,0.12340392447375423
144,late,pick_cool_then_place_in_recep,6,2,0.12340392447375415
144,late,pick_cool_then_place_in_recep,6,3,0.12340392447375377
145,late,pick_cool_then_place_in_recep,3,1,0.014430432265839154
145,late,pick_cool_then_place_in_recep,3,2,0.005211360633508534
145,late,pick_two_obj_and_place,4,1,0.030276361235875064
145,late,pick_two_obj_and_place,4,2,0.013050556653002027
145,late,pick_clean_then_place_in_recep,5,1,0.02602358914706275
145,late,pick_clean_then_place_in_recep,5,2,0.015584584990853006
145,late,pick_clean_then_place_in_recep,5,3,0.007230589076256645
145,late,pick_heat_then_place_in_recep,6,1,0.021600114649871188
145,late,pick_heat_then_place_in_recep,6,2,0.017182356445443765
145,late,pick_heat_then_place_in_recep,6,3,0.01178724549648712
145,late,pick_two_obj_and_place,5,1,0.04557335317594668
145,late,pick_two_obj_and_place,5,2,0.02533834611080045
145,late,pick_two_obj_and_place,5,3,0.012128617842902964
145,late,pick_clean_then_place_in_recep,6,1,0.12398711501476116
145,late,pick_clean_then_place_in_recep,6,2,0.12398711501476069
145,late,pick_clean_then_place_in_recep,6,3,0.12398711501476033
145,late,pick_clean_then_place_in_recep,6,1,0.12454451420287733
145,late,pick_clean_then_place_in_recep,6,2,0.12454451420287707
145,late,pick_clean_then_place_in_recep,6,3,0.10987839089771817
145,late,pick_two_obj_and_place,5,1,0.04557335317594587
145,late,pick_two_obj_and_place,5,2,0.04557335317594696
145,late,pick_two_obj_and_place,5,3,0.022786676587972995
145,late,look_at_obj_in_light,6,1,0.032421150602194866
145,late,look_at_obj_in_light,6,2,0.01900073657437428
145,late,look_at_obj_in_light,6,3,0.01799524435105657
145,late,pick_heat_then_place_in_recep,6,1,0.021600114649870765
145,late,pick_heat_then_place_in_recep,6,2,0.02160011464987243
145,late,pick_heat_then_place_in_recep,6,3,0.012555232098615447
145,late,pick_two_obj_and_place,5,1,0.12461819631231413
145,late,pick_two_obj_and_place,5,2,0.08696224324564697
145,late,pick_two_obj_and_place,5,3,0.021961276274847737
145,late,pick_two_obj_and_place,5,1,0.045573353175947476
145,late,pick_two_obj_and_place,5,2,0.04557335317594706
145,late,pick_two_obj_and_place,5,3,0.022786676587972947
146,late,pick_two_obj_and_place,6,1,0.12468225984062063
146,late,pick_two_obj_and_place,6,2,0.10110593789107701
146,late,pick_two_obj_and_place,6,3,0.08991210616788463
146,late,pick_two_obj_and_place,6,1,0.043556581658560314
146,late,pick_two_obj_and_place,6,2,0.023296214458630116
146,late,pick_two_obj_and_place,6,3,0.016102838981543112
146,late,pick_heat_then_place_in_recep,6,1,0.01914101572509841
146,late,pick_heat_then_place_in_recep,6,2,0.019141015725098375
146,late,pick_heat_then_place_in_recep,6,3,0.011007676211669419
146,late,pick_two_obj_and_place,6,1,0.04355658165855983
146,late,pick_two_obj_and_place,6,2,0.03345110193269121
146,late,pick_two_obj_and_place,6,3,0.024360768415851483
146,late,pick_and_place,4,1,0.058907506078031954
146,late,pick_and_place,4,2,0.03323026331278332
146,late,pick_clean_then_place_in_recep,6,1,0.12216526956187888
146,late,pick_clean_then_place_in_recep,6,2,0.12216526956187865
146,late,pick_clean_then_place_in_recep,6,3,0.12216526956187841
146,late,pick_cool_then_place_in_recep,6,1,0.020870972230404718
146,late,pick_cool_then_place_in_recep,6,2,0.020870972230403795
146,late,pick_cool_then_place_in_recep,6,3,0.020870972230403004
146,late,pick_clean_then_place_in_recep,4,1,0.024247929801287305
146,late,pick_clean_then_place_in_recep,4,2,0.013845728513392528
146,late,pick_cool_then_place_in_recep,6,1,0.020870972230402983
146,late,pick_cool_then_place_in_recep,6,2,0.020870972230403826
146,late,pick_cool_then_place_in_recep,6,3,0.013023608830722441
146,late,pick_two_obj_and_place,6,1,0.043556581658559905
146,late,pick_two_obj_and_place,6,2,0.04355658165856058
146,late,pick_two_obj_and_place,6,3,0.02334516299032978
147,late,pick_clean_then_place_in_recep,4,1,0.03301792416603487
147,late,pick_clean_then_place_in_recep,4,2,0.02565299382386189
147,late,pick_clean_then_place_in_recep,6,1,0.12020818761198675
147,late,pick_clean_then_place_in_recep,6,2,0.12020818761198641
147,late,pick_clean_then_place_in_recep,6,3,0.09934145487638557
147,late,pick_clean_then_place_in_recep,6,1,0.04084028133900448
147,late,pick_clean_then_place_in_recep,6,2,0.031456457645366795
147,late,pick_clean_then_place_in_recep,6,3,0.019123476660253182
147,late,look_at_obj_in_light,5,1,0.024857862072244035
147,late,look_at_obj_in_light,5,2,0.024857862072244424
147,late,look_at_obj_in_light,5,3,0.007326932682495502
147,late,look_at_obj_in_light,5,1,0.09876353363376593
147,late,look_at_obj_in_light,5,2,0.07257238004101287
147,late,look_at_obj_in_light,5,3,0.03628619002050643
147,late,pick_two_obj_and_place,6,1,0.11770040568681056
147,late,pick_two_obj_and_place,6,2,0.11770040568681048
147,late,pick_two_obj_and_place,6,3,0.11770040568681026
147,late,pick_clean_then_place_in_recep,6,1,0.04084028133900448
147,late,pick_clean_then_place_in_recep,6,2,0.031456457645366795
147,late,pick_clean_then_place_in_recep,6,3,0.01912347666025318
147,late,pick_two_obj_and_place,6,1,0.1177004056868105
147,late,pick_two_obj_and_place,6,2,0.1177004056868104
147,late,pick_two_obj_and_place,6,3,0.11770040568681024
147,late,pick_two_obj_and_place,6,1,0.04184028759061556
147,late,pick_two_obj_and_place,6,2,0.04184028759061565
147,late,pick_two_obj_and_place,6,3,0.02503712439421673
147,late,pick_heat_then_place_in_recep,3,1,0.011400598028347721
147,late,pick_heat_then_place_in_recep,3,2,0.00570029901417386
147,late,pick_two_obj_and_place,5,1,0.02860461028110295
147,late,pick_two_obj_and_place,5,2,0.0209138339110602
147,late,pick_two_obj_and_place,5,3,0.0068474364001656915
147,late,pick_two_obj_and_place,4,1,0.014773273581198029
147,late,pick_two_obj_and_place,4,2,0.011212095288173365
148,late,pick_clean_then_place_in_recep,6,1,0.039104248510711606
148,late,pick_clean_then_place_in_recep,6,2,0.03018628116645481
148,late,pick_clean_then_place_in_recep,6,3,0.02122321641493848
148,late,pick_two_obj_and_place,5,1,0.023422083716080896
148,late,pick_two_obj_and_place,5,2,0.018578303106408525
148,late,pick_two_obj_and_place,5,3,0.006860520288792232
148,late,pick_and_place,3,1,0.03147178744247906
148,late,pick_and_place,3,2,0.012421940602758016
148,late,pick_two_obj_and_place,6,1,0.049054623986726636
148,late,pick_two_obj_and_place,6,2,0.049054623986725276
148,late,pick_two_obj_and_place,6,3,0.037419832541171386
148,late,look_at_obj_in_light,5,1,0.12494470924111747
148,late,look_at_obj_in_light,5,2,0.10997665750501882
148,late,look_at_obj_in_light,5,3,0.01686481571536681
148,late,pick_clean_then_place_in_recep,6,1,0.039104248510711606
148,late,pick_clean_then_place_in_recep,6,2,0.02126831382219882
148,late,pick_clean_then_place_in_recep,6,3,0.020675466934963065
148,late,pick_two_obj_and_place,6,1,0.1167110099110022
148,late,pick_two_obj_and_place,6,2,0.11671100991100167
148,late,pick_two_obj_and_place,6,3,0.11671100991100145
148,late,pick_clean_then_place_in_recep,5,1,0.035225630432145764
148,late,pick_clean_then_place_in_recep,5,2,0.019390332203099884
148,late,pick_clean_then_place_in_recep,5,3,0.009678059525438315
148,late,pick_two_obj_and_place,6,1,0.04905462398672624
148,late,pick_two_obj_and_place,6,2,0.03740254669808598
148,late,pick_two_obj_and_place,6,3,0.021537415687647873
148,late,pick_clean_then_place_in_recep,4,1,0.0143634300492795
148,late,pick_clean_then_place_in_recep,4,2,0.010917779570201574
148,late,pick_clean_then_place_in_recep,6,1,0.039104248510711606
148,late,pick_clean_then_place_in_recep,6,2,0.039104248510711634
148,late,pick_clean_then_place_in_recep,6,3,0.02126056486610705
149,late,pick_two_obj_and_place,5,1,0.03566538920489527
149,late,pick_two_obj_and_place,5,2,0.026406992127094284
149,late,pick_two_obj_and_place,5,3,0.01180405618534426
149,late,pick_two_obj_and_place,5,1,0.044133032287122606
149,late,pick_two_obj_and_place,5,2,0.024612175251103367
149,late,pick_two_obj_and_place,5,3,0.01132124307096905
149,late,pick_two_obj_and_place,5,1,0.04413303228712181
149,late,pick_two_obj_and_place,5,2,0.03387057232890589
149,late,pick_two_obj_and_place,5,3,0.011804056185344988
149,late,pick_two_obj_and_place,5,1,0.04413303228712181
149,late,pick_two_obj_and_place,5,2,0.04413303228712183
149,late,pick_two_obj_and_place,5,3,0.011804056185344906
149,late,pick_clean_then_place_in_recep,6,1,0.12457059868391859
149,late,pick_clean_then_place_in_recep,6,2,0.11541987757971708
149,late,pick_clean_then_place_in_recep,6,3,0.07055858429041073
149,late,pick_cool_then_place_in_recep,6,1,0.08993040672662694
149,late,pick_cool_then_place_in_recep,6,2,0.0397683662678287
149,late,pick_cool_then_place_in_recep,6,3,0.025836545872412856
149,late,look_at_obj_in_light,6,1,0.031574112837504636
149,late,look_at_obj_in_light,6,2,0.03157411283750455
149,late,look_at_obj_in_light,6,3,0.025045418429930643
149,late,pick_clean_then_place_in_recep,5,1,0.12408145565319392
149,late,pick_clean_then_place_in_recep,5,2,0.044327721833045536
149,late,pick_clean_then_place_in_recep,5,3,0.012644949308258008
150,late,pick_two_obj_and_place,6,1,0.03723426185820602
150,late,pick_two_obj_and_place,6,2,0.03723426185820473
150,late,pick_two_obj_and_place,6,3,0.02168621702393693
150,late,pick_two_obj_and_place,6,1,0.09662637828883969
150,late,pick_two_obj_and_place,6,2,0.06825901360660067
150,late,pick_two_obj_and_place,6,3,0.03961107557085757
150,late,pick_heat_then_place_in_recep,4,1,0.011218549649280816
150,late,pick_heat_then_place_in_recep,4,2,0.011218549649280865
150,late,pick_clean_then_place_in_recep,4,1,0.12246494252716114
150,late,pick_clean_then_place_in_recep,4,2,0.09620874906855297
150,late,pick_heat_then_place_in_recep,4,1,0.011218549649279968
150,late,pick_heat_then_place_in_recep,4,2,0.01121854964927996
150,late,look_at_obj_in_light,4,1,0.017784101405237025
150,late,look_at_obj_in_light,4,2,0.010772759839325829
150,late,pick_two_obj_and_place,6,1,0.12191444670343488
150,late,pick_two_obj_and_place,6,2,0.12191444670343454
150,late,pick_two_obj_and_place,6,3,0.12191444670343438
150,late,pick_two_obj_and_place,6,1,0.03723426185820493
150,late,pick_two_obj_and_place,6,2,0.021053822068202915
150,late,pick_two_obj_and_place,6,3,0.015145450298809487
150,late,pick_two_obj_and_place,5,1,0.033472424535363345
150,late,pick_two_obj_and_place,5,2,0.018521744114273448
150,late,pick_two_obj_and_place,5,3,0.009242073061361614
